Document,Topic,Name,Representation
"this could be the biggest tariffrelated market mover over the next two weeks does the eu fold and go along with what ever trump wants

right now betting markets are nearly dead even at  ",-1,-1_the_and_trump_to,"['the', 'and', 'trump', 'to', 'tariff', 'is', 'of', 'in', 'he', 'for']"
 when is he going to win it as far as i see he won nothing we the people in the us are being slapped with a  tariff tax who is winning we are not winning at all its a  loss of everything we buy,-1,-1_the_and_trump_to,"['the', 'and', 'trump', 'to', 'tariff', 'is', 'of', 'in', 'he', 'for']"
it is our onus to stand against this financial tariff disaster icant help but think trump is listening to his own rhetoric on a tape in his head rather than hearing us when are we going to stop this madnessthe entire world is turning on us while laughing  buy a vowel trump,-1,-1_the_and_trump_to,"['the', 'and', 'trump', 'to', 'tariff', 'is', 'of', 'in', 'he', 'for']"
  beijing doesnt know what to talk about with the trumps tariff chinas exports to usa are daily necessities which are no longer produced in usa  billion is industrial intermediaries for us manufacturing industryless than  billion is from us company in china,-1,-1_the_and_trump_to,"['the', 'and', 'trump', 'to', 'tariff', 'is', 'of', 'in', 'he', 'for']"
"   and trumps tariffs are killing the market he has and continues to lie about who pays an import tariff
do you know who pays an import tariff the importer that cost then gets passed on down the supply chain ending at the consumer that is economics 
tariffs dont work",-1,-1_the_and_trump_to,"['the', 'and', 'trump', 'to', 'tariff', 'is', 'of', 'in', 'he', 'for']"
 because the average person dont understand about what is going on tariff are a good thing to stop countries like china and india from taking advantage of the us,0,0_us_they_countries_pay,"['us', 'they', 'countries', 'pay', 'you', 'we', 'other', 'them', 'the', 'if']"
   you dont know what our allies have been tariffing us so just stop i was never misled but tbf i didnt have to bother with politics until that dementia patient was in charge if you wanna root against him be my guest im optimistic thats just me idc if the tariff is shown,0,0_us_they_countries_pay,"['us', 'they', 'countries', 'pay', 'you', 'we', 'other', 'them', 'the', 'if']"
  i dont care why they did what they did ive seen their tariff numbers that they have had against us for decades we finally tariff them back and they completely melt down and decided trade war was better than negotiating a fair trade deal let em replace us in any way they see,0,0_us_they_countries_pay,"['us', 'they', 'countries', 'pay', 'you', 'we', 'other', 'them', 'the', 'if']"
Ê you have to be kidding do you have any idea how tariffs work tariff increase import price businesses will not eat the cost so pass it to consumers your consumers pay the extra you lose but the government collect the tax tariff from you countries allign with anyone but us,0,0_us_they_countries_pay,"['us', 'they', 'countries', 'pay', 'you', 'we', 'other', 'them', 'the', 'if']"
  must be one of the tariff nego points dorang kena settle ngan us right now,0,0_us_they_countries_pay,"['us', 'they', 'countries', 'pay', 'you', 'we', 'other', 'them', 'the', 'if']"
no us companies operating in china shifting production back to the us amid tariff pressure amcham  another one for your stupid lying face trump,1,1_china_chinese_chinas_us,"['china', 'chinese', 'chinas', 'us', 'goods', 'war', 'they', 'pay', 'the', 'is']"
    the us has gone mad trying to keep its hegemony trump knows he cant handle china be it in tariff hot or space wars chinas just giving a friendly reminder space is for all and china will fight for peace to safeguard humanity,1,1_china_chinese_chinas_us,"['china', 'chinese', 'chinas', 'us', 'goods', 'war', 'they', 'pay', 'the', 'is']"
china  doesnt buy us lng  but buys lng the us lng will go anywhere else spice flows natgas is tariffproof ,1,1_china_chinese_chinas_us,"['china', 'chinese', 'chinas', 'us', 'goods', 'war', 'they', 'pay', 'the', 'is']"
"      in this scenario you are assuming the end consumer is buying something directly from china there are usually businesses in between

businesses typically split tariff costs

hey  in general will us consumers have to pay the entire  tariff",1,1_china_chinese_chinas_us,"['china', 'chinese', 'chinas', 'us', 'goods', 'war', 'they', 'pay', 'the', 'is']"
china forget tariffs pay my citation and  tariff will will stay us wide across the board,1,1_china_chinese_chinas_us,"['china', 'chinese', 'chinas', 'us', 'goods', 'war', 'they', 'pay', 'the', 'is']"
"finance news stocks investing economy markets stockmarket family offices are moving money out of the us on tariff economic fears
",2,2_sampp_stock_stocks_nasdaq,"['sampp', 'stock', 'stocks', 'nasdaq', 'market', 'futures', 'markets', 'points', 'investors', 'rally']"
"bloodbath in stock markets
nifty down  points
sensex down  points
us tarrifs are showing their huge impact on global markets
be cautious while investing
ustariff 
trumptariffs ",2,2_sampp_stock_stocks_nasdaq,"['sampp', 'stock', 'stocks', 'nasdaq', 'market', 'futures', 'markets', 'points', 'investors', 'rally']"
stocks having their worst day since the trump covid shutdowns trumptaxday trumptariffs trumptariff,2,2_sampp_stock_stocks_nasdaq,"['sampp', 'stock', 'stocks', 'nasdaq', 'market', 'futures', 'markets', 'points', 'investors', 'rally']"
"   i mean those are just facts the dow would be at k had trump not unveiled a massive tariff strategy that included  on an island of penguins
inflation is going to hit again the next  months with price increases that are already happening because trump upended the economy ",2,2_sampp_stock_stocks_nasdaq,"['sampp', 'stock', 'stocks', 'nasdaq', 'market', 'futures', 'markets', 'points', 'investors', 'rally']"
president trump is still issuing tariff threats consumer spending is weakening and the mideast is in turmoil so why did the sampp  hit a record high friday  via ,2,2_sampp_stock_stocks_nasdaq,"['sampp', 'stock', 'stocks', 'nasdaq', 'market', 'futures', 'markets', 'points', 'investors', 'rally']"
 hi   thank you for the news about the stand off continues  beijing evaluating tariff negotiations warren buffett criticizes  felon trump trade amp tariff ,3,3_china_chinese_additional_trump,"['china', 'chinese', 'additional', 'trump', 'war', 'he', 'on', 'xi', 'chinas', 'his']"
  trump started something amp shot himself in the foothe scurried to mend the damage no mention of the  tariff on us goods why the chinese were never retaliatingnothing has changed but a  days hiatus china has expanded its global reach the us has shrunk chinas  trump,3,3_china_chinese_additional_trump,"['china', 'chinese', 'additional', 'trump', 'war', 'he', 'on', 'xi', 'chinas', 'his']"
  noah to build on your comment trump still has a  percent tariff on almost all goods coming from china if he was groveling he would have lowered the tariffs before talks,3,3_china_chinese_additional_trump,"['china', 'chinese', 'additional', 'trump', 'war', 'he', 'on', 'xi', 'chinas', 'his']"
 thank you china for saving the world if you didnt stood up when you did trump would have left those ridiculous reciprocal tariff on those weak countries,3,3_china_chinese_additional_trump,"['china', 'chinese', 'additional', 'trump', 'war', 'he', 'on', 'xi', 'chinas', 'his']"
" before trumps disastrous trade war with china in 

 on chinese goods
 on us goods

you didnt win anything trump caused a tariff spiral that hurt us consumersbusinesses and then came back pretending to fix the mess he madejust by making it slightly less awful",3,3_china_chinese_additional_trump,"['china', 'chinese', 'additional', 'trump', 'war', 'he', 'on', 'xi', 'chinas', 'his']"
"ustariff mixed baggage  
pharmaceuticals semiconductors energy cu exempted likely beneficial as  now focuses in this sector
us high tariff on  goods opportunity 
steel al tax likely ve impact autos mixedmaruti etc dont export  ustata collaborating",4,4_india_pakistan_ustariff_indian,"['india', 'pakistan', 'ustariff', 'indian', 'trumptariff', 'impact', 'ceasefire', 'deal', 'tradewar', 'trade']"
imports fingers crossed cooler heads prevail trumptariff tradewar eu usdow nashville ,4,4_india_pakistan_ustariff_indian,"['india', 'pakistan', 'ustariff', 'indian', 'trumptariff', 'impact', 'ceasefire', 'deal', 'tradewar', 'trade']"
"to offset the imbalance and ease tariff pressures islamabad has offered to import more us goods including crude oil and to open up investment opportunities through concessions for us firms in pakistans mining sector

",4,4_india_pakistan_ustariff_indian,"['india', 'pakistan', 'ustariff', 'indian', 'trumptariff', 'impact', 'ceasefire', 'deal', 'tradewar', 'trade']"
 this recent conflict started on april  when pakistani militants attacked indian tourists in kashmir killing about  indian nationals amp one nepalese national i suspect that china is instigating pakistan after us companies decided to move to india to ease tariff effects,4,4_india_pakistan_ustariff_indian,"['india', 'pakistan', 'ustariff', 'indian', 'trumptariff', 'impact', 'ceasefire', 'deal', 'tradewar', 'trade']"
"nikkei indias exports to us top other destinations 

source  ",4,4_india_pakistan_ustariff_indian,"['india', 'pakistan', 'ustariff', 'indian', 'trumptariff', 'impact', 'ceasefire', 'deal', 'tradewar', 'trade']"
with high tax credits allowing manitobas film production industry to skyrocket in recent years trump tariff threats could put it in jeopardy  reports ,5,5_produced_outside_foreign_industry,"['produced', 'outside', 'foreign', 'industry', 'announces', 'president', 'all', 'on', 'imported', 'into']"
"

the movie industry american or foriegn is a very competitive industry it requires all actors directors etc sell themselves to whoever can buysell their craft they go to wherever for movie making if peopl understand that  everything should survive",5,5_produced_outside_foreign_industry,"['produced', 'outside', 'foreign', 'industry', 'announces', 'president', 'all', 'on', 'imported', 'into']"
donald trump wants to put a  tariff on hollywood  via ,5,5_produced_outside_foreign_industry,"['produced', 'outside', 'foreign', 'industry', 'announces', 'president', 'all', 'on', 'imported', 'into']"
oh look trump just slapped a  tariff on foreignmade movies to save hollywood i guess everyone outside the us will just stop making films now right  hollywood trumptariff movieindustry,5,5_produced_outside_foreign_industry,"['produced', 'outside', 'foreign', 'industry', 'announces', 'president', 'all', 'on', 'imported', 'into']"
trump announces  tariff on movies produced outside us ,5,5_produced_outside_foreign_industry,"['produced', 'outside', 'foreign', 'industry', 'announces', 'president', 'all', 'on', 'imported', 'into']"
 trump created this shit if a mess on himself and us the people he needs to stop the tariff that is tanking the market and will create hyper inflation his obsession with tariff is crazy,6,6_inflation_cpi_fed_expected,"['inflation', 'cpi', 'fed', 'expected', 'prices', 'rates', 'core', 'impact', 'rate', 'low']"
first inflation report since trumps liberation day tariff announcement ,6,6_inflation_cpi_fed_expected,"['inflation', 'cpi', 'fed', 'expected', 'prices', 'rates', 'core', 'impact', 'rate', 'low']"
 lets wait and see the effects of  trumps tariff taxes on inflation its probably one of the reasons he panicked and caved on the china tariffs,6,6_inflation_cpi_fed_expected,"['inflation', 'cpi', 'fed', 'expected', 'prices', 'rates', 'core', 'impact', 'rate', 'low']"
"inflation fell to  in april per feds pce index with core at  consumer spending slowed to  savings rate hit  trumps tariffs yet to impact prices fed cautious on rate cuts eyeing tariff effects

buyers lower inflation boosts purchasing power but tariff ",6,6_inflation_cpi_fed_expected,"['inflation', 'cpi', 'fed', 'expected', 'prices', 'rates', 'core', 'impact', 'rate', 'low']"
"  its the most poorly designed policy  take australia for example  there are zero tariffs on exports to oz and australia imports more from the us than they export to them

so lets slap a  tariff on them 

inflation will soar and middle and low america will suffer",6,6_inflation_cpi_fed_expected,"['inflation', 'cpi', 'fed', 'expected', 'prices', 'rates', 'core', 'impact', 'rate', 'low']"
 why should walmart eat the tariff the plan from trump was that the countries importing to the us would pay the tariff,7,7_walmart_eat_prices_price,"['walmart', 'eat', 'prices', 'price', 'target', 'absorb', 'costs', 'retailers', 'raise', 'increases']"
"  so why are you advocating against trump instead of advocating against walmart

you really hate trump that much that you cant see that the problem is corporations taking advantage of this tariff situation

the same people that complain that the republicans are giving tax breaks",7,7_walmart_eat_prices_price,"['walmart', 'eat', 'prices', 'price', 'target', 'absorb', 'costs', 'retailers', 'raise', 'increases']"
 why not dropping tariff zero let the us importers and consumers bear the tax tariff walmart literally said so and cause a trump meltdown on truth,7,7_walmart_eat_prices_price,"['walmart', 'eat', 'prices', 'price', 'target', 'absorb', 'costs', 'retailers', 'raise', 'increases']"
 they of course will not never mind that trump stated repeatedly that existed pay tariffs wrong walmarts ceo has already stated publicly that they cannot absorb this level of tariff,7,7_walmart_eat_prices_price,"['walmart', 'eat', 'prices', 'price', 'target', 'absorb', 'costs', 'retailers', 'raise', 'increases']"
 mark   did people forget all the weird clothing items in walmart after the pandemic  they literally bought whatever shit they could so theyd have supply before trump put his first  china tariff  it takes  months for those goods to hit shelves cos slowly raise ,7,7_walmart_eat_prices_price,"['walmart', 'eat', 'prices', 'price', 'target', 'absorb', 'costs', 'retailers', 'raise', 'increases']"
 the crisis is the mass immigration that the liberals are bringing into canada you distracted the silly boomers into being scared of trump when in fact he is lowering taxes big time and deporting illegal immigrants you just gaslight us into thinking the issue is the tariff,8,8_canada_canadians_canadian_canadas,"['canada', 'canadians', 'canadian', 'canadas', 'liberals', 'you', 'election', 'he', 'trump', 'with']"
 why trump comes to canada for they need to come to trump to beg for tariff  remove instead,8,8_canada_canadians_canadian_canadas,"['canada', 'canadians', 'canadian', 'canadas', 'liberals', 'you', 'election', 'he', 'trump', 'with']"
"i agree their should be reciprocal agreement for trade  however in the case of canada 
trump made an agreement signed an agreement that he is now not living up to trumps tariff ultimatum forces country to promise to buy more american goods ",8,8_canada_canadians_canadian_canadas,"['canada', 'canadians', 'canadian', 'canadas', 'liberals', 'you', 'election', 'he', 'trump', 'with']"
" in the same breath trump says the us will always protect canada and that its not about money but its unfair

what is unfair

what the actual fuck is this whole tariff bullshit about then 

chaos talk that makes absolutely no sense",8,8_canada_canadians_canadian_canadas,"['canada', 'canadians', 'canadian', 'canadas', 'liberals', 'you', 'election', 'he', 'trump', 'with']"
" lmfaooo so far

no parliament for  months
parliament will sit for  days before summer break
sketchy election results
same old trudeau cabinet
signing fake eos 
no budget
tariff lies
bent the knee to trump
no pipelines
alberta wants to separate
housing prices not an",8,8_canada_canadians_canadian_canadas,"['canada', 'canadians', 'canadian', 'canadas', 'liberals', 'you', 'election', 'he', 'trump', 'with']"
"  dont think pm carney wants to replace anything hes got a pretty damn good amp impressive job of his own right now
when trump started calling canada  the st state of the us disrespect thats where relations went off the cliff then dts tariff threats amp actions",9,9_carney_mark_canada_carbon,"['carney', 'mark', 'canada', 'carbon', 'he', 'canadians', 'pm', 'election', 'canadian', 'liberal']"
 someone got very rich with this whole tariff stuff and not just the us stockmarket players mr carney has pulled a fast one on the canadian people he was going to be the tariff hero and protect us from orange man bad i cant stop laughing but i didnt vote for him,9,9_carney_mark_canada_carbon,"['carney', 'mark', 'canada', 'carbon', 'he', 'canadians', 'pm', 'election', 'canadian', 'liberal']"
"did canadians get misled by mark carney

before meeting with donald trump tariffs seemed to be off the table now after their meeting trump appears to have taken a softer stance toward mark carneyand suddenly the projected  billion in tariff revenue has vanished

now",9,9_carney_mark_canada_carbon,"['carney', 'mark', 'canada', 'carbon', 'he', 'canadians', 'pm', 'election', 'canadian', 'liberal']"
"trump ruins carney  did danielle smith know it was coming 

 

digitalservices cdnpoli markcarney trumptariff elbowsup",9,9_carney_mark_canada_carbon,"['carney', 'mark', 'canada', 'carbon', 'he', 'canadians', 'pm', 'election', 'canadian', 'liberal']"
hahaha did he accomplish anything on that visit not a single tariff suspension tariffs on the film industry continue to move forward trump also called freeland a loser and trudeau the trudeau governor just opposite carney who said nothing in response hes a beta clown,9,9_carney_mark_canada_carbon,"['carney', 'mark', 'canada', 'carbon', 'he', 'canadians', 'pm', 'election', 'canadian', 'liberal']"
" quantitative probabilities most likely scenario  months
pjapan agrees to increase us lng imports 
pjapan agrees to tangible steps on auto ntbs 
pus amp japan reach mutually agreeable currency understanding 
pus provides significant tariff relief",10,10_japan_japanese_talks_cars,"['japan', 'japanese', 'talks', 'cars', 'meeting', 'minister', 'auto', 'negotiations', 'defense', 'us']"
"japan us fail to reach tariff agreement 

macroedge",10,10_japan_japanese_talks_cars,"['japan', 'japanese', 'talks', 'cars', 'meeting', 'minister', 'auto', 'negotiations', 'defense', 'us']"
"we dont buy american cars or rice because they are of poor quality thats all

trump japan tariff ",10,10_japan_japanese_talks_cars,"['japan', 'japanese', 'talks', 'cars', 'meeting', 'minister', 'auto', 'negotiations', 'defense', 'us']"
nikkei to face selling on trump tariff remarks okasan says aapl,10,10_japan_japanese_talks_cars,"['japan', 'japanese', 'talks', 'cars', 'meeting', 'minister', 'auto', 'negotiations', 'defense', 'us']"
  yes i dont understand why if he would simply treat japan as if they were a us state economically no tariffs etc this tariff issue would be far less relevant usjapancanada coalition would rule the world economically,10,10_japan_japanese_talks_cars,"['japan', 'japanese', 'talks', 'cars', 'meeting', 'minister', 'auto', 'negotiations', 'defense', 'us']"
 markets took a dive wednesday after federal reserve chair jerome powell painted a stagflationary picture of risks facing the economy warning of both lower growth and higher prices as a result of the trump administrations tariff policies,11,11_powell_rates_fed_jerome,"['powell', 'rates', 'fed', 'jerome', 'chair', 'inflation', 'steady', 'interest', 'uncertainty', 'rate']"
"federal reserve chair jerome powell kept his options open when he said  steady economic activity was giving the central bank time to study the  effects that tariff increases have on prices and growth before resuming  interestrate reductions
",11,11_powell_rates_fed_jerome,"['powell', 'rates', 'fed', 'jerome', 'chair', 'inflation', 'steady', 'interest', 'uncertainty', 'rate']"
"powell pushes back on trump says tariff uncertainty justifies holding rates steady  via  

how did he ever become fed chair",11,11_powell_rates_fed_jerome,"['powell', 'rates', 'fed', 'jerome', 'chair', 'inflation', 'steady', 'interest', 'uncertainty', 'rate']"
fomc powell says tariff uncertainty peaked in april but has come down overall economic picture points to good economy sentiment off low levels housng market subdued job market healthy current stance of policy leaves us positiond to respond as reqd fed will watch for now,11,11_powell_rates_fed_jerome,"['powell', 'rates', 'fed', 'jerome', 'chair', 'inflation', 'steady', 'interest', 'uncertainty', 'rate']"
" do because powell disagrees with tariff strategy he will keep rates high to try to force trump yo bend a knee

this prick should have been fired  years ago",11,11_powell_rates_fed_jerome,"['powell', 'rates', 'fed', 'jerome', 'chair', 'inflation', 'steady', 'interest', 'uncertainty', 'rate']"
 the us has a  billion trade surplus with the united kingdom so it already exports more than it imports meanwhile the baseline  tariff trump announced april  will remain in effect for most uk imports which could lead to higher prices for consumers thanks for nothing,12,12_uk_deal_british_cars,"['uk', 'deal', 'british', 'cars', 'trade', 'surplus', 'exports', 'with', 'goods', 'usuk']"
"key details in the ukus historic trade deal  

an historic trade deal where the us have slapped a blanked  tariff on all uk exports brilliant work hopefully europe and china will not be so soft",12,12_uk_deal_british_cars,"['uk', 'deal', 'british', 'cars', 'trade', 'surplus', 'exports', 'with', 'goods', 'usuk']"
 that whole thing was a joke on both the us and uk people trump gave big countries a  tariff months before the so called uk negotiation there was no negotiation uk already had  tariff but they just negotiated the  for positive media spin politicianslie end of,12,12_uk_deal_british_cars,"['uk', 'deal', 'british', 'cars', 'trade', 'surplus', 'exports', 'with', 'goods', 'usuk']"
"we have still been caught with the  tariff there should be no tariffs in trade with anybody if nations done likewise in the rariff war insread of caving things would be different now

simon jack tariff relief for uk but new clock ticking on us deal
",12,12_uk_deal_british_cars,"['uk', 'deal', 'british', 'cars', 'trade', 'surplus', 'exports', 'with', 'goods', 'usuk']"
interesting the only tariff trade deal that the trump admin has been able to scrape together so far is with the uk a country we already have a trade surplus with so now we get to pay more for anything coming from the uk with no measurable gain the art of the deal,12,12_uk_deal_british_cars,"['uk', 'deal', 'british', 'cars', 'trade', 'surplus', 'exports', 'with', 'goods', 'usuk']"
  this is actually the answer with that high a tariff the canadian flag was made somewhere in asia where the us has implemented much higher tariffs,13,13_canada_canadian_canadians_we,"['canada', 'canadian', 'canadians', 'we', 'our', 'us', 'you', 'dont', 'products', 'them']"
" canada allows in less than  of us exports

china opened factories in canada  exports all their goods to the us tariff free while charging  on us goods

 support trump correcting that",13,13_canada_canadian_canadians_we,"['canada', 'canadian', 'canadians', 'we', 'our', 'us', 'you', 'dont', 'products', 'them']"
 insane lets say you are a us manufacturer of couches you pay  on the upholstery component then ship the finished product to canadian retailer who then gets billed  tariff on top of that us made is priced out of an entire country on that one product alone,13,13_canada_canadian_canadians_we,"['canada', 'canadian', 'canadians', 'we', 'our', 'us', 'you', 'dont', 'products', 'them']"
 canada sell usa  of there products to us reciprocal tariff were crippled canada,13,13_canada_canadian_canadians_we,"['canada', 'canadian', 'canadians', 'we', 'our', 'us', 'you', 'dont', 'products', 'them']"
  the problem is that you lie  they dont have a  tariff on us we love canada so i guess youre gonna need to find someone else who has deep pockets,13,13_canada_canadian_canadians_we,"['canada', 'canadian', 'canadians', 'we', 'our', 'us', 'you', 'dont', 'products', 'them']"
  i would have a feeling this would be tariff exempt as it would be deemed vital for the us the keystone xl pipeline plans are already complete and shovels were almost in the ground until obama i would venture a guess those plans are still fully viable,14,14_steel_aluminum_double_announced,"['steel', 'aluminum', 'double', 'announced', 'tons', 'imported', 'increase', 'president', 'rally', 'friday']"
"us president donald trump announced his intention to increase tariffs on steel imports into the united states during a rally in pennsylvania on friday

trump stated at the rally that the increased tariff rate would even further secure the steel industry in the united states ",14,14_steel_aluminum_double_announced,"['steel', 'aluminum', 'double', 'announced', 'tons', 'imported', 'increase', 'president', 'rally', 'friday']"
us steel was always staying in pittsburgh they claimed they would move if deal was blocked trumps approved the deal but labelling it as partnership instead of acquisition but regardless they are taking a  billion equity stake trump also dropping tariffs on japanese steel,14,14_steel_aluminum_double_announced,"['steel', 'aluminum', 'double', 'announced', 'tons', 'imported', 'increase', 'president', 'rally', 'friday']"
"trump directly talks to the working class in pittsburgh pennsylvania   the us japan steel deal means hundreds of thousands of domestic steel jobs with increased tariffs on steel produced in foreign nations

",14,14_steel_aluminum_double_announced,"['steel', 'aluminum', 'double', 'announced', 'tons', 'imported', 'increase', 'president', 'rally', 'friday']"
"us auto makers use lots of imported steel

watch the us auto makers increase car prices
due to the tariff on imported steel",14,14_steel_aluminum_double_announced,"['steel', 'aluminum', 'double', 'announced', 'tons', 'imported', 'increase', 'president', 'rally', 'friday']"
"risk on markets for asian session 
us courts blocking trumps tariff plans ",15,15_court_ruling_authority_courts,"['court', 'ruling', 'authority', 'courts', 'international', 'judges', 'federal', 'supreme', 'legal', 'emergency']"
embarrassing defeat for newsom trump tariff lawsuit thrown out  via ,15,15_court_ruling_authority_courts,"['court', 'ruling', 'authority', 'courts', 'international', 'judges', 'federal', 'supreme', 'legal', 'emergency']"
  can the court block trumps tariff,15,15_court_ruling_authority_courts,"['court', 'ruling', 'authority', 'courts', 'international', 'judges', 'federal', 'supreme', 'legal', 'emergency']"
brief that torched trumps tariff power grab coalition including leading figures on right filed fiery brief with court that rebuffed most trump tariffs they are taxation by proclamation amp do violence to the constitution  judge cited it  times ,15,15_court_ruling_authority_courts,"['court', 'ruling', 'authority', 'courts', 'international', 'judges', 'federal', 'supreme', 'legal', 'emergency']"
breaking scotus denies request that it grant cert take appeal in challenge to trumps tariffs before judgment in other words scotus is letting lower courts continue on with handling tariff cases ,15,15_court_ruling_authority_courts,"['court', 'ruling', 'authority', 'courts', 'international', 'judges', 'federal', 'supreme', 'legal', 'emergency']"
"the  trade policy cycle in one image 
tariff on  tariff off  repeat
like a neverending taxi meter 
made in usa but affecting the world



tariffontariffoff trump trump trumptariffs trumprecession ",16,16_policy_trump_man_trumps,"['policy', 'trump', 'man', 'trumps', 'donald', 'tariff', 'plan', 'via', 'strategy', 'one']"
"baby trump on tariff
 ",16,16_policy_trump_man_trumps,"['policy', 'trump', 'man', 'trumps', 'donald', 'tariff', 'plan', 'via', 'strategy', 'one']"
gm pours cold water over trumps tariff claims with new prediction  the new republic ,16,16_policy_trump_man_trumps,"['policy', 'trump', 'man', 'trumps', 'donald', 'tariff', 'plan', 'via', 'strategy', 'one']"
"our president paul du quenoy  on trumps tariff victory
",16,16_policy_trump_man_trumps,"['policy', 'trump', 'man', 'trumps', 'donald', 'tariff', 'plan', 'via', 'strategy', 'one']"
" the goal of the trump tariff regime is to insert djt into business decisions where he has no other connection you ought to be investigating the grift he is collecting for a seat at the table in deciding on tariffs specifics

rent seeking behavior has a supply political side",16,16_policy_trump_man_trumps,"['policy', 'trump', 'man', 'trumps', 'donald', 'tariff', 'plan', 'via', 'strategy', 'one']"
  it is easy to have a productive conversation about fair trade when it comes to cdn dairy if you want to read about it  amazing that the tariffs start only if the us floods out canadian dairy producers  not a base tariff,17,17_quota_canada_never_usmca,"['quota', 'canada', 'never', 'usmca', 'products', 'farmers', 'has', 'been', 'canadian', 'amount']"
this  claim from trump is total crap  prior to trump ripping up usmca tariff agreement  of all us exports to canada were dutyfree including nearly all dairy products  the rules for dairy quotas even if trump now doesnt like them were part of the usmca,17,17_quota_canada_never_usmca,"['quota', 'canada', 'never', 'usmca', 'products', 'farmers', 'has', 'been', 'canadian', 'amount']"
    my god do you actually think canada had  or  tariffs on us sir do you know what the difference between a tariff and a tariff rate quota is or are you misinformed likely the latter i assume,17,17_quota_canada_never_usmca,"['quota', 'canada', 'never', 'usmca', 'products', 'farmers', 'has', 'been', 'canadian', 'amount']"
  in harmony weve been shafted for years because we complied and allowed canada to take advantage of us you do realize that we dont have reciprocal tariffs with canada right they have a  tariff on our dairy products and we have none on theirs thats all im asking for is,17,17_quota_canada_never_usmca,"['quota', 'canada', 'never', 'usmca', 'products', 'farmers', 'has', 'been', 'canadian', 'amount']"
bets assuming the tariff sitch stay relatively close to what it is how long until us farmers have to start killing off livestock because its too expensive to keep them and not sell them wonder what the knock on effect of that will be,17,17_quota_canada_never_usmca,"['quota', 'canada', 'never', 'usmca', 'products', 'farmers', 'has', 'been', 'canadian', 'amount']"
"clutch trending parlay market on ape chain  

president trump spooked the markets again with more tariff chatter is over  months enough time for btc to surpass k ",18,18_bitcoin_crypto_btc_markets,"['bitcoin', 'crypto', 'btc', 'markets', 'volatility', 'market', 'news', 'trumptariff', 'price', 'july']"
i like bitcoin as a hedge a lot more than whatever that strategic reserve narrative was about but while its showing signs of decoupling from tech bloomberg economics modelling suggests recent gains are still driven by market exuberance and trumps tariff pause ,18,18_bitcoin_crypto_btc_markets,"['bitcoin', 'crypto', 'btc', 'markets', 'volatility', 'market', 'news', 'trumptariff', 'price', 'july']"
"not too sure how to react to this market

geopolitical tension getting higher yet btc seems to be shrugging it off

could also be some kind of laggard movement which happened before when trump announced the tariff during liberation day

for now observe

btc",18,18_bitcoin_crypto_btc_markets,"['bitcoin', 'crypto', 'btc', 'markets', 'volatility', 'market', 'news', 'trumptariff', 'price', 'july']"
"im going to close most of my position on btc rest im going to keep as the u certainty with tariff wars is going to take us even lower my tp limit is at k lets see 

eth closed with nice profits hype at break even 

what we buying  apart from tbc",18,18_bitcoin_crypto_btc_markets,"['bitcoin', 'crypto', 'btc', 'markets', 'volatility', 'market', 'news', 'trumptariff', 'price', 'july']"
"the fourth turning teaches us that it ends in total war 

many wars come to culmination with  tariff 

we are are accelerating 

powell may resign tomorrow
bitcoin to the moon",18,18_bitcoin_crypto_btc_markets,"['bitcoin', 'crypto', 'btc', 'markets', 'volatility', 'market', 'news', 'trumptariff', 'price', 'july']"
 is going to get a trumptariff,19,19_trumptariff_trumprecession_ustariff_trumptariffs,"['trumptariff', 'trumprecession', 'ustariff', 'trumptariffs', 'trumpmarketcrash', 'your', 'winning', 'thank', 'trumpisunfitforoffice', 'thanks']"
" it is not your country
 apply the law and you would be free trump lepen trumptariff ",19,19_trumptariff_trumprecession_ustariff_trumptariffs,"['trumptariff', 'trumprecession', 'ustariff', 'trumptariffs', 'trumpmarketcrash', 'your', 'winning', 'thank', 'trumpisunfitforoffice', 'thanks']"
 what happened to freespeech beckysangels trump trumptariff argentina communiststate fanart galaxysultra firstamendment,19,19_trumptariff_trumprecession_ustariff_trumptariffs,"['trumptariff', 'trumprecession', 'ustariff', 'trumptariffs', 'trumpmarketcrash', 'your', 'winning', 'thank', 'trumpisunfitforoffice', 'thanks']"
"of course they are 

only the fools think trump is bluffing 

trumptariff winning",19,19_trumptariff_trumprecession_ustariff_trumptariffs,"['trumptariff', 'trumprecession', 'ustariff', 'trumptariffs', 'trumpmarketcrash', 'your', 'winning', 'thank', 'trumpisunfitforoffice', 'thanks']"
"dear america its your turn for the mad king
sincerely great britain

trumptariffs trumprecession trumpmarketcrash trumptariff americafirst americafinished",19,19_trumptariff_trumprecession_ustariff_trumptariffs,"['trumptariff', 'trumprecession', 'ustariff', 'trumptariffs', 'trumpmarketcrash', 'your', 'winning', 'thank', 'trumpisunfitforoffice', 'thanks']"
" was it not you who complained that morrison caused china to tariff aus goods
china has been tariffing aus exports for decades
likewise aus has been tariffing us goods both openly and by stealth ie biosecurity
do try to learn the facts",20,20_australia_beef_surplus_agreement,"['australia', 'beef', 'surplus', 'agreement', 'we', 'exports', 'trade', 'goods', 'free', 'us']"
"its a very strange strategy   trump tariffs backfire on us economy by  in  australia   
trump tariffs economy hotmess ",20,20_australia_beef_surplus_agreement,"['australia', 'beef', 'surplus', 'agreement', 'we', 'exports', 'trade', 'goods', 'free', 'us']"
 i cant believe the total ignorance of people on this tariff business please mr trump get albo into that office of yours and give him a serious lesson or many on how to run a country australia is depending upon it,20,20_australia_beef_surplus_agreement,"['australia', 'beef', 'surplus', 'agreement', 'we', 'exports', 'trade', 'goods', 'free', 'us']"
"     no one suggests evil most suggest stupid australia does not impose tariff on us made goods as unlike the us we honour the fta
",20,20_australia_beef_surplus_agreement,"['australia', 'beef', 'surplus', 'agreement', 'we', 'exports', 'trade', 'goods', 'free', 'us']"
"trump fools maga into thinking that other countries already tariff american goods

its a blatant lie
australia doesnt tariff us at all and we are not reciprocating we have bio security bans on a few products including beef

if you dont want our beef make smaller burgers ",20,20_australia_beef_surplus_agreement,"['australia', 'beef', 'surplus', 'agreement', 'we', 'exports', 'trade', 'goods', 'free', 'us']"
" sorry no blue check so limited space 

i will always recommend bark amp jack out of the uk but unfortunately due to the tariff negotiations theyve temporarily suspended shipping to the us  hope they resume soon i wanted to get another seventy

",21,21_amp_be_jobs_there,"['amp', 'be', 'jobs', 'there', 'will', 'his', 'maga', 'to', 'no', 'all']"
 divide amp rule bully tactics so much for the usuk trade deal washington will lift  levies on british steel amp aluminum cut duties on almost all british car imports from  to  amp allow rollsroyce engines amp plane parts to enter tarifffree in return,21,21_amp_be_jobs_there,"['amp', 'be', 'jobs', 'there', 'will', 'his', 'maga', 'to', 'no', 'all']"
" you are a typical useless politician you only complain amp never have any solutions your party is a joke amp never show a path forward

trumps tariff policies will bring work back to the us boost the economy it doesnt happen overnight but this time next year we will be booming",21,21_amp_be_jobs_there,"['amp', 'be', 'jobs', 'there', 'will', 'his', 'maga', 'to', 'no', 'all']"
" broke nafta amp signed usmca l applied tariff amp signed deal to remove tariffbroke iran deal amp now approaching iran to sign same deal

in summary trump creates problem just to solve it so he could claim the credit 
now neither media nor stock market reaact to such news anymore",21,21_amp_be_jobs_there,"['amp', 'be', 'jobs', 'there', 'will', 'his', 'maga', 'to', 'no', 'all']"
  lol im glad that there are two superpower countries in this world that can balance amp counter the one sided bully to the whole world as what can be seen recent tariff world from us to the world,21,21_amp_be_jobs_there,"['amp', 'be', 'jobs', 'there', 'will', 'his', 'maga', 'to', 'no', 'all']"
   that was biden who was senile trump is already maga with tariffs charged to countries for them bringing their products to sell in the usa if they dont want to pay tariffs then bring us the jobs and sell it here tariff free,22,22_maga_magas_you_voted,"['maga', 'magas', 'you', 'voted', 'biden', 'education', 'knees', 'for', 'of', 'about']"
if you ask me donald trump is a better doctor than fake ass dr jill biden ,22,22_maga_magas_you_voted,"['maga', 'magas', 'you', 'voted', 'biden', 'education', 'knees', 'for', 'of', 'about']"
  trumps tariff policy has caused huge losses to agriculture are the magas responsible for chinas cancelled orders,22,22_maga_magas_you_voted,"['maga', 'magas', 'you', 'voted', 'biden', 'education', 'knees', 'for', 'of', 'about']"
ive listened to that trump is our savior right wing media garbage that dazzles magas like you now thats an echo chamber taco fucks up the economy goes tariff happy causing costs to rise and shits on our veterans and its spun as hes a great guy what straight up bullshit,22,22_maga_magas_you_voted,"['maga', 'magas', 'you', 'voted', 'biden', 'education', 'knees', 'for', 'of', 'about']"
" maga resources exactly trumps tariff plan is simple geniusdrop your tariffs on us we drop ours on you fair trade no games its not hard to get but some countries just dont want to play ball keep pushing the truth
trumptariff trump",22,22_maga_magas_you_voted,"['maga', 'magas', 'you', 'voted', 'biden', 'education', 'knees', 'for', 'of', 'about']"
"  trumps tariff strategy is about leverage the first step to 
reindustrialize american manufacturing",23,23_manufacturing_jobs_job_bring,"['manufacturing', 'jobs', 'job', 'bring', 'back', 'labor', 'workers', 'bringing', 'uncertainty', 'american']"
"us economic data gdp estimates range from negative to positive creating massive uncertainty 

ism manufacturing follows with markets hyper focused after those stagflation signals in the last report 
tariff frontloading is muddying the waters",23,23_manufacturing_jobs_job_bring,"['manufacturing', 'jobs', 'job', 'bring', 'back', 'labor', 'workers', 'bringing', 'uncertainty', 'american']"
" zero chance you will bring manufacturing back

cant even tell us one tariff deal achieved weeks into destroying the economy",23,23_manufacturing_jobs_job_bring,"['manufacturing', 'jobs', 'job', 'bring', 'back', 'labor', 'workers', 'bringing', 'uncertainty', 'american']"
tariff fallout begins major companies slash thousands of jobs citing rising trade tensions  barchart smartnews  ,23,23_manufacturing_jobs_job_bring,"['manufacturing', 'jobs', 'job', 'bring', 'back', 'labor', 'workers', 'bringing', 'uncertainty', 'american']"
"job opening

 to  per year

remote in us

 apply below

globaltradejobs

",23,23_manufacturing_jobs_job_bring,"['manufacturing', 'jobs', 'job', 'bring', 'back', 'labor', 'workers', 'bringing', 'uncertainty', 'american']"
"trump threatened a  tariff on iphones not made in the us despite warnings that a domestically built model could cost up to  if they are made in the us 

trump has no clue

",24,24_apple_iphones_threatens_iphone,"['apple', 'iphones', 'threatens', 'iphone', 'phones', 'threat', 'made', 'manufactured', 'threatened', 'trump']"
"donald mr tariff trump threatens to hit apple with a  tariff unless they start making iphones in the us 
his ridiculous tariffs have caused other countries to retaliate and impose their own tariffs on the us 
he also sides with putin ",24,24_apple_iphones_threatens_iphone,"['apple', 'iphones', 'threatens', 'iphone', 'phones', 'threat', 'made', 'manufactured', 'threatened', 'trump']"
president trump announces a  tariff on iphones not manufactured in the usa ,24,24_apple_iphones_threatens_iphone,"['apple', 'iphones', 'threatens', 'iphone', 'phones', 'threat', 'made', 'manufactured', 'threatened', 'trump']"
"   plans pledges intends 

apple pulled this off in his last term to get tariff exemptions in  guess how that turned out spoiler it never happened

trump is a weak negotiator that is easily manipulated",24,24_apple_iphones_threatens_iphone,"['apple', 'iphones', 'threatens', 'iphone', 'phones', 'threat', 'made', 'manufactured', 'threatened', 'trump']"
"  trumps wisdom

first he jacked tariffs up to  tanked the markets triggered consumer price spikes then backpedaled to a  universal tariff after the bond market panicked

and iphones still made in china   they even exempted electronics to avoid blowing up us",24,24_apple_iphones_threatens_iphone,"['apple', 'iphones', 'threatens', 'iphone', 'phones', 'threat', 'made', 'manufactured', 'threatened', 'trump']"
" lutnick is out there saying the only us auto manufacturers who will get tariff relief have to have  us content in their cars

theres only one us auto company that has three models that meet this criterion

guess which one

",25,25_auto_car_cars_parts,"['auto', 'car', 'cars', 'parts', 'vehicles', 'ford', 'vehicle', 'manufacturers', 'automotive', 'production']"
 haha no problem i appreciate the back and forth so companies have different tariff exposure and some can last years those with us manufacturing or strong pricing power while others are already suspending guidance ford just did today citing b in tariff costs,25,25_auto_car_cars_parts,"['auto', 'car', 'cars', 'parts', 'vehicles', 'ford', 'vehicle', 'manufacturers', 'automotive', 'production']"
hits back with us tariffs  on noncusma vehicles amp imports billions for auto workers tax relief ei support new strategy to boost domestic production details  ,25,25_auto_car_cars_parts,"['auto', 'car', 'cars', 'parts', 'vehicles', 'ford', 'vehicle', 'manufacturers', 'automotive', 'production']"
  faces a tariff bill of up to b mainly because the company manufactures nearly half of the vehicles it sells in the us in foreign assembly plantsbarra said gm was looking at expanding its ability to produce more vehicles and parts locally,25,25_auto_car_cars_parts,"['auto', 'car', 'cars', 'parts', 'vehicles', 'ford', 'vehicle', 'manufacturers', 'automotive', 'production']"
 again dont be in a hurry to defend  is ridiculously high for a country where most people cant even afford to buy a brand new car even with the brands you listed even us has a  tariff for cars and  for trucks even uk is  tariff google is your friend,25,25_auto_car_cars_parts,"['auto', 'car', 'cars', 'parts', 'vehicles', 'ford', 'vehicle', 'manufacturers', 'automotive', 'production']"
vietnam attracts global manufacturers despite us tariff increases  via ,26,26_vietnam_golf_goods_their,"['vietnam', 'golf', 'goods', 'their', 'us', 'rate', 'china', 'proposal', 'asian', 'trade']"
thai gemstone exports face uncertainty amid us tariff hike risk losing ground to vietnam    googlealerts,26,26_vietnam_golf_goods_their,"['vietnam', 'golf', 'goods', 'their', 'us', 'rate', 'china', 'proposal', 'asian', 'trade']"
 i have employees in multiple asian countries everyday vietnam is booming tariff deal  china has no lines at the border restaurants are empty manufacturing moving out  idle containers no tariff deal go to china few american goods tariffs on us stop the fake news,26,26_vietnam_golf_goods_their,"['vietnam', 'golf', 'goods', 'their', 'us', 'rate', 'china', 'proposal', 'asian', 'trade']"
  rafa  chumpo advisors told us today its about trade deficits with the us so they came up with a calculation amp a tariff nos to redress the deficit with said countries hence vietnams tariff is huge due to a large  trade deficit with the us  nothing directly to do with tariffs,26,26_vietnam_golf_goods_their,"['vietnam', 'golf', 'goods', 'their', 'us', 'rate', 'china', 'proposal', 'asian', 'trade']"
xis call to vietnam reflects growing tensions in the uschina trade war with trumps tariff threats looming large this move signals chinas efforts to rally regional allies against perceived us economic pressure it underscores the delicate balance of power and trade,26,26_vietnam_golf_goods_their,"['vietnam', 'golf', 'goods', 'their', 'us', 'rate', 'china', 'proposal', 'asian', 'trade']"
"jeff bezos to display tariff costs on amazon to trumps dismay
its a fascinating power play  bezos shifting the burden of trumps trade war onto amazons bottom line  this isnt just about transparency its a calculated move to demonstrate the r
",27,27_amazon_costs_showing_called,"['amazon', 'costs', 'showing', 'called', 'political', 'cost', 'white', 'upset', 'show', 'house']"
"americans deserve to know what the cost of tariffs do to the bottom line of their purchases they deserve to know that it is the consumer that pays the tariff they deserve to know what a liar trump is 
amazonshowthetariffs 
trumptariffs 
trumprecession",27,27_amazon_costs_showing_called,"['amazon', 'costs', 'showing', 'called', 'political', 'cost', 'white', 'upset', 'show', 'house']"
stop ordering from amazon is that  of wealth in the us who doesnt give two shits about doing the right thing in life only cares about securing his fortune trump dials up bezos amid hostile and political tariff fight with amazon ,27,27_amazon_costs_showing_called,"['amazon', 'costs', 'showing', 'called', 'political', 'cost', 'white', 'upset', 'show', 'house']"
"  honestly this whole amazontariff label drama is way bigger than it looks

amazon considered showing tariff costs on its bargain haul site thats it not the main store but the white house flipped out called it chinese propaganda and trump jumped in saying bezos solved",27,27_amazon_costs_showing_called,"['amazon', 'costs', 'showing', 'called', 'political', 'cost', 'white', 'upset', 'show', 'house']"
trump convinced  million rubes that foreign nations would be paying the tariffs trump got mad at amazon for posting the tariff price that consumers pay on the receipt and forced amazon to remove that information how long will trump be able fool maga before they wake up,27,27_amazon_costs_showing_called,"['amazon', 'costs', 'showing', 'called', 'political', 'cost', 'white', 'upset', 'show', 'house']"
uschina tariff deal gold crashes over  as uschina slash tariffs agree to day truce  tradedeal   uschinadeal trumptariff goldpricecrashed bigfallgold silver ,28,28_uschina_talks_london_trade,"['uschina', 'talks', 'london', 'trade', 'tensions', 'truce', 'deal', 'amid', 'agreement', 'disputes']"
"trump says uschina trade deal is done and that the us will keep  tariffs on chinese goods

he is likely referring to a  baseline tariff a  fentanyl tariff and  section  tariffs from his first term ",28,28_uschina_talks_london_trade,"['uschina', 'talks', 'london', 'trade', 'tensions', 'truce', 'deal', 'amid', 'agreement', 'disputes']"
"uschina trade talks to resume in london amid ongoing tariff dispute

uschinarelations tradetalks donaldtrump

",28,28_uschina_talks_london_trade,"['uschina', 'talks', 'london', 'trade', 'tensions', 'truce', 'deal', 'amid', 'agreement', 'disputes']"
how uschina tariff war is shaking up beijing  via ,28,28_uschina_talks_london_trade,"['uschina', 'talks', 'london', 'trade', 'tensions', 'truce', 'deal', 'amid', 'agreement', 'disputes']"
ms uschina tariff deescalation arrived faster and deeper than the market expectedthis puts the effective us tradeweighed tariff on china at  down from  significantly better than our baseline assumption of a gradual decline to  by midyear and  by end ,28,28_uschina_talks_london_trade,"['uschina', 'talks', 'london', 'trade', 'tensions', 'truce', 'deal', 'amid', 'agreement', 'disputes']"
"the labour market is worse now than it was when he announced a rate cut

dude is a political actor and its blatant at this point glad trump removed some of their influence through his tariff policies",29,29_interest_rates_fed_rate,"['interest', 'rates', 'fed', 'rate', 'cut', 'cuts', 'inflation', 'reserve', 'risks', 'lower']"
"if trump reduce tariff 
fed can cut rates",29,29_interest_rates_fed_rate,"['interest', 'rates', 'fed', 'rate', 'cut', 'cuts', 'inflation', 'reserve', 'risks', 'lower']"
"the fed trims  rate cut forecasts amid tariff impacts and slow growth with us  mixed and banking sector moves eg eslr relief wheres your next trade join the discussion 

iforex us trading marketinsights",29,29_interest_rates_fed_rate,"['interest', 'rates', 'fed', 'rate', 'cut', 'cuts', 'inflation', 'reserve', 'risks', 'lower']"
more interest rate cuts likely as rba confident its beaten inflation faces trump tariff risks ,29,29_interest_rates_fed_rate,"['interest', 'rates', 'fed', 'rate', 'cut', 'cuts', 'inflation', 'reserve', 'risks', 'lower']"
   id bite that bullet our interest rates would not increase our dollar wouldnt lose more value millions of americans wouldnt lose benefits hospitals wouldnt close yeah thats a net positive but trump is petty he would tariff us to hell,29,29_interest_rates_fed_rate,"['interest', 'rates', 'fed', 'rate', 'cut', 'cuts', 'inflation', 'reserve', 'risks', 'lower']"
           hopefully taco will goad trump into getting tough with putin though i fear it may also goad him into holding the line on his idiotic tariff war so its a twoedged sword sigh,30,30_taco_tacotrump_his_out,"['taco', 'tacotrump', 'his', 'out', 'he', 'but', 'trump', 'theory', 'don', 'no']"
"demented taco two weeks don and his tariffs

americas effective tariff rate is now  according to fitch ratings up from  last year that means trump raised taxes on imported goods by nearly  percentage points in  economists expected substantial inflation",30,30_taco_tacotrump_his_out,"['taco', 'tacotrump', 'his', 'out', 'he', 'but', 'trump', 'theory', 'don', 'no']"
  taco tuesday trumpy is  crazy tariff tax on us citizens inflation rose sharply in some areas last month only energy and gas prices decreasing saved a larger rise now china tariffs are  oil has risen from  to  a barrel think of all that extra sales tax also,30,30_taco_tacotrump_his_out,"['taco', 'tacotrump', 'his', 'out', 'he', 'but', 'trump', 'theory', 'don', 'no']"
 trump tariff crazy was announced on april nd but hasnt been implemented yetjuly is the month of reckoning unless he goes taco meanwhile ,30,30_taco_tacotrump_his_out,"['taco', 'tacotrump', 'his', 'out', 'he', 'but', 'trump', 'theory', 'don', 'no']"
" 
  
  
 

taco trump and his tariff failures",30,30_taco_tacotrump_his_out,"['taco', 'tacotrump', 'his', 'out', 'he', 'but', 'trump', 'theory', 'don', 'no']"
"they cant figure out how to negotiate

 ties the eus failure to strike a trade deal with trump to the continents slow decline after the president proposes a  tariff on them ",31,31_eu_european_europe_union,"['eu', 'european', 'europe', 'union', 'threat', 'june', 'talks', 'starting', 'donald', 'trade']"
trump extremely satisfied with plan to hit eu with  percent tariff  the epoch times ,31,31_eu_european_europe_union,"['eu', 'european', 'europe', 'union', 'threat', 'june', 'talks', 'starting', 'donald', 'trade']"
"    trumps chart shows eu is at  his numbers include more than just published tariff rates 

quote from stephen miller
however when discussing trade with the eu specifically white house deputy chief of staff stephen miller added a new policy grievance to the mix",31,31_eu_european_europe_union,"['eu', 'european', 'europe', 'union', 'threat', 'june', 'talks', 'starting', 'donald', 'trade']"
trump threatened  tariffs on the eu higher than current tariff levels on china trump wants the eu to join his china tariffs stop taxing amp suing us tech and energy firms and drop its insane climate regulations that impose carbon offsets on nearly all american products,31,31_eu_european_europe_union,"['eu', 'european', 'europe', 'union', 'threat', 'june', 'talks', 'starting', 'donald', 'trade']"
"tariff trap trump corners europe on trade

donald trump is ramping up pressure on the european union with a stark trade ultimatum either align with washingtons tariff agenda visvis china or risk sweeping  duties on exports to the us

trade analysts say the strategy ",31,31_eu_european_europe_union,"['eu', 'european', 'europe', 'union', 'threat', 'june', 'talks', 'starting', 'donald', 'trade']"
no one wants to build a plant in europe  affects us very little but affects them very much theyve freeloaded for long enough and the tariff should stay applied until all past nato dues european us base expenses and trade deficits are made up,32,32_eu_europe_european_union,"['eu', 'europe', 'european', 'union', 'goods', 'billion', 'worth', 'us', 'accept', 'agrees']"
just in  the european commission has dismissed reports of a possible  us tariff on eu goods as speculative saying they do not reflect any ongoing discussions,32,32_eu_europe_european_union,"['eu', 'europe', 'european', 'union', 'goods', 'billion', 'worth', 'us', 'accept', 'agrees']"
  us still has  tariff just added tariffs were removed so i guess its a half measure to the point though the eu is working on a deal but they are also looking to diversify in case things break down or for future cannot put all eggs in one basket,32,32_eu_europe_european_union,"['eu', 'europe', 'european', 'union', 'goods', 'billion', 'worth', 'us', 'accept', 'agrees']"
 considering how much us businesses sells in europe a  tariff on us products in eu will mean massive job layoffs in the us,32,32_eu_europe_european_union,"['eu', 'europe', 'european', 'union', 'goods', 'billion', 'worth', 'us', 'accept', 'agrees']"
"breaking

the  eu now proposes  tariff on  us goods from may th

can we get a break ",32,32_eu_europe_european_union,"['eu', 'europe', 'european', 'union', 'goods', 'billion', 'worth', 'us', 'accept', 'agrees']"
trump ukraine war gaza war tariff war st state finally migrant war all failed best friend had to leave is there any hope or just big mouth piece trump really looks very weak he needs to be throughly checked up just make palestine independent and live forever,33,33_israel_gaza_ukraine_iran,"['israel', 'gaza', 'ukraine', 'iran', 'war', 'russia', 'second', 'they', 'support', 'failed']"
  no thinking person believes the story that its all hamas killing people from within israel is committing genocide with the us and the uk and all of europe except spain and none too surprisingly trump wants to do a special tariff deal with spain,33,33_israel_gaza_ukraine_iran,"['israel', 'gaza', 'ukraine', 'iran', 'war', 'russia', 'second', 'they', 'support', 'failed']"
  what is the average tariff applied by israel eu and japan to the us,33,33_israel_gaza_ukraine_iran,"['israel', 'gaza', 'ukraine', 'iran', 'war', 'russia', 'second', 'they', 'support', 'failed']"
"ukraine vs russia israel vs palestine iran vs israel tariff war us vs china and now immigration protests in the west 

perfect time for crypto regulation approval 

powers that shouldnt be continue to keep the cattle scared and fighting each other",33,33_israel_gaza_ukraine_iran,"['israel', 'gaza', 'ukraine', 'iran', 'war', 'russia', 'second', 'they', 'support', 'failed']"
"benjamin netanyahu meets donald trump at white house for gaza talks tariff reprieve

donaldtrump  benjaminnetanyahu whitehouse  gazaunderattack  ustariff  israel",33,33_israel_gaza_ukraine_iran,"['israel', 'gaza', 'ukraine', 'iran', 'war', 'russia', 'second', 'they', 'support', 'failed']"
 trump is going to tariff their ass off,34,34_put_gonna_should_trump,"['put', 'gonna', 'should', 'trump', 'maybe', 'them', 'get', 'will', 'yes', 'tariff']"
stephen miller suggests us citizens should get reparations for damages inflicted by mass migration    i would settle for trump stopping the tariff idiocy so we could get back the  trillion drop in the stock market  trumptariff,34,34_put_gonna_should_trump,"['put', 'gonna', 'should', 'trump', 'maybe', 'them', 'get', 'will', 'yes', 'tariff']"
" its time for big tom to be appointed by president trump to lead all tariff negotiations

his word  a guarantee

make it happen ",34,34_put_gonna_should_trump,"['put', 'gonna', 'should', 'trump', 'maybe', 'them', 'get', 'will', 'yes', 'tariff']"
 you should move  trump just announced a six billion percent tariff on views,34,34_put_gonna_should_trump,"['put', 'gonna', 'should', 'trump', 'maybe', 'them', 'get', 'will', 'yes', 'tariff']"
  there is so much irony trump is gonna slap a tariff on it,34,34_put_gonna_should_trump,"['put', 'gonna', 'should', 'trump', 'maybe', 'them', 'get', 'will', 'yes', 'tariff']"
  stop lying and gaslighting americans we are paying for trumps tariffs because the retailers are passing the tariff costs on to american consumers why are you giving a tax cut for billionaires who increasing taxes for low amp middle class you have zero credibility stop lying,35,35_lying_lies_lie_lied,"['lying', 'lies', 'lie', 'lied', 'he', 'liar', 'about', 'truth', 'you', 'voters']"
"trump covets peace prize but   
 he lies
 he follows stephen millers orders
 he killed usaid
 he destroyed the nih 
 tariff taco turmoil
  project 
  pardons
 corruption
 hubris
 amorality 
 ick factor",35,35_lying_lies_lie_lied,"['lying', 'lies', 'lie', 'lied', 'he', 'liar', 'about', 'truth', 'you', 'voters']"
the felon in office is telling businesss to eat the tariff increases why hes been telling us they arent taxes tariffs are taxes trump has been lying imagine that but the lying doesnt stop there his unfit cabinet people are on the hill lying under oath,35,35_lying_lies_lie_lied,"['lying', 'lies', 'lie', 'lied', 'he', 'liar', 'about', 'truth', 'you', 'voters']"
i caught  in a lie  i asked if trumps current tariff revenue per day of  million was a record as being claimed grok went through all of us history and came up with lower inflation adjusted numbers and said they were higher than m,35,35_lying_lies_lie_lied,"['lying', 'lies', 'lie', 'lied', 'he', 'liar', 'about', 'truth', 'you', 'voters']"
 we cant believe a fucking word trump says all he does is lie  tariff deals lies talking to ji also lies trump is a degenerate liar ,35,35_lying_lies_lie_lied,"['lying', 'lies', 'lie', 'lied', 'he', 'liar', 'about', 'truth', 'you', 'voters']"
us tariff revenues reached an alltime high in may as president donald trumps trade policies started to fill government coffers ,36,36_billion_revenue_collected_generated,"['billion', 'revenue', 'collected', 'generated', 'revenues', 'announces', 'record', 'wow', 'april', 'government']"
 to date  based on reports the tariffs have brought in over   billion  by years end the revenues will more than offsets the b  let trump achieve his agenda,36,36_billion_revenue_collected_generated,"['billion', 'revenue', 'collected', 'generated', 'revenues', 'announces', 'record', 'wow', 'april', 'government']"
trump exaggerates tariff revenue ,36,36_billion_revenue_collected_generated,"['billion', 'revenue', 'collected', 'generated', 'revenues', 'announces', 'record', 'wow', 'april', 'government']"
 trumps tariff receipts totaled over  billion in may   the year anniversary celebration of our republics army cost  of that new income  we now have over  b more for veteran assistance  and more like it month after month,36,36_billion_revenue_collected_generated,"['billion', 'revenue', 'collected', 'generated', 'revenues', 'announces', 'record', 'wow', 'april', 'government']"
"trumptariff revenue is rolling in  its a beginning  billion collected in past  wks amp increasing tariff revenue spiked in april as presidenttrumps liberation day import taxes went into effect

click the link above to read this entire article ",36,36_billion_revenue_collected_generated,"['billion', 'revenue', 'collected', 'generated', 'revenues', 'announces', 'record', 'wow', 'april', 'government']"
trump threatens musks spacex amp tesla contracts wiping b off elons wealth in  days markets reel from tariff drama elonvstrump investing,37,37_musk_elon_tesla_elonmusk,"['musk', 'elon', 'tesla', 'elonmusk', 'trumps', 'trump', 'maga', 'corrupt', 'beautiful', 'white']"
"trump musk tesla tariff chaos is destroying everything that made them billionaires amp america great
general strike nokingsusa
impeachtrumpnow
unscamamerica
tax the billionaires
votethegopout
defund the gop
bankrupt musk
boycott tsla
endthechaos 
defund israel",37,37_musk_elon_tesla_elonmusk,"['musk', 'elon', 'tesla', 'elonmusk', 'trumps', 'trump', 'maga', 'corrupt', 'beautiful', 'white']"
"trump is screwing you maggots
trump maga elon musk tariff ",37,37_musk_elon_tesla_elonmusk,"['musk', 'elon', 'tesla', 'elonmusk', 'trumps', 'trump', 'maga', 'corrupt', 'beautiful', 'white']"
 musk and thiel want to accelerate their plan to create a technofacist network state  trump and his tariff fetish along with his dementia are getting in the way  vance groomed and paid for by thiel has always been their plan,37,37_musk_elon_tesla_elonmusk,"['musk', 'elon', 'tesla', 'elonmusk', 'trumps', 'trump', 'maga', 'corrupt', 'beautiful', 'white']"
 elon musk has consistently expressed opposition to tariffs he argues that tariffs disrupt global supply chains raise costs for consumers and hinder economic efficiency specifically musk has criticized president donald trumps tariff,37,37_musk_elon_tesla_elonmusk,"['musk', 'elon', 'tesla', 'elonmusk', 'trumps', 'trump', 'maga', 'corrupt', 'beautiful', 'white']"
 i do feel like trump lost a lot of support with his handling of the tariff stuff theres a chance elon comes out on top,38,38_elon_tesla_doge_he,"['elon', 'tesla', 'doge', 'he', 'trump', 'his', 'and', 'bill', 'with', 'vs']"
 love both of them so much two brilliant successful men who are not use to compromise both want the same result trump wants to bring and create job with his tariff deals before eliminates all spending wants the dome elon gave up allot with doge,38,38_elon_tesla_doge_he,"['elon', 'tesla', 'doge', 'he', 'trump', 'his', 'and', 'bill', 'with', 'vs']"
" 
its elon drama as usual  nobody asked elon to support the trump campaign and no one asked elon to work at doge well he did it thats great  elon was like a puppy following trump everywhere but  i do agree with elon on tariff and big bill  elon is a grownup",38,38_elon_tesla_doge_he,"['elon', 'tesla', 'doge', 'he', 'trump', 'his', 'and', 'bill', 'with', 'vs']"
  elon just did a tariff on the us concerning space x,38,38_elon_tesla_doge_he,"['elon', 'tesla', 'doge', 'he', 'trump', 'his', 'and', 'bill', 'with', 'vs']"
 we need something all elon is doing is helping democrats its funny how he spent years voting for the very people putting us in debt allowing an invasion and usaid but refuses to put faith in trumps multi step process with this bbbnotice he ignores the tariff revenue coming,38,38_elon_tesla_doge_he,"['elon', 'tesla', 'doge', 'he', 'trump', 'his', 'and', 'bill', 'with', 'vs']"
"in the face of federal tax hikes  is standing with pa farmers

im not sure why the trump admin is looking to screw over our farmers

 amid trump tariff uncertainty shapiro tells farmers we have their backs gt
",39,39_farmers_agriculture_farm_john,"['farmers', 'agriculture', 'farm', 'john', 'food', 'term', 'their', 'out', 'first', 'family']"
  how does the us grow that food using potash it produces m and imports m from canada trump imposed an  tariff that us farmers now have to pay or they can not fertilize and reduced yields and prices go up for us consumers,39,39_farmers_agriculture_farm_john,"['farmers', 'agriculture', 'farm', 'john', 'food', 'term', 'their', 'out', 'first', 'family']"
 one of thousands of examples of farmers that will be directly damaged by the trump tariff tax on farmers,39,39_farmers_agriculture_farm_john,"['farmers', 'agriculture', 'farm', 'john', 'food', 'term', 'their', 'out', 'first', 'family']"
" 

how stupid can you farmers be using the tariffs as a excuse to destroy your crops you must be democratics that are used to getting more money you lost your illegal help and your price because the prices are coming down just like trump promised",39,39_farmers_agriculture_farm_john,"['farmers', 'agriculture', 'farm', 'john', 'food', 'term', 'their', 'out', 'first', 'family']"
california farms face b threat from trumpchina tariff clash hitting exports hard photo frederic j brownafpgetty images californiafarms tradewar agriculture  ,39,39_farmers_agriculture_farm_john,"['farmers', 'agriculture', 'farm', 'john', 'food', 'term', 'their', 'out', 'first', 'family']"
  well itll still be cheaper to buy an iphone with the  tariff than if its made in the us reducing the debt would be easier if youre not passing a bill even republicans are saying will add  trillion to the debt,40,40_debt_trillion_revenue_cuts,"['debt', 'trillion', 'revenue', 'cuts', 'trillions', 'national', 'deficit', 'interest', 'spending', 'billion']"
   thats what reconciliation bills arethey are what you spend for the fiscal year everyone fails to take into account tariff revenue or the trump gold card reducing trillions from our debt no one ever mentions growth that actually happens under this potusnot more debt like joe,40,40_debt_trillion_revenue_cuts,"['debt', 'trillion', 'revenue', 'cuts', 'trillions', 'national', 'deficit', 'interest', 'spending', 'billion']"
  reverse the selected road adopted by current administration specially by trump adopting austerity measures to reduce and payoff the debt amounts via  or  years plans  reduce the conflict with countries specially canada and mexico on tariff wars  cut the taxes from,40,40_debt_trillion_revenue_cuts,"['debt', 'trillion', 'revenue', 'cuts', 'trillions', 'national', 'deficit', 'interest', 'spending', 'billion']"
victor davis hanson the quiet economic boom of trump   via  historianvictor talks about how some of the hangovers of the biden admins spending will work against some of the deficit cuts  hoped for but  returns on tariff plan may offset it,40,40_debt_trillion_revenue_cuts,"['debt', 'trillion', 'revenue', 'cuts', 'trillions', 'national', 'deficit', 'interest', 'spending', 'billion']"
"the us debt crisis is our biggest issue with the least attention
comment and it sits behind the sense of urgency brought by potus to his misguided tariff assault on the world",40,40_debt_trillion_revenue_cuts,"['debt', 'trillion', 'revenue', 'cuts', 'trillions', 'national', 'deficit', 'interest', 'spending', 'billion']"
"the new us tariffs are hitting everyday products hard  from family suvs to your morning coffee heres a breakdown of how much more consumers are paying because of these tariffs
ustariff  trumptariffs ",41,41_prices_price_increase_increases,"['prices', 'price', 'increase', 'increases', 'consumer', 'passed', 'consumers', 'raise', 'cost', 'because']"
this is from may when the trump tariff rate on aluminum was  it is now  because the price you had to pay wasnt punishing enough ,41,41_prices_price_increase_increases,"['prices', 'price', 'increase', 'increases', 'consumer', 'passed', 'consumers', 'raise', 'cost', 'because']"
"   how isnt the  tariff not trumps fault for cost increases  
why shouldnt a business pass that cost to the consumer",41,41_prices_price_increase_increases,"['prices', 'price', 'increase', 'increases', 'consumer', 'passed', 'consumers', 'raise', 'cost', 'because']"
"  only demonrats have been driving up expenses

that makes no sense

increase tariffs on food items   increase prices   paying more money at the register

nothing to do with dems trump tariff increases are the sole reason for price increase ",41,41_prices_price_increase_increases,"['prices', 'price', 'increase', 'increases', 'consumer', 'passed', 'consumers', 'raise', 'cost', 'because']"
"blackmagic pyxis k sees sudden price hike in the us after tariff changes

 

read more 

blackmagicpyxis ustariff pricehike tariffs ",41,41_prices_price_increase_increases,"['prices', 'price', 'increase', 'increases', 'consumer', 'passed', 'consumers', 'raise', 'cost', 'because']"
" no shit huh

",42,42_article_read_cry_link,"['article', 'read', 'cry', 'link', 'lol', 'story', 'huh', 'post', 'oh', 'harder']"
well this isnt good  ,42,42_article_read_cry_link,"['article', 'read', 'cry', 'link', 'lol', 'story', 'huh', 'post', 'oh', 'harder']"
" uh huh

",42,42_article_read_cry_link,"['article', 'read', 'cry', 'link', 'lol', 'story', 'huh', 'post', 'oh', 'harder']"
"  this one is temporary but who knows
",42,42_article_read_cry_link,"['article', 'read', 'cry', 'link', 'lol', 'story', 'huh', 'post', 'oh', 'harder']"
  oh no more good news  ,42,42_article_read_cry_link,"['article', 'read', 'cry', 'link', 'lol', 'story', 'huh', 'post', 'oh', 'harder']"
trump administration wants countries best offer by wednesday in tariff talks,43,43_july_deadline_pause_ends,"['july', 'deadline', 'pause', 'ends', 'extend', 'offers', 'wednesday', 'date', 'best', 'th']"
" demand side tariff deadlines incoming

july  tariffs on germany japan canada  unresolved

august  china deadline  partial progress

history says
tariffs kill demand  oil dumps fast
remember aprils  crash after trumps tariff bomb",43,43_july_deadline_pause_ends,"['july', 'deadline', 'pause', 'ends', 'extend', 'offers', 'wednesday', 'date', 'best', 'th']"
" business catalysts

when the us tariff moratorium expires on july  tech investors are betting that the president will extend it this will benefit some automotive suppliers investors can focus on companies that provide technology to the automotive industry last month ",43,43_july_deadline_pause_ends,"['july', 'deadline', 'pause', 'ends', 'extend', 'offers', 'wednesday', 'date', 'best', 'th']"
trump says hes not planning to extend july  deadline for trade deals ,43,43_july_deadline_pause_ends,"['july', 'deadline', 'pause', 'ends', 'extend', 'offers', 'wednesday', 'date', 'best', 'th']"
"tmit may is upon us and so are some important effective dates and due dates on major tariff actions listen for more details on two minutes in trade 

deadlines

sandler travis amp rosenberg pa  

",43,43_july_deadline_pause_ends,"['july', 'deadline', 'pause', 'ends', 'extend', 'offers', 'wednesday', 'date', 'best', 'th']"
"this is the absolute stupidity that trumps cabinet has to deal with 

this ny democrat can barely speak english has to be fed questions to ask by her staffer and tries to imply that she deserves to know critical tariff negotiation details

bessent co 
",44,44_she_her_women_boy,"['she', 'her', 'women', 'boy', 'spread', 'company', 'look', 'effects', 'sharing', 'our']"
 so fair in fact its exactly what commiela promised after she heard president trumps idea like how biden not only kept trumps  china tariff but then raised it to  you dems are most hated and mistrusted in all nbc cnn etc polling history  on purpose child,44,44_she_her_women_boy,"['she', 'her', 'women', 'boy', 'spread', 'company', 'look', 'effects', 'sharing', 'our']"
with dei and tariff threats black women survivalists step into the spotlight ,44,44_she_her_women_boy,"['she', 'her', 'women', 'boy', 'spread', 'company', 'look', 'effects', 'sharing', 'our']"
i am the ceo of a truck manufacturing company i just fired my housemaid of over  years because all she does is collect the wages that i pay her but she never ever thought of buying a truck from me in return  trumptarrifs  tariffwar ustariff  trump,44,44_she_her_women_boy,"['she', 'her', 'women', 'boy', 'spread', 'company', 'look', 'effects', 'sharing', 'our']"
"angela is not a fan of blue whatshe looks so good in many shades of blue
her wardrobe was everything black when she met her stylisttypical new yorker
she was invited by burberry to met with only abt a month to preparesurprising
",44,44_she_her_women_boy,"['she', 'her', 'women', 'boy', 'spread', 'company', 'look', 'effects', 'sharing', 'our']"
all of trumptariff chais for what the numbers do not add up compared to the decimation of markets most importantly the bond market and the dollar ask any real expert and none of trump policy makes sense on any level we are not making billions and billions these weeks ,45,45_bond_bonds_yields_market,"['bond', 'bonds', 'yields', 'market', 'debt', 'yield', 'treasury', 'selloff', 'investors', 'crisis']"
 bonds many nations can crash the us economy is they sell off bonds slowly us has to increase the bond interest rate to prevent them from selling them off get rid of the tariff policy and then the reaction will be better,45,45_bond_bonds_yields_market,"['bond', 'bonds', 'yields', 'market', 'debt', 'yield', 'treasury', 'selloff', 'investors', 'crisis']"
"  trump keeps the  blanket tariff on uk since then the bond yield have been going up

the bond market is telling you if trump keeps the  stupid tariff to every country the inflation is coming soon",45,45_bond_bonds_yields_market,"['bond', 'bonds', 'yields', 'market', 'debt', 'yield', 'treasury', 'selloff', 'investors', 'crisis']"
us treasuries haven status upended as global tariff war unleashed by trump hits bond market via  ,45,45_bond_bonds_yields_market,"['bond', 'bonds', 'yields', 'market', 'debt', 'yield', 'treasury', 'selloff', 'investors', 'crisis']"
after the tariff shock threat of a us bond market crisis looms ,45,45_bond_bonds_yields_market,"['bond', 'bonds', 'yields', 'market', 'debt', 'yield', 'treasury', 'selloff', 'investors', 'crisis']"
"fx market cant misprice the us dollar anymore
now it is clear that the fed wont cut in the summer and wants to confirm tariff effect early in the second half

euro aussie pound all other currencies against the us dollar should be corrected that is the way it should be",46,46_dollar_usd_since_worst,"['dollar', 'usd', 'since', 'worst', 'threats', 'currency', 'continued', 'has', 'backed', 'lowest']"
dollar slides to threeyear low while ftse  hits record high  dollar  the guardian ,46,46_dollar_usd_since_worst,"['dollar', 'usd', 'since', 'worst', 'threats', 'currency', 'continued', 'has', 'backed', 'lowest']"
the dollar has its worst start to a year since  it has continued to slide even as president trump has backed down from his tariff threats and the us stock market has recovered from its losses ,46,46_dollar_usd_since_worst,"['dollar', 'usd', 'since', 'worst', 'threats', 'currency', 'continued', 'has', 'backed', 'lowest']"
  nobody is celebrating at least we were told the cedi is appreciating because of us tariff war among others so lets see how it goes,46,46_dollar_usd_since_worst,"['dollar', 'usd', 'since', 'worst', 'threats', 'currency', 'continued', 'has', 'backed', 'lowest']"
us dollar suffers worst start to a year since  over trump tariff concerns,46,46_dollar_usd_since_worst,"['dollar', 'usd', 'since', 'worst', 'threats', 'currency', 'continued', 'has', 'backed', 'lowest']"
" sec what are you going to do about all the inside trading going on in congress mtg or is your commission afraid or bought off by trump
tariff  ponziscam",47,47_insider_trading_stock_inside,"['insider', 'trading', 'stock', 'inside', 'insiders', 'manipulation', 'announcement', 'announcements', 'fox', 'info']"
"market insiders buckle up for further financial turmoil as donald trumps tariffs herald upheaval amp risk recession
",47,47_insider_trading_stock_inside,"['insider', 'trading', 'stock', 'inside', 'insiders', 'manipulation', 'announcement', 'announcements', 'fox', 'info']"
like i said before about trump amp insider tradingtipping of wall street execs when a tariff deal is coming wow when are we going to hold trump amp his henchmen accountable for all of this crap in our country when,47,47_insider_trading_stock_inside,"['insider', 'trading', 'stock', 'inside', 'insiders', 'manipulation', 'announcement', 'announcements', 'fox', 'info']"
here are all the trump insiders who sold off billions in stocks before tariff announcement  everyone was told worldwide tariffs were part of what he planned on doing prior to his winning and being sworn in so your point,47,47_insider_trading_stock_inside,"['insider', 'trading', 'stock', 'inside', 'insiders', 'manipulation', 'announcement', 'announcements', 'fox', 'info']"
"breaking   urges congress to investigate insider trading related to trumps tariff announcement today

he alleges trumps inner circle could be profiting from these market swings ",47,47_insider_trading_stock_inside,"['insider', 'trading', 'stock', 'inside', 'insiders', 'manipulation', 'announcement', 'announcements', 'fox', 'info']"
"trump just announced he just made his first signed tariff treaty with the virgin islands
wait
never mind ",48,48_penguins_island_heard_population,"['penguins', 'island', 'heard', 'population', 'put', 'slapped', 'known', 'trumptariff', 'figure', 'on']"
"   can you summarize the usa tariffs and embargoes against russia 

also did trump tariff penguins",48,48_penguins_island_heard_population,"['penguins', 'island', 'heard', 'population', 'put', 'slapped', 'known', 'trumptariff', 'figure', 'on']"
  the tariff chart indicates mcdonald islands penguins managed to put a  tariff on the us to then deserve a  reciprocal tariff,48,48_penguins_island_heard_population,"['penguins', 'island', 'heard', 'population', 'put', 'slapped', 'known', 'trumptariff', 'figure', 'on']"
donald trumps administration imposed a  tariff on imports from heard and mcdonald islands remote australian territories inhabited only by penguins and seals critics mocked the move calling it absurd and questioning its rationale the islands known for their wildlife have,48,48_penguins_island_heard_population,"['penguins', 'island', 'heard', 'population', 'put', 'slapped', 'known', 'trumptariff', 'figure', 'on']"
"fiji prepares lastminute us visit as trumps  tariff deadline nears water exports at risk
read here 

       fiji fijian fiji fijiislands fijiwater ",48,48_penguins_island_heard_population,"['penguins', 'island', 'heard', 'population', 'put', 'slapped', 'known', 'trumptariff', 'figure', 'on']"
apple reroutes  of foxconn iphone exports from india to us between march and may as trump threatens  tariff on nonusmade iphones report ,49,49_india_apple_iphones_iphone,"['india', 'apple', 'iphones', 'iphone', 'apples', 'production', 'shifts', 'move', 'made', 'moving']"
apple shipped five planeloads of iphones and other products in three days to beat ustariff deadline ,49,49_india_apple_iphones_iphone,"['india', 'apple', 'iphones', 'iphone', 'apples', 'production', 'shifts', 'move', 'made', 'moving']"
  indias trade agreement with the usdont make iphones there or a  tariff applies,49,49_india_apple_iphones_iphone,"['india', 'apple', 'iphones', 'iphone', 'apples', 'production', 'shifts', 'move', 'made', 'moving']"
"with the call premiums and oi spiking on aapl and current news coverage on india i have a theory on what may be happening

apple has made a roadmap to move all production of iphones to india as has been reported
the us has preliminarily made a tariff deal with india in ",49,49_india_apple_iphones_iphone,"['india', 'apple', 'iphones', 'iphone', 'apples', 'production', 'shifts', 'move', 'made', 'moving']"
  it is useless for india to impose a  tariff on us steel because the us has no steel to export to india at all it is recommended that india should impose a  tariff on us  made mobile phones only then will trump be afraid,49,49_india_apple_iphones_iphone,"['india', 'apple', 'iphones', 'iphone', 'apples', 'production', 'shifts', 'move', 'made', 'moving']"
"trump tariff revenue soars  whos paying them 

",50,50_tax_taxes_income_history,"['tax', 'taxes', 'income', 'history', 'revenue', 'americans', 'trump', 'yall', 'rich', 'new']"
republicans admit trump is slapping tariff taxes on everyday items to help pay for billionaire tax breaks,50,50_tax_taxes_income_history,"['tax', 'taxes', 'income', 'history', 'revenue', 'americans', 'trump', 'yall', 'rich', 'new']"
trumps  across the board baseline tariff is a national tax  its more than canadas  goods and services tax and they get nationalized health care  were funding a tax cut for the uber wealthy,50,50_tax_taxes_income_history,"['tax', 'taxes', 'income', 'history', 'revenue', 'americans', 'trump', 'yall', 'rich', 'new']"
 i was being sarcastic and that would be the end result of trumps tariff policies which are arbitrary and  unrealistic in terms of there stated goals they appear to be a vat to balance out a  tax cut for the wealthiest among us  the fed should work on facts not pressure,50,50_tax_taxes_income_history,"['tax', 'taxes', 'income', 'history', 'revenue', 'americans', 'trump', 'yall', 'rich', 'new']"
trump tax hits home i received a tariff bill for gear  you might too ,50,50_tax_taxes_income_history,"['tax', 'taxes', 'income', 'history', 'revenue', 'americans', 'trump', 'yall', 'rich', 'new']"
"who are you fooling steve trump said he put tariff penalties on legitimate imports and exports because criminals who have nothing to do with the legitimacy of a countrys trade policy were sending fentanyl to the us

trump does not know what hes doing hes winging it",51,51_fentanyl_stop_drug_border,"['fentanyl', 'stop', 'drug', 'border', 'existing', 'china', 'baseline', 'they', 'sending', 'incentive']"
    perhaps trump will put a heavy tariff on fentanyl and then we can manufacture the drug in america,51,51_fentanyl_stop_drug_border,"['fentanyl', 'stop', 'drug', 'border', 'existing', 'china', 'baseline', 'they', 'sending', 'incentive']"
"gtvows to end russiaukraine war gets worse
gttariff money to fight fentanyl does nothing to fight fentanyl
gtmid deportation numbers
gtfolds on deportations
gtpalantir surveillance on us soil
gtstarts war with nd most populated country in the middle east double the size of iraq",51,51_fentanyl_stop_drug_border,"['fentanyl', 'stop', 'drug', 'border', 'existing', 'china', 'baseline', 'they', 'sending', 'incentive']"
"a us narrative seeks to justify an unjust tariff on canada  

fbi director again blames vancouver for fentanyl crisis but us data says otherwise

pmmc should get ready with retaliatory measures   ",51,51_fentanyl_stop_drug_border,"['fentanyl', 'stop', 'drug', 'border', 'existing', 'china', 'baseline', 'they', 'sending', 'incentive']"
"china chose to take a  tariff instead of stop sending fentanyl here

thats because they can kill k americans every year
 kids a week and cause millions to be drug addicted causing crime and homelessness 

costing the us whole generations lost to death and drugs",51,51_fentanyl_stop_drug_border,"['fentanyl', 'stop', 'drug', 'border', 'existing', 'china', 'baseline', 'they', 'sending', 'incentive']"
"gold prices slide as markets react to tariff delay 

goldupdate marketsentiment safehaven trumptariff andromarkets tradesmart goldpricedrop  ",52,52_gold_dollar_asset_usd,"['gold', 'dollar', 'asset', 'usd', 'bitcoin', 'stable', 'reserve', 'investors', 'as', 'trumptariff']"
         it is useful if you had gold stored though this system and needed to make a big payment during the first days of the trump tariff policy you might have needed to sell stocks while they were down instead you could have used your gold which was going up in value,52,52_gold_dollar_asset_usd,"['gold', 'dollar', 'asset', 'usd', 'bitcoin', 'stable', 'reserve', 'investors', 'as', 'trumptariff']"
gold price today news federal court blocks trumps reciprocal tariffs gold down goldpricetodaynews trumptariff courttariff preciousmetals gold silver bullion goldsilvernews trump ustariff reciprocaltariffs  ,52,52_gold_dollar_asset_usd,"['gold', 'dollar', 'asset', 'usd', 'bitcoin', 'stable', 'reserve', 'investors', 'as', 'trumptariff']"
as well as gold as a hedge against risk this is a concrete manifestation of financial pressureinternationally countries are acting in concert to collectively counter us tariff pressures and refuse to make concessions to the us which adds to the international pressure on  us,52,52_gold_dollar_asset_usd,"['gold', 'dollar', 'asset', 'usd', 'bitcoin', 'stable', 'reserve', 'investors', 'as', 'trumptariff']"
" global volatility is punishing oil but fueling gold
gold mining stocks are about to shineliterally and financially
trump trumpmarketcrash trumptariff stockmarketcrash gold oil",52,52_gold_dollar_asset_usd,"['gold', 'dollar', 'asset', 'usd', 'bitcoin', 'stable', 'reserve', 'investors', 'as', 'trumptariff']"
its nifty expiry day apr  brace for chaos us markets overnight nasdaq shines dow slips amid tariff jitters will nifty hold key levels or crack under pressure nifty stockmarket,53,53_nifty_stockmarket_trumptariff_indian,"['nifty', 'stockmarket', 'trumptariff', 'indian', 'stockmarketcrash', 'india', 'ustariff', 'investing', 'tarrif', 'delayed']"
"trumptariff impact  itc raymond tatamotors among stocks that could take revenue hit ndtvprofitmarkets 
 
read more  ",53,53_nifty_stockmarket_trumptariff_indian,"['nifty', 'stockmarket', 'trumptariff', 'indian', 'stockmarketcrash', 'india', 'ustariff', 'investing', 'tarrif', 'delayed']"
"nifty levels 
th april  
th april  
note that in these  days  days the market was closed  upmove in just  trading days
nifty trumptariff  index stockmarketsindia nifty ",53,53_nifty_stockmarket_trumptariff_indian,"['nifty', 'stockmarket', 'trumptariff', 'indian', 'stockmarketcrash', 'india', 'ustariff', 'investing', 'tarrif', 'delayed']"
"option sellers in the last two days

memes tradingmemes donaldtrump ustariff nifty banknifty zerodha streak ",53,53_nifty_stockmarket_trumptariff_indian,"['nifty', 'stockmarket', 'trumptariff', 'indian', 'stockmarketcrash', 'india', 'ustariff', 'investing', 'tarrif', 'delayed']"
"

indian stockmarket experienced volatility initially facing a selloff due to renewed ustariff concerns but rebounded strongly later in the week sectorwise metals energy and pharma led gains the market will be open only  days next week due to ",53,53_nifty_stockmarket_trumptariff_indian,"['nifty', 'stockmarket', 'trumptariff', 'indian', 'stockmarketcrash', 'india', 'ustariff', 'investing', 'tarrif', 'delayed']"
 also trumps tariff proposals will raise cost of prescription drugs through the roof,54,54_drug_pharma_prices_companies,"['drug', 'pharma', 'prices', 'companies', 'exceptions', 'warn', 'threat', 'skyrocket', 'experts', 'big']"
  and when happens if trump puts an export tariff on pharmaceuticals guess where the majority of global medicines are produced,54,54_drug_pharma_prices_companies,"['drug', 'pharma', 'prices', 'companies', 'exceptions', 'warn', 'threat', 'skyrocket', 'experts', 'big']"
" announces entry into the us market and commencement of madeinamerica manufacturing through a strategic agreement with dolcas biotech a new jerseybased developer and manufacturer of clinically studied nutraceutical ingredients

cosm

",54,54_drug_pharma_prices_companies,"['drug', 'pharma', 'prices', 'companies', 'exceptions', 'warn', 'threat', 'skyrocket', 'experts', 'big']"
   i can guarantee you that putting an export tariff on these pharmaceuticals will do nothing for us drug prices there is no incentive here to lower the domestic prices just to increase export prices,54,54_drug_pharma_prices_companies,"['drug', 'pharma', 'prices', 'companies', 'exceptions', 'warn', 'threat', 'skyrocket', 'experts', 'big']"
"trump says were going to put tariff on our pharmaceuticals and once we do that  theyre going to come rushing back into our country because were the  big market

they are the big market  because half of america is barking stupid including its faux leader",54,54_drug_pharma_prices_companies,"['drug', 'pharma', 'prices', 'companies', 'exceptions', 'warn', 'threat', 'skyrocket', 'experts', 'big']"
but the fact that he is so butt hurt that he cant have our country he goes off the rails and tariff the shit out of us guess what it will come back to bite him in his vindictive and selfish ass fucktrump,55,55_he_him_hes_his,"['he', 'him', 'hes', 'his', 'hate', 'rest', 'pain', 'shit', 'making', 'himself']"
 i hope hes making it up the proposed  tariff deal is horrible for us,55,55_he_him_hes_his,"['he', 'him', 'hes', 'his', 'hate', 'rest', 'pain', 'shit', 'making', 'himself']"
"  you think hes really going to hammer out any deals lmao 

and yeah his tariff bullshit is going to hurt us for a very long time",55,55_he_him_hes_his,"['he', 'him', 'hes', 'his', 'hate', 'rest', 'pain', 'shit', 'making', 'himself']"
 im sure if hes such a leader as you say hell have trump eating out of his hand guaranteed to get those nuclear subs fired free and our exports tariff free,55,55_he_him_hes_his,"['he', 'him', 'hes', 'his', 'hate', 'rest', 'pain', 'shit', 'making', 'himself']"
 not sure if i like him anymore rome too much tariff too fast he couldve started with  and gradually increased semi or annually he screwed us up we were making so much money now were broke again,55,55_he_him_hes_his,"['he', 'him', 'hes', 'his', 'hate', 'rest', 'pain', 'shit', 'making', 'himself']"
"trump terminates trade talks with canada over tax on american tech will announce tariff in coming days
",56,56_digital_canada_services_talks,"['digital', 'canada', 'services', 'talks', 'tax', 'tech', 'optimism', 'canadian', 'canadas', 'over']"
" 
the only trade talks have been trump taxing americans for buying canadian goods 

he announces calling off talks that was having by himself and people act like something has changed

fkn comical

he wants more tariff revenue

easy",56,56_digital_canada_services_talks,"['digital', 'canada', 'services', 'talks', 'tax', 'tech', 'optimism', 'canadian', 'canadas', 'over']"
"trump says hes terminating all discussions on trade with canada

president trump said hell let canada know what their tariff rate on exports to the us will be soon

",56,56_digital_canada_services_talks,"['digital', 'canada', 'services', 'talks', 'tax', 'tech', 'optimism', 'canadian', 'canadas', 'over']"
trump cuts off us trade talks with canada shattering optimism over tariff deals ,56,56_digital_canada_services_talks,"['digital', 'canada', 'services', 'talks', 'tax', 'tech', 'optimism', 'canadian', 'canadas', 'over']"
trump stated he is terminating all discussions on trade with canada and will soon announce their tariff rate,56,56_digital_canada_services_talks,"['digital', 'canada', 'services', 'talks', 'tax', 'tech', 'optimism', 'canadian', 'canadas', 'over']"
"how will the market penalize trumps decision in iran severely

trump tariff short squeeze fakecrash oil gold natgas goog amzn meta appl tsla nvda avgo spy qqq tradedeal bitcoin banks recession bigshort housing crisis banks bailout swap default ",57,57_iran_weeks_nuclear_two,"['iran', 'weeks', 'nuclear', 'two', 'july', 'deals', 'days', 'th', 'debacle', 'pause']"
trump should impose a  tariff on shipments of mens cologne to iran ,57,57_iran_weeks_nuclear_two,"['iran', 'weeks', 'nuclear', 'two', 'july', 'deals', 'days', 'th', 'debacle', 'pause']"
 its called donald trump fuckin with everybody yet again day he might or might not attack iran and will give  days to decide total market manipulationthats all hes done since january oh and the tariff deadline is in  dayshow ironic,57,57_iran_weeks_nuclear_two,"['iran', 'weeks', 'nuclear', 'two', 'july', 'deals', 'days', 'th', 'debacle', 'pause']"
 trump bombing iran has very little to with stopping them from being able to make nuclear weapons its a good reason and excuse to bomb them but he needed to end the failing tariff war questions and deflect to a new conversation as he always does,57,57_iran_weeks_nuclear_two,"['iran', 'weeks', 'nuclear', 'two', 'july', 'deals', 'days', 'th', 'debacle', 'pause']"
"despite better than expected cpi data and another  day pause news of uschina tariff market did not hurrahed and remain muted
oil and xom cvx began to move up this week amp gold showing strength
now iran is this just a nego card for the us",57,57_iran_weeks_nuclear_two,"['iran', 'weeks', 'nuclear', 'two', 'july', 'deals', 'days', 'th', 'debacle', 'pause']"
read trump admin already walks back smartphone laptop tariff exemption on smartnews  smartnews,58,58_smartnews_republic_angry_fox,"['smartnews', 'republic', 'angry', 'fox', 'read', 'scam', 'fiasco', 'walmart', 'new', 'desperate']"
"trump cant tariff companies 

read trump is threatening to impose tariffs on two american companies on smartnews  smartnews",58,58_smartnews_republic_angry_fox,"['smartnews', 'republic', 'angry', 'fox', 'read', 'scam', 'fiasco', 'walmart', 'new', 'desperate']"
"trumps latest tariff reversal offers fresh evidence hes bad for business  via  
usnews worldnews trump donaldtrump donthecon trumpnews trumptariffs trumprhetoric nytimes wsj",58,58_smartnews_republic_angry_fox,"['smartnews', 'republic', 'angry', 'fox', 'read', 'scam', 'fiasco', 'walmart', 'new', 'desperate']"
"lefts tariff doomsday predictions fall flat as trumps america thrives

",58,58_smartnews_republic_angry_fox,"['smartnews', 'republic', 'angry', 'fox', 'read', 'scam', 'fiasco', 'walmart', 'new', 'desperate']"
"eric trump breaks ground on b resort in country desperate for tariff relief from his dad 
source thedailybeast ",58,58_smartnews_republic_angry_fox,"['smartnews', 'republic', 'angry', 'fox', 'read', 'scam', 'fiasco', 'walmart', 'new', 'desperate']"
 agree  and its not clear whether congress even delegated tariff authority in the first place ,59,59_congress_act_power_authority,"['congress', 'act', 'power', 'authority', 'constitution', 'section', 'powers', 'expansion', 'law', 'executive']"
"     scotus did no such thing
de facto immunity for us presidents has existed for centuries otherwise people like fdr and obama wouldve been tried

congress punted tariff power long ago your other claims arent as simplistic as you claim",59,59_congress_act_power_authority,"['congress', 'act', 'power', 'authority', 'constitution', 'section', 'powers', 'expansion', 'law', 'executive']"
trump has invoked the international emergency economic powers act imposing a sweeping  tariff on imports  and harsher measures against globalist strongholds,59,59_congress_act_power_authority,"['congress', 'act', 'power', 'authority', 'constitution', 'section', 'powers', 'expansion', 'law', 'executive']"
  the us constitution vested tariffsetting with congress us trade policy should not be set at the whim of this or any one president,59,59_congress_act_power_authority,"['congress', 'act', 'power', 'authority', 'constitution', 'section', 'powers', 'expansion', 'law', 'executive']"
an unlimited delegation of tariff authority would constitute an improper abdication of legislative power to another branch of government the court wrote in its unsigned opinion ,59,59_congress_act_power_authority,"['congress', 'act', 'power', 'authority', 'constitution', 'section', 'powers', 'expansion', 'law', 'executive']"
"   i have never been confused for a democrat
but liquidation day was a disaster 
no real effort put into logic
isolated our allies instead of of strengthing relationships im sure if they said  tariff because you actually tariff us would been fine instead of made up numbers",60,60_democrats_republicans_party_democrat,"['democrats', 'republicans', 'party', 'democrat', 'democratic', 'dems', 'midterms', 'are', 'vote', 'they']"
"are the republicans in congress so fucking addled that they dont see that every single thing that the trump administration is doing is ruining the us
alligator alcatraz
wearables to track us for maha
selling wilderness
cutting basic safety nets
tariff inflation
war",60,60_democrats_republicans_party_democrat,"['democrats', 'republicans', 'party', 'democrat', 'democratic', 'dems', 'midterms', 'are', 'vote', 'they']"
 democrats still have the lowest rating ever and lowered than trump and just wait once the tariff stuff is figured out his number is going to skyrocket you poor democrats will be crying about something else saying hes  racist or who knows at this point,60,60_democrats_republicans_party_democrat,"['democrats', 'republicans', 'party', 'democrat', 'democratic', 'dems', 'midterms', 'are', 'vote', 'they']"
  of all the issues the democrats fight i believe their support of illegal immigration and fighting donald trumps tariff proposals are the two bi biggest examples that democrats are antiamerican,60,60_democrats_republicans_party_democrat,"['democrats', 'republicans', 'party', 'democrat', 'democratic', 'dems', 'midterms', 'are', 'vote', 'they']"
democrats can thank trump for  tariff against china  via ,60,60_democrats_republicans_party_democrat,"['democrats', 'republicans', 'party', 'democrat', 'democratic', 'dems', 'midterms', 'are', 'vote', 'they']"
" mmmm no

 gdp was not contracting under biden this is not bidens economy this was trumps tariff fetish and the rest of you sycophants agreeing to it
 he said economy would take off from day one no short term medium term or long term pain

its recorded  

good try",61,61_biden_bidens_under_economy,"['biden', 'bidens', 'under', 'economy', 'was', 'fault', 'started', 'when', 'had', 'did']"
"this is peak reverse tds

the economy has contacted for the first time in years not because of biden but because of trumps tariff war

the middle class tax cuts are already on place 

so what the f is this guy even talking about",61,61_biden_bidens_under_economy,"['biden', 'bidens', 'under', 'economy', 'was', 'fault', 'started', 'when', 'had', 'did']"
" actually the us runs on fiscal years from october to october so technically we are still in a biden economy however the tariff strategy is a significant factor so you can call it trumps markets

theres nothing wrong with that as they will be fully recovered by mid summer",61,61_biden_bidens_under_economy,"['biden', 'bidens', 'under', 'economy', 'was', 'fault', 'started', 'when', 'had', 'did']"
 oh ffs biden didnt reduce a single tariff during his presidency in fact he raised several of them the us has had tariffs on nearly every good since forever reagan had mfn status and didnt trade with any of the soviet bloc this tariff fundamentalism is ludicrous,61,61_biden_bidens_under_economy,"['biden', 'bidens', 'under', 'economy', 'was', 'fault', 'started', 'when', 'had', 'did']"
when biden rightly accused companies of price gouging during the pandemic the media said he was full of shit companies raising prices directly because of trumps tariff policies get this banger from the paper of record tm ,61,61_biden_bidens_under_economy,"['biden', 'bidens', 'under', 'economy', 'was', 'fault', 'started', 'when', 'had', 'did']"
  sen rand pauls vote with democrats to block tariffs exposes glaring inconsistency he calls tariffs a tax but ignores that other nations tariff us why reject reciprocal tariffs to protect american interests his rigid libertarianism dismisses pragmatic tools to balance trade,62,62_rand_paul_senator_against,"['rand', 'paul', 'senator', 'against', 'bill', 'agenda', 'hes', 'power', 'he', 'authority']"
 i have respect for rand paul but dont agree with him on all the issues he is sincere dedicated amp a true patriot but on this tariff issue he needs to let trump do it his way trump is the expert on this st term economy boom is proof,62,62_rand_paul_senator_against,"['rand', 'paul', 'senator', 'against', 'bill', 'agenda', 'hes', 'power', 'he', 'authority']"
breaking senator rand paul is cosponsoring a bill to remove president trumps tariff authority and return that power to congress,62,62_rand_paul_senator_against,"['rand', 'paul', 'senator', 'against', 'bill', 'agenda', 'hes', 'power', 'he', 'authority']"
  tell the senate to leave their mittens off president trumps tariff schedule we elected him to do exactly as he is doing presently and interference by senator paul and democrats would be most improper,62,62_rand_paul_senator_against,"['rand', 'paul', 'senator', 'against', 'bill', 'agenda', 'hes', 'power', 'he', 'authority']"
    rand you are grandstanding again you have obstructed the will of the voters with your inane tariff opposition stop talking at us and show us what you are actually doing to  support our agenda otherwise shut up,62,62_rand_paul_senator_against,"['rand', 'paul', 'senator', 'against', 'bill', 'agenda', 'hes', 'power', 'he', 'authority']"
"trumps day tariff pause sends mixed signals to markets and world leaders



trumptariff tariffpause marketreaction globaleconomy tradewar economicimpact worldleaders financialnews",63,63_pause_day_pauses_paused,"['pause', 'day', 'pauses', 'paused', 'days', 'donaldtrump', 'markets', 'globaleconomy', 'vehicle', 'rep']"
  are you talking about the hour trump announced the  day tariff pause today and then there was a huge green day last night before open is irrelevant,63,63_pause_day_pauses_paused,"['pause', 'day', 'pauses', 'paused', 'days', 'donaldtrump', 'markets', 'globaleconomy', 'vehicle', 'rep']"
huge move after trump tariff pause ,63,63_pause_day_pauses_paused,"['pause', 'day', 'pauses', 'paused', 'days', 'donaldtrump', 'markets', 'globaleconomy', 'vehicle', 'rep']"
trumps day tariff countdown global trade hits pause  via  trump,63,63_pause_day_pauses_paused,"['pause', 'day', 'pauses', 'paused', 'days', 'donaldtrump', 'markets', 'globaleconomy', 'vehicle', 'rep']"
"trump drops a  tariff bomb 

 the eu retaliates 
 market dips 
 trump announces a day pause 
 market rallies like nothing happened 

classic trump cycle same show new season  trumptariff macrocircus tradewar ",63,63_pause_day_pauses_paused,"['pause', 'day', 'pauses', 'paused', 'days', 'donaldtrump', 'markets', 'globaleconomy', 'vehicle', 'rep']"
"breaking

trump has delayed the  eu tariff until july  

big move with major trade implications  ",64,64_july_delay_eu_until,"['july', 'delay', 'eu', 'until', 'european', 'percent', 'union', 'imposing', 'agrees', 'delayed']"
"   all of this is on you may the midterms bring a cleansing of your corrupt party in both bodies of congress

trump says hell delay a threatened  tariff on the european union until july 

",64,64_july_delay_eu_until,"['july', 'delay', 'eu', 'until', 'european', 'percent', 'union', 'imposing', 'agrees', 'delayed']"
"sock it to em they need us a lot more than we need them von der leyen is just being a jackass

trump threatens  tariff on eu as negotiations going nowhere

 ",64,64_july_delay_eu_until,"['july', 'delay', 'eu', 'until', 'european', 'percent', 'union', 'imposing', 'agrees', 'delayed']"
"trump says hell delay a threatened  tariff on the european union until july

",64,64_july_delay_eu_until,"['july', 'delay', 'eu', 'until', 'european', 'percent', 'union', 'imposing', 'agrees', 'delayed']"
president trump delays  tariff on eu imports until july  following eus request for more time to negotiate a trade deal talks continue amid rising tensions and potential countermeasures tradewar us eu tariffs ,64,64_july_delay_eu_until,"['july', 'delay', 'eu', 'until', 'european', 'percent', 'union', 'imposing', 'agrees', 'delayed']"
"the chinese government issued the document to clarify the facts about chinaus economic and trade relations and elaborate the position of the chinese side on relevant issues according to the white paper trumptarrifs
thetariffwhirl ustariff ",65,65_ustariff_trumptariff_china_trumptariffs,"['ustariff', 'trumptariff', 'china', 'trumptariffs', 'tariffwar', 'xi', 'evil', 'tradewar', 'usa', 'released']"
"make shopping great again but in china 
ustariff ustariffs usa chinatravel china",65,65_ustariff_trumptariff_china_trumptariffs,"['ustariff', 'trumptariff', 'china', 'trumptariffs', 'tariffwar', 'xi', 'evil', 'tradewar', 'usa', 'released']"
"one thing trumptariff has done is unite the rest of the world against the usa while giving china the best publicity that money cant buy

everyone now wants to trade with china and not usa

trump trumpisanationaldisgrace",65,65_ustariff_trumptariff_china_trumptariffs,"['ustariff', 'trumptariff', 'china', 'trumptariffs', 'tariffwar', 'xi', 'evil', 'tradewar', 'usa', 'released']"
"tariff war china malaysia sign deals during xi jinpings visit 

 tariffwar  chinausa malaysia xijinping trumptariffs tariffs ustariff donaldtrump 

",65,65_ustariff_trumptariff_china_trumptariffs,"['ustariff', 'trumptariff', 'china', 'trumptariffs', 'tariffwar', 'xi', 'evil', 'tradewar', 'usa', 'released']"
why the chinese are unfazed by the tariff apocalypse thetariffwhirl ustariff ,65,65_ustariff_trumptariff_china_trumptariffs,"['ustariff', 'trumptariff', 'china', 'trumptariffs', 'tariffwar', 'xi', 'evil', 'tradewar', 'usa', 'released']"
 duppers delight is more like it  dude has some kind of psychopathy  whats the point of coming out with big scary bs news when it gets rolled back the next day  just like the tariff nonsense  trump is a manipulator,66,66_clown_his_he_show,"['clown', 'his', 'he', 'show', 'man', 'sir', 'basically', 'hes', 'presidency', 'playing']"
"  its  trump fault with his chaotic bs tariff trade war kooky unpredictable certifiable looney nutburger stupid

",66,66_clown_his_he_show,"['clown', 'his', 'he', 'show', 'man', 'sir', 'basically', 'hes', 'presidency', 'playing']"
 he seemed to moderate for a bit but when trump got reelected he went all jonah goldberg his tariff takes were absolutely unhinged,66,66_clown_his_he_show,"['clown', 'his', 'he', 'show', 'man', 'sir', 'basically', 'hes', 'presidency', 'playing']"
except he didnt reverse the tariffs  a lower tariff is still in play trump is a schizophrenic loser,66,66_clown_his_he_show,"['clown', 'his', 'he', 'show', 'man', 'sir', 'basically', 'hes', 'presidency', 'playing']"
 like orangeman clown respects america and all of us  he is nothing but an orange clown and doesnt even know what a tariff is  ffs he was going to walk into the wall at the capital if johnson hadnt stopped him,66,66_clown_his_he_show,"['clown', 'his', 'he', 'show', 'man', 'sir', 'basically', 'hes', 'presidency', 'playing']"
 i feel bad for countries like india and vietnam scrambling to the oval office to win trumps favor while china does nothing and still gets a full tariff exemption on electronic goods,67,67_electronics_smartphones_exemption_exempt,"['electronics', 'smartphones', 'exemption', 'exempt', 'exemptions', 'tech', 'exempted', 'phones', 'temporary', 'relief']"
"breaking tech tariff break is temporary

us commerce secretary howard lutnick said sunday that the tariff exemptions issued friday on electronic goods  including smartphones tablets and laptops  are temporary and more levies are in the works ",67,67_electronics_smartphones_exemption_exempt,"['electronics', 'smartphones', 'exemption', 'exempt', 'exemptions', 'tech', 'exempted', 'phones', 'temporary', 'relief']"
" china tariff exemptions on electronics
trump just folded like a taco on tuesday pendejo",67,67_electronics_smartphones_exemption_exempt,"['electronics', 'smartphones', 'exemption', 'exempt', 'exemptions', 'tech', 'exempted', 'phones', 'temporary', 'relief']"
  is computers exempted from the trumps tariff,67,67_electronics_smartphones_exemption_exempt,"['electronics', 'smartphones', 'exemption', 'exempt', 'exemptions', 'tech', 'exempted', 'phones', 'temporary', 'relief']"
"breaking news update

trumps electronics tariff exemption is temporary commerce secretary says

howard lutnick said smartphones and electronics will be in future semiconductor sectoral tariffs  days after the trump said such products were exempt from china import levies ",67,67_electronics_smartphones_exemption_exempt,"['electronics', 'smartphones', 'exemption', 'exempt', 'exemptions', 'tech', 'exempted', 'phones', 'temporary', 'relief']"
"hong kong suspends postal service to the us after trumps tariff hikes
hongkong postal tariffs

",68,68_pause_chinese_st_goods,"['pause', 'chinese', 'st', 'goods', 'some', 'until', 'percent', 'day', 'taco', 'breaking']"
"breaking
 the us extends tariff pause on certain chinese goods until august  

this could ease shortterm trade tensions and boost market sentiment 

 shared with us by 
breakingnews markets crypto china usa",68,68_pause_chinese_st_goods,"['pause', 'chinese', 'st', 'goods', 'some', 'until', 'percent', 'day', 'taco', 'breaking']"
"us extends tariff pause on some chinese goods to august 

bitcoin shib amc nio lcid tothemoon  ",68,68_pause_chinese_st_goods,"['pause', 'chinese', 'st', 'goods', 'some', 'until', 'percent', 'day', 'taco', 'breaking']"
just in  us extends tariff pause on many chinese goods until august st,68,68_pause_chinese_st_goods,"['pause', 'chinese', 'st', 'goods', 'some', 'until', 'percent', 'day', 'taco', 'breaking']"
new the us announced its extending the tariff pause on certain chinese goods until august  ,68,68_pause_chinese_st_goods,"['pause', 'chinese', 'st', 'goods', 'some', 'until', 'percent', 'day', 'taco', 'breaking']"
 love watching this project grow despite the tough market conditions trumptariff the dev have surprised us all with their ingenuity new ai game agent is actually wild treeincat  ,69,69_ai_chips_chip_tech,"['ai', 'chips', 'chip', 'tech', 'act', 'investment', 'origin', 'compared', 'beyond', 'seems']"
acceleration in ai spend now we have ai narrative back along with being in a rate cutting cycle and this will by far trump the tariff and recession narrative expect my portfolio to have a lot more retail heavy meme stocks and ai plays,69,69_ai_chips_chip_tech,"['ai', 'chips', 'chip', 'tech', 'act', 'investment', 'origin', 'compared', 'beyond', 'seems']"
"  maybe actually read the article you cited its only for chips manufactured outside the us

in contrast chips made by intel texas instruments adi and on semiconductor  which operate their own usbased fabs  may be classified as us origin and be liable for tariff",69,69_ai_chips_chip_tech,"['ai', 'chips', 'chip', 'tech', 'act', 'investment', 'origin', 'compared', 'beyond', 'seems']"
"this is the way should have started  years ago

trump says chips from china will face national security probe further tariffs expected
",69,69_ai_chips_chip_tech,"['ai', 'chips', 'chip', 'tech', 'act', 'investment', 'origin', 'compared', 'beyond', 'seems']"
the fact that trump did all this tariff nonsense right before ai is going to wipe out so many jobs in the next couple years already starting makes it clear this country is going to go to absolute  and no one has a spine to keep us all from driving off the cliff with him,69,69_ai_chips_chip_tech,"['ai', 'chips', 'chip', 'tech', 'act', 'investment', 'origin', 'compared', 'beyond', 'seems']"
wow it keeps getting worse fk mexico tariff them to the high heavens they dont own us im praying for pres trump and america bc these traitors are testing our patience,70,70_mexico_mexican_water_should,"['mexico', 'mexican', 'water', 'should', 'her', 'flag', 'them', 'president', 'put', 'money']"
" they are marching under the flag of a sovereign nation whose government publicly threatened to mobilize if the us placed a  tariff on payments from mexican nationals in the us illegally 

how is this not an act of war

and im pretty much a pacifist",70,70_mexico_mexican_water_should,"['mexico', 'mexican', 'water', 'should', 'her', 'flag', 'them', 'president', 'put', 'money']"
trump should levy  tariff per mexican flag sold in united states,70,70_mexico_mexican_water_should,"['mexico', 'mexican', 'water', 'should', 'her', 'flag', 'them', 'president', 'put', 'money']"
 thats right they also said mexico will be the biggest loser this year from the black house madmans tariff war and theyre not wrong yet our president continues to talk about us being two countries with complementary economies,70,70_mexico_mexican_water_should,"['mexico', 'mexican', 'water', 'should', 'her', 'flag', 'them', 'president', 'put', 'money']"
wow it keeps getting worse fk mexico tariff them  they dont own us im praying for pres trump and america bc these traitors are testing our patience,70,70_mexico_mexican_water_should,"['mexico', 'mexican', 'water', 'should', 'her', 'flag', 'them', 'president', 'put', 'money']"
"jpmorgan chase ceo issues dire warning on us economy

while tariff policies have yet to impact economic data like inflation and unemploymentnumbers that could soon change for the worse and once it does we could be in for a downturn

",71,71_recession_chance_warns_economist,"['recession', 'chance', 'warns', 'economist', 'stagflation', 'regime', 'economy', 'fears', 'ceo', 'remains']"
"fears of the economy tanking are now higher than they were at the height of the covid pandemic
 ",71,71_recession_chance_warns_economist,"['recession', 'chance', 'warns', 'economist', 'stagflation', 'regime', 'economy', 'fears', 'ceo', 'remains']"
"apollo says  chance of voluntary recession heavily impacting small businesses

fears of a sharp economic downturn due to trumps everchanging tariff policies

the republicans lawmakers arent for us i thought they worked for us 

",71,71_recession_chance_warns_economist,"['recession', 'chance', 'warns', 'economist', 'stagflation', 'regime', 'economy', 'fears', 'ceo', 'remains']"
"todays pod  

some macroecon  state of play with tariffs whether we are still on recession watch the ambiguous objectives of trumps tariff policy furniture the benefits to a blokebloke marriage the aussie elections amp more 

",71,71_recession_chance_warns_economist,"['recession', 'chance', 'warns', 'economist', 'stagflation', 'regime', 'economy', 'fears', 'ceo', 'remains']"
 most economists like me see a small chance of a recession tariff negotiations are ongoing and will greatly benefit those who you have identified as the most vulnerable how can fair trade policies in the near term not benefit us businesses,71,71_recession_chance_warns_economist,"['recession', 'chance', 'warns', 'economist', 'stagflation', 'regime', 'economy', 'fears', 'ceo', 'remains']"
  none of these things are good deals they are all examples of trump caving and leaving the us worse off than before the tariff he imposed,72,72_deals_zero_deal_agreements,"['deals', 'zero', 'deal', 'agreements', 'countries', 'arent', 'really', 'where', 'there', 'today']"
"  we should not find a saint in the president but someone who can get the job done 

if president trump got us into protracted war could not finalize on the tariff negotiations and could not lead us back into manufacturing prowess had he done all those things you indicated",72,72_deals_zero_deal_agreements,"['deals', 'zero', 'deal', 'agreements', 'countries', 'arent', 'really', 'where', 'there', 'today']"
"can someone name
 one country that has called and negotiated a deal with trump over his stupid trumptariff
we all know he would be the first to brag about it
",72,72_deals_zero_deal_agreements,"['deals', 'zero', 'deal', 'agreements', 'countries', 'arent', 'really', 'where', 'there', 'today']"
" we have no idea what is in that agreement 
so how about we get some facts 
before we fall over in amazement that trump actually got a tariff deal done",72,72_deals_zero_deal_agreements,"['deals', 'zero', 'deal', 'agreements', 'countries', 'arent', 'really', 'where', 'there', 'today']"
    which is why its good that trump placed temporary tariffs to encourage other countries to reach a zeroforzero tariff deal with the usright,72,72_deals_zero_deal_agreements,"['deals', 'zero', 'deal', 'agreements', 'countries', 'arent', 'really', 'where', 'there', 'today']"
" trump told europe that
putin is not ready to end the war 
because putin believes hes winning
senate to pass  sanctions
that will impose a  tariff on imports from countries that buy russian products
may republicans against trump 
spy",73,73_ukraine_putin_russia_nato,"['ukraine', 'putin', 'russia', 'nato', 'stop', 'sanction', 'weapons', 'no', 'benefit', 'nothing']"
  now consider how ukraine and zelensky feel after the disgusting behaviour of trump and vance in the oval office alongside ukraine being hit with  tariffs whilst fighting a war against an invasion by putin who coincidentally suffered no tariff,73,73_ukraine_putin_russia_nato,"['ukraine', 'putin', 'russia', 'nato', 'stop', 'sanction', 'weapons', 'no', 'benefit', 'nothing']"
 i would like lindsay graham and rep blumenthol to stop going to ukraine on taxpayer dollars to act like theyre in charge of the us stop acting like theyre going to tariff such absurd amounts we voted for trump not them this is madness,73,73_ukraine_putin_russia_nato,"['ukraine', 'putin', 'russia', 'nato', 'stop', 'sanction', 'weapons', 'no', 'benefit', 'nothing']"
"trump  putin 

  helsinki  trump backs vlad v dni 
  ukraine invasion vlad is agenius 
  no trumptariff placed on russia 
  no sanctions placed on russia 

foxnews foxandfriends thefive cnn 
msnbc abcnews nbcnews cbsnews",73,73_ukraine_putin_russia_nato,"['ukraine', 'putin', 'russia', 'nato', 'stop', 'sanction', 'weapons', 'no', 'benefit', 'nothing']"
   ukraine israel india el slavador negotiating  tariff deals and aid eu and china wants us to lift tariffs etc,73,73_ukraine_putin_russia_nato,"['ukraine', 'putin', 'russia', 'nato', 'stop', 'sanction', 'weapons', 'no', 'benefit', 'nothing']"
  you should discuss this with trump and consider a simple yearbyyear extension of the  tax cuts supported by some tariff revenue which would be better for the congressional elections,74,74_tax_taxes_cut_cuts,"['tax', 'taxes', 'cut', 'cuts', 'income', 'rich', 'wealthy', 'poor', 'revenue', 'class']"
"super intuitive way of presenting the combined effects of trumps tax and tariff agenda on working families from 


 ",74,74_tax_taxes_cut_cuts,"['tax', 'taxes', 'cut', 'cuts', 'income', 'rich', 'wealthy', 'poor', 'revenue', 'class']"
trumptariff this is the truth we are paying the tariffs trump has put the largest tax increase ever on the american people to pay for tax cuts for billionaires do you understand yet,74,74_tax_taxes_cut_cuts,"['tax', 'taxes', 'cut', 'cuts', 'income', 'rich', 'wealthy', 'poor', 'revenue', 'class']"
" we are with you  on all the past and future trump lies

this bigbadbillig notbigbeautifulbillnot is only tax cuts for the rich it doesnt even help the middle class or the poor

the trumptariff reality show  to cut funds is over elon trumpisanationaldisgrace",74,74_tax_taxes_cut_cuts,"['tax', 'taxes', 'cut', 'cuts', 'income', 'rich', 'wealthy', 'poor', 'revenue', 'class']"
so i guess income taxes arent coming down because the big beautiful tariffs are going away wtf is going on ettd trumprecession trumptariff,74,74_tax_taxes_cut_cuts,"['tax', 'taxes', 'cut', 'cuts', 'income', 'rich', 'wealthy', 'poor', 'revenue', 'class']"
"cnns harry enten reports that trumps approval ratings are surging defying expectations 

reutersipsos poll shows his net approval jumped from  in late april to  enten credits a cooling economy and eased tariff fears trumps numbers now outpace his first term ",75,75_approval_rating_voters_policies,"['approval', 'rating', 'voters', 'policies', 'number', 'numbers', 'trumps', 'his', 'stronger', 'net']"
 a majority of voters of a new york times poll of   votersseriously  anyway if its chaotic to them judicial warfare is making it so and if scary it is  because some dont have faith in trumps tariff  negotiations,75,75_approval_rating_voters_policies,"['approval', 'rating', 'voters', 'policies', 'number', 'numbers', 'trumps', 'his', 'stronger', 'net']"
  you misunderstand dems low polling numbers reflect frustration that they have not blocked trump policies trumps poor polls reflect the fact that people mostly dont like his policies when the people vote they will reject the incompetence signal amp stupidity tariff,75,75_approval_rating_voters_policies,"['approval', 'rating', 'voters', 'policies', 'number', 'numbers', 'trumps', 'his', 'stronger', 'net']"
 its gonna be funny if the thing that kills trumps approval ratings isnt the deportation or tariff shit but because he started another war in the middle east you would think these presidents wouldve learned by now,75,75_approval_rating_voters_policies,"['approval', 'rating', 'voters', 'policies', 'number', 'numbers', 'trumps', 'his', 'stronger', 'net']"
  trumps approval rating went up  points after the tariff announcement barb,75,75_approval_rating_voters_policies,"['approval', 'rating', 'voters', 'policies', 'number', 'numbers', 'trumps', 'his', 'stronger', 'net']"
"   youre kinda missing the point though 

what dt is pointing out is a valid argument when discussing fair trade agreements

meaning

say both the us and the uk have a  tariff on steel imports from each other fair right

there is no vat in the us and sales tax in the us is",76,76_sales_eu_equal_applied,"['sales', 'eu', 'equal', 'applied', 'tax', 'goods', 'domestic', 'same', 'not', 'imports']"
"  the fact that the eu has much higher sales taxes than the us can work as a sort of tariff

no it does not tariffs do not apply to domestic goods the vat does it applies the same regardless of the origins of goods its thus not a tariff",76,76_sales_eu_equal_applied,"['sales', 'eu', 'equal', 'applied', 'tax', 'goods', 'domestic', 'same', 'not', 'imports']"
  uh yeah so the us should obviously charge a tariff equal to the vat to all european products right,76,76_sales_eu_equal_applied,"['sales', 'eu', 'equal', 'applied', 'tax', 'goods', 'domestic', 'same', 'not', 'imports']"
trump putting a tariff on vapes is actually bad because the manufacturers are going to put even more filler chemicals that cause popcorn lung drugs are morally neutral so like its not even a net good,76,76_sales_eu_equal_applied,"['sales', 'eu', 'equal', 'applied', 'tax', 'goods', 'domestic', 'same', 'not', 'imports']"
   vat is charged on all cars wherever theyre made that is what makes it a sales tax and not a tariff the us also has sales taxes i dont hate your orange deity but the zelenskyy thing and threatening to invade canada and denmark is really low,76,76_sales_eu_equal_applied,"['sales', 'eu', 'equal', 'applied', 'tax', 'goods', 'domestic', 'same', 'not', 'imports']"
  any tariff coming through any of our  important ca ports should be charged a fee equal to  of the tariff trump intends to charge its only fair trump is causing a lot of chaos in the golden state from our rivers to the farm workerstell everyone maga is playing us vs ice,77,77_california_state_ca_newsom,"['california', 'state', 'ca', 'newsom', 'should', 'democrats', 'rest', 'their', 'usa', 'largest']"
 president trump will put a  tariff on all imports from peoples republic of california,77,77_california_state_ca_newsom,"['california', 'state', 'ca', 'newsom', 'should', 'democrats', 'rest', 'their', 'usa', 'largest']"
  why doesnt california secede from the usa newsome id love to see trump build a wall around your state and tariff the  out of you,77,77_california_state_ca_newsom,"['california', 'state', 'ca', 'newsom', 'should', 'democrats', 'rest', 'their', 'usa', 'largest']"
  hahahaha you think california the country will have free trade with the us market  you think we are not going to tariff those liberal asses after a secession stick to  your dreaming,77,77_california_state_ca_newsom,"['california', 'state', 'ca', 'newsom', 'should', 'democrats', 'rest', 'their', 'usa', 'largest']"
"  california wouldnt last  days if it seceded from the union  the only two viable industries would vacate asap and trump would tariff any remaining exports into oblivion

we sure hope amp pray california finds a way to extricate itself",77,77_california_state_ca_newsom,"['california', 'state', 'ca', 'newsom', 'should', 'democrats', 'rest', 'their', 'usa', 'largest']"
"the shocking story behind trumps tariff czar howard lutnick  if youre  via   

maga dipshits losers are running the ountry down",78,78_lutnick_howard_secretary_commerce,"['lutnick', 'howard', 'secretary', 'commerce', 'bessent', 'sec', 'scott', 'says', 'treasury', 'sending']"
check out this video  commerce secretary lutnick is as conman as trump is he parrots the lies of trump and the maga and trump voters swallow his fraud they do but america is more clever than that let the maga pay for the tarifftrump tax,78,78_lutnick_howard_secretary_commerce,"['lutnick', 'howard', 'secretary', 'commerce', 'bessent', 'sec', 'scott', 'says', 'treasury', 'sending']"
 he really is a nonsense lutnick  expecting prices to stay the same other countries will pay us import tariffs but america  then wont need to do the same thats the new global model trump even posted about a tariff bonanza the us will make on the b planes to the uk,78,78_lutnick_howard_secretary_commerce,"['lutnick', 'howard', 'secretary', 'commerce', 'bessent', 'sec', 'scott', 'says', 'treasury', 'sending']"
"us china have finalized tariff understanding lutnick says  bbg

",78,78_lutnick_howard_secretary_commerce,"['lutnick', 'howard', 'secretary', 'commerce', 'bessent', 'sec', 'scott', 'says', 'treasury', 'sending']"
 hope lutnick can explain to us just how selling america to foreign interests for some tariff income is the best outcome for our nation,78,78_lutnick_howard_secretary_commerce,"['lutnick', 'howard', 'secretary', 'commerce', 'bessent', 'sec', 'scott', 'says', 'treasury', 'sending']"
"

trumptariff are idiotic with a claimed intent which is not functional or understood by the orange buffoon and his acolytes such tariffs shut things down sharply increases other prices manufacturing and supply chains cant suddenly change on a whim",79,79_trumptariffs_trumptariff_ustariff_tariffwar,"['trumptariffs', 'trumptariff', 'ustariff', 'tariffwar', 'donaldtrump', 'tradewar', 'world', 'global', 'reciprocal', 'here']"
it is interesting that several potential gop presidential candidates possible challengers to  havent weighed in on the tradetariff situation crickets from traditional conservatives like  and  my guess they dont want to anger trump and the,79,79_trumptariffs_trumptariff_ustariff_tariffwar,"['trumptariffs', 'trumptariff', 'ustariff', 'tariffwar', 'donaldtrump', 'tradewar', 'world', 'global', 'reciprocal', 'here']"
"fundingpips account blownus tariffs bad psychology amp your comeback p  via  

ustariff forextrading",79,79_trumptariffs_trumptariff_ustariff_tariffwar,"['trumptariffs', 'trumptariff', 'ustariff', 'tariffwar', 'donaldtrump', 'tradewar', 'world', 'global', 'reciprocal', 'here']"
 tariffs are terrorizing wouldnt want a name of mine tied to them   mckinleytariff smoothawleytariff both passed by congress trumptariff,79,79_trumptariffs_trumptariff_ustariff_tariffwar,"['trumptariffs', 'trumptariff', 'ustariff', 'tariffwar', 'donaldtrump', 'tradewar', 'world', 'global', 'reciprocal', 'here']"
donaldtrumps tariff formula is demolished here trump trumptariff trumptariffs tariffwar tradewar newsnight peston ,79,79_trumptariffs_trumptariff_ustariff_tariffwar,"['trumptariffs', 'trumptariff', 'ustariff', 'tariffwar', 'donaldtrump', 'tradewar', 'world', 'global', 'reciprocal', 'here']"
the us and china  cant even agree on who initiated their upcoming trade talks tariff china trade ,80,80_negotiations_china_limit_talks,"['negotiations', 'china', 'limit', 'talks', 'use', 'plans', 'officials', 'through', 'nations', 'their']"
  thats true chinas stance is clear no talks without tariff removal first its a tough hurdle for the us but both sides may need to compromise for a breakthrough,80,80_negotiations_china_limit_talks,"['negotiations', 'china', 'limit', 'talks', 'use', 'plans', 'officials', 'through', 'nations', 'their']"
putin agrees with china on resolving us tariff disputes through dialogue,80,80_negotiations_china_limit_talks,"['negotiations', 'china', 'limit', 'talks', 'use', 'plans', 'officials', 'through', 'nations', 'their']"
china starts tariff negotiation talks with the us we could wake up to upside news,80,80_negotiations_china_limit_talks,"['negotiations', 'china', 'limit', 'talks', 'use', 'plans', 'officials', 'through', 'nations', 'their']"
just in  united states plans to use tariff negotiations to pressure us trading partners to limit their dealings with china,80,80_negotiations_china_limit_talks,"['negotiations', 'china', 'limit', 'talks', 'use', 'plans', 'officials', 'through', 'nations', 'their']"
  calling it free trade then placing non tariff barriers in place that shuts the door on imports from a trade partner is not in fact free trade thats rigged trade whys it okay for countries to charge the us tariffs but when we place tariffs lower than reciprocal rates  all of,81,81_free_trade_freedom_barriers,"['free', 'trade', 'freedom', 'barriers', 'fair', 'we', 'non', 'countries', 'country', 'are']"
   just because a country has a tariff on us doesnt mean its unfair trade practice for   we had free trade agreement with them that trump negotiated so you are saying that trump negotiated a bad trade deal in his first term also please show me the massive tariffs they had,81,81_free_trade_freedom_barriers,"['free', 'trade', 'freedom', 'barriers', 'fair', 'we', 'non', 'countries', 'country', 'are']"
 stop calling yourself a freetrader youre not youre defending the current tariff regime we seek a different tariff regime we were sold the idea of free trade but were given a tariff system that hurt us admit that youre unwilling to do whats necessary to change it we are,81,81_free_trade_freedom_barriers,"['free', 'trade', 'freedom', 'barriers', 'fair', 'we', 'non', 'countries', 'country', 'are']"
 everybody understands the globalist arguments for free trade but when the whole world tariffs us amp we dont tariff them you get what we got over the last  years a decimated manufacturing industry whats your plan to fix it whaddya got rand articulate a proposal,81,81_free_trade_freedom_barriers,"['free', 'trade', 'freedom', 'barriers', 'fair', 'we', 'non', 'countries', 'country', 'are']"
"  we now understand who are our preferred trading partners
we have free trade agreements with  countries
trade surpluses with 
we know who they are
shouldnt cost  trillion in market wealth to find out
shouldnt trumptariff them
",81,81_free_trade_freedom_barriers,"['free', 'trade', 'freedom', 'barriers', 'fair', 'we', 'non', 'countries', 'country', 'are']"
while thats not a direct response to the liberation day tariffs imposed in early april it likely reflects high business uncertainty over president donald trumps tariff plans as reuters noted,82,82_liberation_day_news_sweeping,"['liberation', 'day', 'news', 'sweeping', 'plan', 'iraq', 'april', 'declares', 'noted', 'global']"
"anyone confused about why russia was left off the liberation day tariff list

",82,82_liberation_day_news_sweeping,"['liberation', 'day', 'news', 'sweeping', 'plan', 'iraq', 'april', 'declares', 'noted', 'global']"
breaking news donald trump signs order confirming parts of usuk tariff  via ,82,82_liberation_day_news_sweeping,"['liberation', 'day', 'news', 'sweeping', 'plan', 'iraq', 'april', 'declares', 'noted', 'global']"
"trump warns countries no deal us sets tariff
 
 
 baha breaking news",82,82_liberation_day_news_sweeping,"['liberation', 'day', 'news', 'sweeping', 'plan', 'iraq', 'april', 'declares', 'noted', 'global']"
 now it just needs to recover the remaining losses from before liberation day due to trump continually threatening his tariff day,82,82_liberation_day_news_sweeping,"['liberation', 'day', 'news', 'sweeping', 'plan', 'iraq', 'april', 'declares', 'noted', 'global']"
" be honest ruben

it is a tariff on tomatoes grown in mexico then dumped in the us market to hurt us tomato growers",83,83_florida_perfectly_farmers_cause,"['florida', 'perfectly', 'farmers', 'cause', 'policies', 'good', 'prices', 'over', 'smartnews', 'now']"
cant even afford to pick them florida farmers are now plowing over perfectly good tomatoes as trump tariff policies cause prices to plummet and workers to flee how farmers are reacting ,83,83_florida_perfectly_farmers_cause,"['florida', 'perfectly', 'farmers', 'cause', 'policies', 'good', 'prices', 'over', 'smartnews', 'now']"
"cant even afford to pick them florida farmers are now plowing over perfectly good tomatoes as trump tariff policies cause prices to plummet and workers to flee how farmers are reacting
 ",83,83_florida_perfectly_farmers_cause,"['florida', 'perfectly', 'farmers', 'cause', 'policies', 'good', 'prices', 'over', 'smartnews', 'now']"
the magats are really to pick farms send them out florida farmers now plowing over perfectly good tomatoes as trumps tariff policies cause prices to plummet  moneywise smartnews  ,83,83_florida_perfectly_farmers_cause,"['florida', 'perfectly', 'farmers', 'cause', 'policies', 'good', 'prices', 'over', 'smartnews', 'now']"
florida farmers now plowing over perfectly good tomatoes as trumps tariff policies cause prices to plummet  via    waste not want not  obviously florida has no idea about that,83,83_florida_perfectly_farmers_cause,"['florida', 'perfectly', 'farmers', 'cause', 'policies', 'good', 'prices', 'over', 'smartnews', 'now']"
"economy  us reciprocal tariff to have limited direct impact on guyana  imf  guyana times gy  
",84,84_reciprocal_tariffs_countries_rates,"['reciprocal', 'tariffs', 'countries', 'rates', 'these', 'zero', 'based', 'fair', 'return', 'country']"
"  we impose reciprocal tariffs on nations that tariff us
 nations either reducedrop their tariffs on us resulting in more free trade or they move their operations to the us not having to pay tariffs
 if nations choose to keep tariffs their industries will",84,84_reciprocal_tariffs_countries_rates,"['reciprocal', 'tariffs', 'countries', 'rates', 'these', 'zero', 'based', 'fair', 'return', 'country']"
  theyre certainly called reciprocal but thats not the case for several countries most of which the original proposed tariff rates far exceeded the rates imposed on us goods and in some cases the countries being terrified had no tariffs against the us at all like switzerland,84,84_reciprocal_tariffs_countries_rates,"['reciprocal', 'tariffs', 'countries', 'rates', 'these', 'zero', 'based', 'fair', 'return', 'country']"
  so if every country that currently has a tariff against us agrees to remove their tariff because of reciprocal tariffs how is that going to impact the cost of goods within the united states over a year period,84,84_reciprocal_tariffs_countries_rates,"['reciprocal', 'tariffs', 'countries', 'rates', 'these', 'zero', 'based', 'fair', 'return', 'country']"
the reciprocal levies on will be approximately half of what trading partners charge for us imports trump said for example china currently has a tariff of  on us imports so us reciprocal tariffs on chinese goods will be  bringing the total new tax rate to ,84,84_reciprocal_tariffs_countries_rates,"['reciprocal', 'tariffs', 'countries', 'rates', 'these', 'zero', 'based', 'fair', 'return', 'country']"
"three of the nations biggest retailers  walmart target and home depot  privately warned him that his tariff and trade policy could disrupt supply chains he was told that shelves will be empty disruptions could become noticeable in two weeks
 ",85,85_shelves_empty_retailers_warn,"['shelves', 'empty', 'retailers', 'warn', 'store', 'major', 'ceos', 'target', 'warned', 'shipments']"
stupid not to admin officials admit to hoarding supplies amid trade war panic  are your pantrys full enough no you have room under your beds this isnt going to be good for any of us,85,85_shelves_empty_retailers_warn,"['shelves', 'empty', 'retailers', 'warn', 'store', 'major', 'ceos', 'target', 'warned', 'shipments']"
this will embolden trump and his supporters because the experts assured us that store shelves would be empty prices would sky rocket and wed be pariahs in global trade it didnt happen and now they have less credibility  ,85,85_shelves_empty_retailers_warn,"['shelves', 'empty', 'retailers', 'warn', 'store', 'major', 'ceos', 'target', 'warned', 'shipments']"
"americas immediate concerns about empty shelves at christmas are expected to be weighed against the pressing desire to reduce both tariff and nontariff barriers to us exports
mohamed a elerian",85,85_shelves_empty_retailers_warn,"['shelves', 'empty', 'retailers', 'warn', 'store', 'major', 'ceos', 'target', 'warned', 'shipments']"
major retailers warn trump about empty shelves from tariff policy ,85,85_shelves_empty_retailers_warn,"['shelves', 'empty', 'retailers', 'warn', 'store', 'major', 'ceos', 'target', 'warned', 'shipments']"
"nigeria needs  growth to withstand us tariff shock  yemi kale  via  africa 

nigerianeconomy ustariff",86,86_africa_ustariff_elections_per,"['africa', 'ustariff', 'elections', 'per', 'negative', 'headline', 'water', 'layoffs', 'sentiment', 'dr']"
"an economist dr yemi kale says nigeria requires  per cent annual growth rate to cushion the potential negative impact of the united states us recent tariff hike on its one trillion dollar economic



nigerianeconomy ustariff yemikale",86,86_africa_ustariff_elections_per,"['africa', 'ustariff', 'elections', 'per', 'negative', 'headline', 'water', 'layoffs', 'sentiment', 'dr']"
"a decision was made in washington dc last week another round of tariffs another shot in the ongoing trade war 

it sounded like us politics but this decision has real effects here in nigeria 
heres how ",86,86_africa_ustariff_elections_per,"['africa', 'ustariff', 'elections', 'per', 'negative', 'headline', 'water', 'layoffs', 'sentiment', 'dr']"
"top africa hashtags    trump south elections post president tariff layoffs business stock sweetashley fake cities nigerian ashley ogle
 headline sentiment  
   negative 
   positive 

reads   ",86,86_africa_ustariff_elections_per,"['africa', 'ustariff', 'elections', 'per', 'negative', 'headline', 'water', 'layoffs', 'sentiment', 'dr']"
"they want to electricity tariff kee nigerians
in nigeria electricity has divided us into several bands
in nigeria where water bodies surround us still we still buy cl of table water at  
cl of sachet water two for  nafdag with poor monitoring",86,86_africa_ustariff_elections_per,"['africa', 'ustariff', 'elections', 'per', 'negative', 'headline', 'water', 'layoffs', 'sentiment', 'dr']"
" probably part of the china deal
wherever his father made tariff deals with a country his sons the trump org comes and make a business deal hotels golf ressorts and now mobile phones 
and its coming with a hidden spy software with a direct link to palantir",87,87_phone_phones_made_built,"['phone', 'phones', 'made', 'built', 'analysts', 'own', 'subject', 'his', 'china', 'probably']"
 wonder if dt granted himself a tariff exception for his cell phone as it will not be fully made in the us another example of dts hypocrisy amp corruption,87,87_phone_phones_made_built,"['phone', 'phones', 'made', 'built', 'analysts', 'own', 'subject', 'his', 'china', 'probably']"
from canada to china the worlds scrambling to deal with trumps tariff play more leaders will probably pick up the phone before the th hits whos next drop your guesses belowill keep this updated as the calls roll in,87,87_phone_phones_made_built,"['phone', 'phones', 'made', 'built', 'analysts', 'own', 'subject', 'his', 'china', 'probably']"
   i saw it is android based but before he said he would tariff apple for not making in us and has admitted his stupid phone will be made in china too so he needs a tariff,87,87_phone_phones_made_built,"['phone', 'phones', 'made', 'built', 'analysts', 'own', 'subject', 'his', 'china', 'probably']"
"trumps  built in the us smartphone will likely be made in china analysts say making it subject to his own tariff policy
what a crock of sht he has created taxes by his own tariffsno thanks",87,87_phone_phones_made_built,"['phone', 'phones', 'made', 'built', 'analysts', 'own', 'subject', 'his', 'china', 'probably']"
  tariff will still be cheaper than building in the us and american tourists will travel the world to buy their iphones thats good for tourism,88,88_iphones_apple_iphone_cheaper,"['iphones', 'apple', 'iphone', 'cheaper', 'would', 'phone', 'cost', 'happen', 'be', 'make']"
"  iphones were never made in the us  
 as youve seen with walmart tariffs are taxes  apple will never pay them instead it will be the distributors then the retailers  and if walmart is selling iphones then they will eat that tariff cant say that for anyone else",88,88_iphones_apple_iphone_cheaper,"['iphones', 'apple', 'iphone', 'cheaper', 'would', 'phone', 'cost', 'happen', 'be', 'make']"
 a  tariff might just push apple to rethink shouldnt they start making iphones in the us,88,88_iphones_apple_iphone_cheaper,"['iphones', 'apple', 'iphone', 'cheaper', 'would', 'phone', 'cost', 'happen', 'be', 'make']"
   why did apple buy  tons of iphones before the imposed  tariffs they were avoiding paying higher tariffs by buying bulk before the tariff went into effect bc it doesnt matter when you order only when it arrives in us customs bc its an import tax,88,88_iphones_apple_iphone_cheaper,"['iphones', 'apple', 'iphone', 'cheaper', 'would', 'phone', 'cost', 'happen', 'be', 'make']"
 they are probably going to move the assembly of us bound iphones not sure how much that helps with tariff avoidance as intermediate and raw inputs will be tariffed,88,88_iphones_apple_iphone_cheaper,"['iphones', 'apple', 'iphone', 'cheaper', 'would', 'phone', 'cost', 'happen', 'be', 'make']"
"in other words 

just a heads up from loblaws were about to gouge the fk out of you suckers and blame it on those nasty trump tariff
onpoli cdnpoli uspoli 

galenwestonjr  loblaws ",89,89_trust_you_your_congress,"['trust', 'you', 'your', 'congress', 'youre', 'group', 'take', 'police', 'lost', 'blame']"
  i trust trump on tariffs not you,89,89_trust_you_your_congress,"['trust', 'you', 'your', 'congress', 'youre', 'group', 'take', 'police', 'lost', 'blame']"
 we appreciate this now stop with the tariff nonsense let president trunp negotiate on behalf of the american people congress and past presidents have gotten us into this mess  let him get us out of it we dont trust congress  we trust president trump,89,89_trust_you_your_congress,"['trust', 'you', 'your', 'congress', 'youre', 'group', 'take', 'police', 'lost', 'blame']"
"   that tariff tantrum you call it has brought in millions since you have no idea ill not embarrass you further

",89,89_trust_you_your_congress,"['trust', 'you', 'your', 'congress', 'youre', 'group', 'take', 'police', 'lost', 'blame']"
" why havent you acted to take the tariff power back from trump

mike lets face it youre worthless",89,89_trust_you_your_congress,"['trust', 'you', 'your', 'congress', 'youre', 'group', 'take', 'police', 'lost', 'blame']"
trump us will set tariff rates in  weeks walking back negotiations  the frank ,90,90_set_weeks_rates_unilateral,"['set', 'weeks', 'rates', 'unilateral', 'two', 'within', 'says', 'guardian', 'hell', 'next']"
trumps tariff plans president trump is threatening to set unilateral tariff rates within weeks escalating trade tensions a recent uschina trade deal framework awaits approval from trump and xi jinping but details remain vague chinas control over rare earth mines in,90,90_set_weeks_rates_unilateral,"['set', 'weeks', 'rates', 'unilateral', 'two', 'within', 'says', 'guardian', 'hell', 'next']"
ussa  percent tariff hike in the next  two weeks,90,90_set_weeks_rates_unilateral,"['set', 'weeks', 'rates', 'unilateral', 'two', 'within', 'says', 'guardian', 'hell', 'next']"
trump is now saying he will set unilateral tariff rates within  weeks this is a man who is erratic without ryhme reason or a plan the world is discovering you cant negotiate with a lunatic what happened to all those deals that were going to be announced,90,90_set_weeks_rates_unilateral,"['set', 'weeks', 'rates', 'unilateral', 'two', 'within', 'says', 'guardian', 'hell', 'next']"
"trump will set new take it or leave it tariff rates for us trade partners within two weeks to pressure for better deals

agreements have been reached with countries like china and the uk but negotiations continue with about  others

trade trump ",90,90_set_weeks_rates_unilateral,"['set', 'weeks', 'rates', 'unilateral', 'two', 'within', 'says', 'guardian', 'hell', 'next']"
 there are  us territories in the carib and pacific that produce tariff free bananas,91,91_grow_build_america_produce,"['grow', 'build', 'america', 'produce', 'raised', 'cant', 'commerce', 'lutnick', 'sec', 'there']"
   so dont buy it thats your choice but if others want the product let them buy it and tariffs just make things more expensive in the county issuing the tariff for god sakes the us put tariffs on bananas but they dont grow bananas,91,91_grow_build_america_produce,"['grow', 'build', 'america', 'produce', 'raised', 'cant', 'commerce', 'lutnick', 'sec', 'there']"
tariff on bananas build bananas in the us,91,91_grow_build_america_produce,"['grow', 'build', 'america', 'produce', 'raised', 'cant', 'commerce', 'lutnick', 'sec', 'there']"
   energy prices gas are down  the rest of  your categories need citations  eg walmart just raised bananas prices by because nutlick has the brilliant idea the us should tariff a product we cannot possibly produce  the rest of the tariffs havent really bit yet,91,91_grow_build_america_produce,"['grow', 'build', 'america', 'produce', 'raised', 'cant', 'commerce', 'lutnick', 'sec', 'there']"
"hadzabe tribe chabba try this new fruit for the first time it is not usual part of their lifestyle but they are adventurous people and like to try new things
lacasadelosfamososcol 
amici paobc perfectlinersafterparty mingyu tariffs eu ustariff ",91,91_grow_build_america_produce,"['grow', 'build', 'america', 'produce', 'raised', 'cant', 'commerce', 'lutnick', 'sec', 'there']"
" the market fell after trumps tariff policy was implemented which provided me with many buying opportunities i followed  bought  stocks and made  in one month 
great i love you",92,92_opportunities_followed_fell_provided,"['opportunities', 'followed', 'fell', 'provided', 'bought', 'implemented', 'love', 'month', 'buying', 'stocks']"
" after the trump tariff measures were introduced the market fell providing many buying opportunities i followed

 bought  stocks and made  in a month
awesome kevin i love you",92,92_opportunities_followed_fell_provided,"['opportunities', 'followed', 'fell', 'provided', 'bought', 'implemented', 'love', 'month', 'buying', 'stocks']"
"   after the trump tariff measures were introduced the market fell providing many buying opportunities i followed

 bought  stocks and made  in a month
awesome kevin i love you",92,92_opportunities_followed_fell_provided,"['opportunities', 'followed', 'fell', 'provided', 'bought', 'implemented', 'love', 'month', 'buying', 'stocks']"
" after the trump tariff measures were introduced the market fell providing many buying opportunities i followed

 bought  stocks and made  in a month
awesome kevin i love you",92,92_opportunities_followed_fell_provided,"['opportunities', 'followed', 'fell', 'provided', 'bought', 'implemented', 'love', 'month', 'buying', 'stocks']"
" the market fell after trumps tariff policy was implemented which provided me with many buying opportunities i followed  bought  stocks and made  in one month 
great i love you",92,92_opportunities_followed_fell_provided,"['opportunities', 'followed', 'fell', 'provided', 'bought', 'implemented', 'love', 'month', 'buying', 'stocks']"
"icevlpro is scamming users by freezing funds if youve lost money message me for recovery help icevlpro
scam cryptoscam icevlpro hashkey

bullrun bearish trumptariff bullish scam ",93,93_scam_bullish_platform_funds,"['scam', 'bullish', 'platform', 'funds', 'youve', 'recovery', 'message', 'me', 'trumptariff', 'issues']"
"facing issues with bitzora  jgzsto bitzseo
 wallet security concerns
 inaccessible funds
 accidental fund transfers
dont hesitate to reach out for assistance tradevicexchange entsphere rcofinance antcolony 

bullrun bearish trumptariff bullish scam",93,93_scam_bullish_platform_funds,"['scam', 'bullish', 'platform', 'funds', 'youve', 'recovery', 'message', 'me', 'trumptariff', 'issues']"
"beware of the scam platform  noxtrom coinbaze if youve already invested refrain from paying additional withdrawal fees or taxes please message me directly for help with withdrawals jgzsto

bullrun bearish trumptariff bullish dibita engidex depkji bitznm cryptonomy ",93,93_scam_bullish_platform_funds,"['scam', 'bullish', 'platform', 'funds', 'youve', 'recovery', 'message', 'me', 'trumptariff', 'issues']"
"if you are still unable to withdraw your money from the scapewap or coinsprice platformdo not pay any additional fees
message me now and lets begin the process of withdrawing your funds rexoswap mctynfcbfy treasurenft 
bullrun bearish trumptariff bullish scam",93,93_scam_bullish_platform_funds,"['scam', 'bullish', 'platform', 'funds', 'youve', 'recovery', 'message', 'me', 'trumptariff', 'issues']"
"scam warning
bitgale is a scam platform blocking withdrawals and holding user funds hostage
cryptoscam scamalert cryptorecovery bitgale
bullrun bearish trumptariff bullish scam",93,93_scam_bullish_platform_funds,"['scam', 'bullish', 'platform', 'funds', 'youve', 'recovery', 'message', 'me', 'trumptariff', 'issues']"
markets soar as treasury secretary reportedly says tariff standoff with china is unsustainable and set to deescalate ,94,94_bessent_scott_secretary_treasury,"['bessent', 'scott', 'secretary', 'treasury', 'standoff', 'summit', 'class', 'soar', 'calls', 'expects']"
treasury secy scott bessent basically on tv today likened donald trumps tariff war to a fcking game folks saying that nobody is better at creating the leverage of strategic uncertainty than donald trump well god bless you scott its nice to know that you,94,94_bessent_scott_secretary_treasury,"['bessent', 'scott', 'secretary', 'treasury', 'standoff', 'summit', 'class', 'soar', 'calls', 'expects']"
" jerome powell 

transcript of us treasury secretary scott bessent interview with tucker carlson on president donald trumps tariff plan and its impact on the middle class

",94,94_bessent_scott_secretary_treasury,"['bessent', 'scott', 'secretary', 'treasury', 'standoff', 'summit', 'class', 'soar', 'calls', 'expects']"
"im shocked who could have seen his happening  
treasury secretary scott bessent admitted that president donald trump will likely extend his tariff deadlines yet again ",94,94_bessent_scott_secretary_treasury,"['bessent', 'scott', 'secretary', 'treasury', 'standoff', 'summit', 'class', 'soar', 'calls', 'expects']"
"scott bessent says tariff uncertainty is a tactic  otherwise countries would play us in the negotiations 
source fortune

speak softly and carry a big stick please this is mr trump decades of experience dealing with bs  ",94,94_bessent_scott_secretary_treasury,"['bessent', 'scott', 'secretary', 'treasury', 'standoff', 'summit', 'class', 'soar', 'calls', 'expects']"
 what is the wholesale price of nike sneakers landing in the us would be a tiny fraction of retail tariff will be much less than  of retail for nike,95,95_labor_slave_vietnam_retail,"['labor', 'slave', 'vietnam', 'retail', 'warns', 'production', 'expense', 'sell', 'loom', 'reliance']"
 what theyre not telling us is the tariff is on the import price not the retail price example if nike imports a shoe and pays a  tariff from vietnam the tariff is  if someone will pay  for a pair of sneakers they will pay  or nike could well absorb the ,95,95_labor_slave_vietnam_retail,"['labor', 'slave', 'vietnam', 'retail', 'warns', 'production', 'expense', 'sell', 'loom', 'reliance']"
"how tariffs affect nikes air jordans consumer guide trumptariff nikeairjordan kumdi

 click to see in details ",95,95_labor_slave_vietnam_retail,"['labor', 'slave', 'vietnam', 'retail', 'warns', 'production', 'expense', 'sell', 'loom', 'reliance']"
   the pipe dream of american manufacturing jobs is comical its anti capitalist production will simply move to the next country with cheaper labor and a lower tariff coming to the us makes little sense  we want to wear nikes not make them,95,95_labor_slave_vietnam_retail,"['labor', 'slave', 'vietnam', 'retail', 'warns', 'production', 'expense', 'sell', 'loom', 'reliance']"
a lot of people are really confused about the tariffs they ask where does a  tariff on china leave the us economy will a  tariff on vietnam really stop nike from making sneakers in dong nai sweatshops like the taekwang vina factory probably not ,95,95_labor_slave_vietnam_retail,"['labor', 'slave', 'vietnam', 'retail', 'warns', 'production', 'expense', 'sell', 'loom', 'reliance']"
trumps tariff barrage mimics volckers shock therapy in its boldness and willingness to rattle the system for a bigger goal he might relish the chaos to jolt back us industry but its messier less controlled and driven more by politics than economic science,96,96_safe_watching_strategy_retreat,"['safe', 'watching', 'strategy', 'retreat', 'trumps', 'see', 'luxury', 'tradetalks', 'curious', 'sudden']"
is this trumps franois mitterrand moment that historic uturn comes to mind as we watch the us president execute a reversal by stages in his tariff agenda  via ,96,96_safe_watching_strategy_retreat,"['safe', 'watching', 'strategy', 'retreat', 'trumps', 'see', 'luxury', 'tradetalks', 'curious', 'sudden']"
after pushing grim forecasts about trump tariff policies politico discovers they were bunk,96,96_safe_watching_strategy_retreat,"['safe', 'watching', 'strategy', 'retreat', 'trumps', 'see', 'luxury', 'tradetalks', 'curious', 'sudden']"
whens trump going to put a tariff on fake foreign news,96,96_safe_watching_strategy_retreat,"['safe', 'watching', 'strategy', 'retreat', 'trumps', 'see', 'luxury', 'tradetalks', 'curious', 'sudden']"
senate foreign relations committee chairman senator jim risch told fox news digital i have consistently raised national security concerns about south africas agoa eligibility agoa is set to expire later this year and president trumps current tariff regime already,96,96_safe_watching_strategy_retreat,"['safe', 'watching', 'strategy', 'retreat', 'trumps', 'see', 'luxury', 'tradetalks', 'curious', 'sudden']"
" big trade deal is they can sell us cars at lower tariff rates and we can sell beef easier

it could have been an email in other words",97,97_beef_uk_allow_tarifffree,"['beef', 'uk', 'allow', 'tarifffree', 'food', 'our', 'cars', 'sell', 'eu', 'issue']"
"  us needs an overseas supply of lean meat to add value to its surplus fatty meat together the lean and the fatty make good hamburgers 
the us will pay more for burgers because of this tariff especially if china has more demand for aussie beef",97,97_beef_uk_allow_tarifffree,"['beef', 'uk', 'allow', 'tarifffree', 'food', 'our', 'cars', 'sell', 'eu', 'issue']"
 theres also the side effect that in terms of any consumer goods a lot of uk consumers will now avoid buying us products and sales are likely to decline regardless of tariff rate and the chances of us beef selling in the uk is like slim to none,97,97_beef_uk_allow_tarifffree,"['beef', 'uk', 'allow', 'tarifffree', 'food', 'our', 'cars', 'sell', 'eu', 'issue']"
 beef asking the fast food restaurants do they have enough beef to sell to their customers in the usa alone european market dreaming is good but not real the eu is ramping up its protection to save its industries from china since the trump tariff started could you list data,97,97_beef_uk_allow_tarifffree,"['beef', 'uk', 'allow', 'tarifffree', 'food', 'our', 'cars', 'sell', 'eu', 'issue']"
 so  tariff on aussie manufactured burger mince will be shared between mcd and us households,97,97_beef_uk_allow_tarifffree,"['beef', 'uk', 'allow', 'tarifffree', 'food', 'our', 'cars', 'sell', 'eu', 'issue']"
 this  surge in container bookings from china to the us is a big shift after the  cancellations we saw last month due to the trade tensions looks like the tariff pause is driving a rush to restock wonder how long this momentum will last with the uncertainty still looming,98,98_shipping_ports_logistics_port,"['shipping', 'ports', 'logistics', 'port', 'surge', 'rush', 'demand', 'capacity', 'story', 'week']"
"financial times  us ports and air freight groups report sharp drop in cargo as tariff fears bite

tradewar trumptariffs tomorrowspaperstoday china ",98,98_shipping_ports_logistics_port,"['shipping', 'ports', 'logistics', 'port', 'surge', 'rush', 'demand', 'capacity', 'story', 'week']"
the lme is experiencing a copper squeeze with spot contracts spiking driven by falling inventory levels amid an ongoing rush to ship metal to the us ahead of an expected tariff announcement as well as demand from china on friday the cash to s spread closed at  ,98,98_shipping_ports_logistics_port,"['shipping', 'ports', 'logistics', 'port', 'surge', 'rush', 'demand', 'capacity', 'story', 'week']"
global shipping is flashing warning signs freight rates are falling from asia to the us west coast  to the east coastfollowing the end of the us tariff holiday ,98,98_shipping_ports_logistics_port,"['shipping', 'ports', 'logistics', 'port', 'surge', 'rush', 'demand', 'capacity', 'story', 'week']"
"is the trade war over  port and tariff update as of may    whats going on with shipping
is the trade war over between the us china and the world
supplychain containers ports tariffs tradewars
 via ",98,98_shipping_ports_logistics_port,"['shipping', 'ports', 'logistics', 'port', 'surge', 'rush', 'demand', 'capacity', 'story', 'week']"
trump is a lying jive turkey   ,99,99_taco_always_out_threats,"['taco', 'always', 'out', 'threats', 'wall', 'chicken', 'street', 'tacotrump', 'trades', 'when']"
  i know acronyms are hard but taco stands for trump always chickens out  because he caves on tariff negotiations among other things,99,99_taco_always_out_threats,"['taco', 'always', 'out', 'threats', 'wall', 'chicken', 'street', 'tacotrump', 'trades', 'when']"
trump always chickens out us delays eu tariffs reinforcing taco trade theory buy when he announces the tariff and sell when he taco ,99,99_taco_always_out_threats,"['taco', 'always', 'out', 'threats', 'wall', 'chicken', 'street', 'tacotrump', 'trades', 'when']"
taco tariff trump always chickens out tariff,99,99_taco_always_out_threats,"['taco', 'always', 'out', 'threats', 'wall', 'chicken', 'street', 'tacotrump', 'trades', 'when']"
 perfect music to go with the chicken taco tariffs while trump and co are fiddling around trying to figure out just what a tariff is here today gone tomorrow we have the music to soothe our frazzled minds amp  nerves,99,99_taco_always_out_threats,"['taco', 'always', 'out', 'threats', 'wall', 'chicken', 'street', 'tacotrump', 'trades', 'when']"
" i think we need to wish him well on this one

the us agreed on  may to drop import taxes on uk steel as part of a trade deal with the uk but the original  tariff has been kept in place while the details of the deal are worked out

the last thing we need is the  tariff",100,100_steel_uk_port_british,"['steel', 'uk', 'port', 'british', 'concerns', 'deal', 'aluminium', 'threatens', 'aluminum', 'agreed']"
"uk steel vs us tariffs a temporary reprieve but uncertainty looms

uk steelmakers narrowly avoid a  us import tariff thanks to an exemption from president trump however the current  tariff remains and the future depends on finalising the usuk deal by july ",100,100_steel_uk_port_british,"['steel', 'uk', 'port', 'british', 'concerns', 'deal', 'aluminium', 'threatens', 'aluminum', 'agreed']"
despite announcing  tariffs on steel and aluminum president trump exempted the uk after it pushed for relief most uk steel exports are now excluded though the  tariff still applies to other countries ,100,100_steel_uk_port_british,"['steel', 'uk', 'port', 'british', 'concerns', 'deal', 'aluminium', 'threatens', 'aluminum', 'agreed']"
trump threatens to keep  tariff on uk steel imports over port talbot concerns  steel industry  the guardian ,100,100_steel_uk_port_british,"['steel', 'uk', 'port', 'british', 'concerns', 'deal', 'aluminium', 'threatens', 'aluminum', 'agreed']"
" the uk government which negotiated a steel and aluminium tariff exemption  weeks ago is confused as to what this means too
the deal that was struck was not legally binding nor the implementation work needed for an actual agreement completed
",100,100_steel_uk_port_british,"['steel', 'uk', 'port', 'british', 'concerns', 'deal', 'aluminium', 'threatens', 'aluminum', 'agreed']"
"  bull the consumer pays most of the import tax tariff if a company is willing to pay the feds to bring a product into the united states
why is trump attempting to destroy the us and why is the republican party agreeing with him",101,101_tax_americans_consumer_paid,"['tax', 'americans', 'consumer', 'paid', 'pay', 'money', 'import', 'goods', 'consumers', 'understand']"
 and still the american consumer will pay for it this is a mandatory tax disguised as a tariff no spin can change that his nothingness saying that tariffs will get companies to return to the us and make things is  bs and a money grab from americans wake up people,101,101_tax_americans_consumer_paid,"['tax', 'americans', 'consumer', 'paid', 'pay', 'money', 'import', 'goods', 'consumers', 'understand']"
 so trumps tariff raised  in federal revenue and your customers paid it willingly,101,101_tax_americans_consumer_paid,"['tax', 'americans', 'consumer', 'paid', 'pay', 'money', 'import', 'goods', 'consumers', 'understand']"
"   far more americans pay income tax than import goods
 bring in foreign goods get charged a tariff the idea is to buy domestically do this and have no income tax winwin
 magic money is the money you fail to mention the trillions from the dem leaders prior to trump",101,101_tax_americans_consumer_paid,"['tax', 'americans', 'consumer', 'paid', 'pay', 'money', 'import', 'goods', 'consumers', 'understand']"
somehow the majority of the trump groupies dont understand this a tariff isnt a tax on that country its an added price you have to pay,101,101_tax_americans_consumer_paid,"['tax', 'americans', 'consumer', 'paid', 'pay', 'money', 'import', 'goods', 'consumers', 'understand']"
"    breaking
trump has announced take it or leave it letters for countries that have not made a tariff deal ",102,102_send_letter_partners_deadline,"['send', 'letter', 'partners', 'deadline', 'rates', 'setting', 'says', 'weeks', 'trading', 'unilateral']"
"us president says us could send letters setting tariff rates rather than extend deadline move reflects maximum pressure strategy to force others to make concession
 ",102,102_send_letter_partners_deadline,"['send', 'letter', 'partners', 'deadline', 'rates', 'setting', 'says', 'weeks', 'trading', 'unilateral']"
im going to send letters thats the end of the trade deal i could send one to us citizens dear mr smith heres the story youre going to pay a  tariff on your car,102,102_send_letter_partners_deadline,"['send', 'letter', 'partners', 'deadline', 'rates', 'setting', 'says', 'weeks', 'trading', 'unilateral']"
instead of negotiating with world leaders on trade trump said again in midjune that the united states would send letters informing other countries about their tariff rates in about a week and a half two weeks  per nbc news,102,102_send_letter_partners_deadline,"['send', 'letter', 'partners', 'deadline', 'rates', 'setting', 'says', 'weeks', 'trading', 'unilateral']"
"trump says us to send tariff letters to trade partners before july  deadline
trump announced plans to notify countries that they can continue trading with the us but will face substantial tariffs
 ",102,102_send_letter_partners_deadline,"['send', 'letter', 'partners', 'deadline', 'rates', 'setting', 'says', 'weeks', 'trading', 'unilateral']"
us china begin trade talks in switzerland amid tariff tensions  nhk worldjapan news ,103,103_talks_officials_progress_substantial,"['talks', 'officials', 'progress', 'substantial', 'monday', 'begin', 'meet', 'details', 'trade', 'report']"
the us and china are continuing trade discussions following a call between president trump and xi jinping with a focus on tariff cuts in farming and auto sectors trump and indian prime minister narendra modi also aim to double trade by  with a trade pact targeted for,103,103_talks_officials_progress_substantial,"['talks', 'officials', 'progress', 'substantial', 'monday', 'begin', 'meet', 'details', 'trade', 'report']"
"via  us and china tariff talks begin in geneva with hope of deescalating trade dispute
",103,103_talks_officials_progress_substantial,"['talks', 'officials', 'progress', 'substantial', 'monday', 'begin', 'meet', 'details', 'trade', 'report']"
"easily done by trump team 

us officials report substantial progress after trade talks with china details due monday

",103,103_talks_officials_progress_substantial,"['talks', 'officials', 'progress', 'substantial', 'monday', 'begin', 'meet', 'details', 'trade', 'report']"
trump announces usuk trade deal amid tariff threats officials from the us and china are meeting in switzerland on saturday to find a resolutionto the trade war between the worlds two largest economies ,103,103_talks_officials_progress_substantial,"['talks', 'officials', 'progress', 'substantial', 'monday', 'begin', 'meet', 'details', 'trade', 'report']"
   sure but you realize trump added in trade deficits to come up with those reciprocal tariff numbers that isnt within his scope,104,104_deficits_deficit_trade_fiscal,"['deficits', 'deficit', 'trade', 'fiscal', 'buy', 'thinks', 'foreign', 'moron', 'solve', 'doesnt']"
us trade deficit narrowed significantly amid trumps tariff escalation  abc news via   ,104,104_deficits_deficit_trade_fiscal,"['deficits', 'deficit', 'trade', 'fiscal', 'buy', 'thinks', 'foreign', 'moron', 'solve', 'doesnt']"
"trumps asinine tariff policy is making our trade deficits worse not better 

its just the last con from this moron destroying the economy that was rebuilt by biden

read more here 

donthecon ",104,104_deficits_deficit_trade_fiscal,"['deficits', 'deficit', 'trade', 'fiscal', 'buy', 'thinks', 'foreign', 'moron', 'solve', 'doesnt']"
 if you move manufacturing here it doesnt really matter we have a trade deficit with everyone because we spend more money than everyone negotiating a lower tariff is fine but hes obsessed with charging for tariffs acting like it makes us money when its just a tax on us,104,104_deficits_deficit_trade_fiscal,"['deficits', 'deficit', 'trade', 'fiscal', 'buy', 'thinks', 'foreign', 'moron', 'solve', 'doesnt']"
" perfectly if your a fan of massive trade deficits and hasnt it only been a few minutes since you claimed they didnt have tariffs on us goods for decades before trump  

is your new take that trade deficits are good  sigh",104,104_deficits_deficit_trade_fiscal,"['deficits', 'deficit', 'trade', 'fiscal', 'buy', 'thinks', 'foreign', 'moron', 'solve', 'doesnt']"
trumps tariff war boeings bleedout and exes answer to manufacturings survival  by exe protocol official medium  may   medium ,105,105_returns_aircraft_china_plane,"['returns', 'aircraft', 'china', 'plane', 'war', 'amid', 'commercial', 'parts', 'reprieve', 'travel']"
  china has picked to stop buying boeing planes parts from the us including what was on order also boeing relies on parts made in a chinese aircraft factory in shanghai  with a  tariff boeing will be paying more than twice as much for the parts,105,105_returns_aircraft_china_plane,"['returns', 'aircraft', 'china', 'plane', 'war', 'amid', 'commercial', 'parts', 'reprieve', 'travel']"
"china stops boeing jet deliveries amid trade war with us report

",105,105_returns_aircraft_china_plane,"['returns', 'aircraft', 'china', 'plane', 'war', 'amid', 'commercial', 'parts', 'reprieve', 'travel']"
" i just see on a french news channel that china want order between  and  airbus airplanes
thanks trump for his tariff  the contract cannot go to boeing 
very nice for amricains employment and economy",105,105_returns_aircraft_china_plane,"['returns', 'aircraft', 'china', 'plane', 'war', 'amid', 'commercial', 'parts', 'reprieve', 'travel']"
"trumps  massive tariff bomb causes chaos in the airline industry
including delayed maintenance
",105,105_returns_aircraft_china_plane,"['returns', 'aircraft', 'china', 'plane', 'war', 'amid', 'commercial', 'parts', 'reprieve', 'travel']"
 the prime minister agreed to trumps tariff terms and just signed the agreement but of course trump could have voided the agreement and called starmer a son of a bitch,106,106_uk_pm_summit_deal,"['uk', 'pm', 'summit', 'deal', 'sign', 'signed', 'new', 'billion', 'lowered', 'exports']"
" didnt donald make a trade agreement with him at the g starmer was better than canada at the time so trump made a deal with 
",106,106_uk_pm_summit_deal,"['uk', 'pm', 'summit', 'deal', 'sign', 'signed', 'new', 'billion', 'lowered', 'exports']"
starmer and trump sign tariff deal at g summit steel ,106,106_uk_pm_summit_deal,"['uk', 'pm', 'summit', 'deal', 'sign', 'signed', 'new', 'billion', 'lowered', 'exports']"
"new uk prime minister keir starmer to declare that globalization has failed plans to show that he understands president trumps tariff decision

the announcement is set for monday according to the times ",106,106_uk_pm_summit_deal,"['uk', 'pm', 'summit', 'deal', 'sign', 'signed', 'new', 'billion', 'lowered', 'exports']"
"trump starmer hail limited usuk trade deal but  duties remain  
if you hold someone at gun point but then agree only to shoot them in the leg is that a good deal",106,106_uk_pm_summit_deal,"['uk', 'pm', 'summit', 'deal', 'sign', 'signed', 'new', 'billion', 'lowered', 'exports']"
" confirmed shein reportedly weighs us restructuring amid tariff pressure
",107,107_de_exemption_shipping_prices,"['de', 'exemption', 'shipping', 'prices', 'stops', 'shopping', 'giant', 'still', 'small', 'ship']"
"tusa gt  is from ridiculous trump tariff theory but tusa lt  is a doubleedge tool if the seller does not want to be hurt by it she will raises u to 
utusa the surplus cost going to the buyer is utusatusa which means usa has to pay this portion for ttariff",107,107_de_exemption_shipping_prices,"['de', 'exemption', 'shipping', 'prices', 'stops', 'shopping', 'giant', 'still', 'small', 'ship']"
trumps tariff war works temu and shein have no way out cant afford g  via ,107,107_de_exemption_shipping_prices,"['de', 'exemption', 'shipping', 'prices', 'stops', 'shopping', 'giant', 'still', 'small', 'ship']"
some of the temu products are unusable the master of the deal temu stops shipping products from china to us as trump closes tariff loophole  the new york times ,107,107_de_exemption_shipping_prices,"['de', 'exemption', 'shipping', 'prices', 'stops', 'shopping', 'giant', 'still', 'small', 'ship']"
  looks like sheins ipo is taking a detour once aiming for a  billion valuation now its stuck in the slow lane thanks to us tariffs and regulatory hurdles guess even fast fashion cant outrun the roadblocks  fashionfinance ipoupdate,107,107_de_exemption_shipping_prices,"['de', 'exemption', 'shipping', 'prices', 'stops', 'shopping', 'giant', 'still', 'small', 'ship']"
"in trump tariff logic the family that could afford to but  dolls will have to settle for paying more for  or  what does that mean for the family that could only afford to buy  or  dolls i guess they get the  pencils for christmas 
trumptariffs",108,108_afford_country_instead_suggesting,"['afford', 'country', 'instead', 'suggesting', 'alert', 'guess', 'heads', 'children', 'mistake', 'family']"
 as tariff policy continues to evolve less expensive countries will get their opportunity to produce toys and many other items desired by the us market,108,108_afford_country_instead_suggesting,"['afford', 'country', 'instead', 'suggesting', 'alert', 'guess', 'heads', 'children', 'mistake', 'family']"
trump justifying his actions using  dolls instead of  dolls which is discriminatory against women linking them  as a factor for entire tariff propaganda  what really is at stake is usa building up global economy decades ago to now pull the rug out from under these countries,108,108_afford_country_instead_suggesting,"['afford', 'country', 'instead', 'suggesting', 'alert', 'guess', 'heads', 'children', 'mistake', 'family']"
"tariff tariffwar 
this doll argument is beyond the pale it is a complete waste of time most little girls never got thirty dolls for christmas the real issue is price of goods in general people have allowed trump to side track the real problem stay on topic for real fight",108,108_afford_country_instead_suggesting,"['afford', 'country', 'instead', 'suggesting', 'alert', 'guess', 'heads', 'children', 'mistake', 'family']"
  so let me get this straighttrump is responding to a question about his tariff plans when he tells the reporter that kids might have to get by with only two toys and you blame the parents if they dont budgeting properly,108,108_afford_country_instead_suggesting,"['afford', 'country', 'instead', 'suggesting', 'alert', 'guess', 'heads', 'children', 'mistake', 'family']"
china rare earth group  faces mass exodus  vp liao chunsheng resigns  gm yan shengjian vp jia jiangtao  board members quit some fled overseas amid us tariff talks and rare earths as leverage whos really in control mp tmc spy ,109,109_rare_earth_minerals_beijing,"['rare', 'earth', 'minerals', 'beijing', 'understanding', 'mention', 'materials', 'china', 'exports', 'supplies']"
"trump announces rare earth deal with china despite tariff confusion

read more 

politics  trades  tariffs china  usa economy  rares  technology  businessman  diplomacy breakingnews trendingreelsvideo politics ",109,109_rare_earth_minerals_beijing,"['rare', 'earth', 'minerals', 'beijing', 'understanding', 'mention', 'materials', 'china', 'exports', 'supplies']"
  meanwhiletrump begs the chinese to send us rare earths again since he didnt know the monopoly they had on those when he decided to act tough on tariffs trumps  trying to get our minds off the tariff debacle and the fact that many of our companies will be in bad shape soon,109,109_rare_earth_minerals_beijing,"['rare', 'earth', 'minerals', 'beijing', 'understanding', 'mention', 'materials', 'china', 'exports', 'supplies']"
tariff war leads us company to halt shipments of rare earth concentrate to china  fox business,109,109_rare_earth_minerals_beijing,"['rare', 'earth', 'minerals', 'beijing', 'understanding', 'mention', 'materials', 'china', 'exports', 'supplies']"
"no not tariffs rare earths 
the us and china have finalized a trade understanding reached last month in geneva us commerce secretary howard lutnick said ",109,109_rare_earth_minerals_beijing,"['rare', 'earth', 'minerals', 'beijing', 'understanding', 'mention', 'materials', 'china', 'exports', 'supplies']"
   so under biden the tariff rate will go up to  on electric vehicles to  on solar cells and to  on electrical vehicle batteries critical minerals steel aluminum face masks and shiptoshore cranes  now   on us goods now  big whoop this,110,110_feed_energy_asian_minerals,"['feed', 'energy', 'asian', 'minerals', 'asia', 'fix', 'manufacturers', 'fixed', 'fit', 'around']"
  correct thats the way i exactly looked at it when i installed solar  or so years ago partner was pregnant and stopped working so home all day so we got solar so she can crank the ac during summer etc free energy the feedin tariff was just a bonus for us,110,110_feed_energy_asian_minerals,"['feed', 'energy', 'asian', 'minerals', 'asia', 'fix', 'manufacturers', 'fixed', 'fit', 'around']"
 and other us solar manufacturers may be celebrating this loss of competition but they could be next to get destroyed by the trump admin like the last sheep by a newly hungry antisolar wolf ,110,110_feed_energy_asian_minerals,"['feed', 'energy', 'asian', 'minerals', 'asia', 'fix', 'manufacturers', 'fixed', 'fit', 'around']"
"  in aus our panels are still linked to power companies cant get around that 

so we have to pay them for the privilege of using solar panels we paid for and they pay a measly feed in tariff

theres even talk of us being charged to feed in to the grid bc power companies",110,110_feed_energy_asian_minerals,"['feed', 'energy', 'asian', 'minerals', 'asia', 'fix', 'manufacturers', 'fixed', 'fit', 'around']"
us solar makers see tariff loophole for asian competitors ,110,110_feed_energy_asian_minerals,"['feed', 'energy', 'asian', 'minerals', 'asia', 'fix', 'manufacturers', 'fixed', 'fit', 'around']"
donald j trump you are vladimir putins bitch because you did not tariff vladimir putins russia you dumbass,111,111_russia_list_putin_why,"['russia', 'list', 'putin', 'why', 'hates', 'sit', 'russian', 'being', 'sanctions', 'put']"
 trump is still colluding with russia guess why russia is exempt from any tariff considerations at all case closed,111,111_russia_list_putin_why,"['russia', 'list', 'putin', 'why', 'hates', 'sit', 'russian', 'being', 'sanctions', 'put']"
"feggheadmusk yes go to russia and take all your sit with you and our greatest mr 
presidente trump can put onehundred and fiftyseven percent tariff on your sit dumbass  putosemperfirussia responds to trumpmusk feud with jokes",111,111_russia_list_putin_why,"['russia', 'list', 'putin', 'why', 'hates', 'sit', 'russian', 'being', 'sanctions', 'put']"
" russia not on trumps tariff list

",111,111_russia_list_putin_why,"['russia', 'list', 'putin', 'why', 'hates', 'sit', 'russian', 'being', 'sanctions', 'put']"
 why doesnt trump put a  tariff on russia,111,111_russia_list_putin_why,"['russia', 'list', 'putin', 'why', 'hates', 'sit', 'russian', 'being', 'sanctions', 'put']"
trump recently threatened china with  tariffs if they dare to attack taiwan but since the us has already imposed a  tariff on china taking taiwan is a  discount idiot of the planet,112,112_taiwan_xi_sanctions_united,"['taiwan', 'xi', 'sanctions', 'united', 'secure', 'states', 'central', 'offers', 'falling', 'monday']"
"tariffs are working  winning
taiwan offers  tariffs to the us in response to trumps tariffs ",112,112_taiwan_xi_sanctions_united,"['taiwan', 'xi', 'sanctions', 'united', 'secure', 'states', 'central', 'offers', 'falling', 'monday']"
 trump is helping xi attack taiwan so this is all pretend tariff rubbish,112,112_taiwan_xi_sanctions_united,"['taiwan', 'xi', 'sanctions', 'united', 'secure', 'states', 'central', 'offers', 'falling', 'monday']"
 btwwe have sanctions on myanmar that didnt stop trump from placing  tariff as they struggle to survive a major earthquake,112,112_taiwan_xi_sanctions_united,"['taiwan', 'xi', 'sanctions', 'united', 'secure', 'states', 'central', 'offers', 'falling', 'monday']"
"taiwan hopes to benefit if other countries reach tariff agreements with the us first
",112,112_taiwan_xi_sanctions_united,"['taiwan', 'xi', 'sanctions', 'united', 'secure', 'states', 'central', 'offers', 'falling', 'monday']"
"impeach trump and vance now

white house deputy chief of staff stephen miller said on friday the administration was actively looking at suspending habeas corpus a persons right to challenge the legality of their arrest or detention 
",113,113_vance_jd_preparing_failing,"['vance', 'jd', 'preparing', 'failing', 'problems', 'looking', 'actively', 'politics', 'miller', 'stephen']"
morontrump admin live updates stephen miller says admin actively looking at suspending habeas corpus ,113,113_vance_jd_preparing_failing,"['vance', 'jd', 'preparing', 'failing', 'problems', 'looking', 'actively', 'politics', 'miller', 'stephen']"
" trump making jd vance the tariff czar is like asking your dog to do your taxes
peet would at least add memes to the madness
 ",113,113_vance_jd_preparing_failing,"['vance', 'jd', 'preparing', 'failing', 'problems', 'looking', 'actively', 'politics', 'miller', 'stephen']"
"biden made harris border czar

trump makes vance tariff czar

if you ponder this for a bit youll notice the pattern",113,113_vance_jd_preparing_failing,"['vance', 'jd', 'preparing', 'failing', 'problems', 'looking', 'actively', 'politics', 'miller', 'stephen']"
 translation  trump is preparing to make jd vance the tariff fall guy,113,113_vance_jd_preparing_failing,"['vance', 'jd', 'preparing', 'failing', 'problems', 'looking', 'actively', 'politics', 'miller', 'stephen']"
"new vdh podcast out now
join   amp sami winc for a noholdsbarred roundup
 chinas tariff war
 netanyahu talks trump
 iran turkey amp rising tensions
 irs data on undocumented
 trump slams universities
 amy coney barrett
 elon calls navarro a sack of",114,114_podcast_episode_listen_join,"['podcast', 'episode', 'listen', 'join', 'tonight', 'equipment', 'live', 'meltdown', 'youtube', 'tune']"
" 
hey mike
im a longtime fan follower and blue collar guy for a good part of my career you are mentioned in this podcast with no cursewords on either side of your name  i thought you might enjoy the mention  

",114,114_podcast_episode_listen_join,"['podcast', 'episode', 'listen', 'join', 'tonight', 'equipment', 'live', 'meltdown', 'youtube', 'tune']"
"tonight  talks to  on the lastword tune in

",114,114_podcast_episode_listen_join,"['podcast', 'episode', 'listen', 'join', 'tonight', 'equipment', 'live', 'meltdown', 'youtube', 'tune']"
unc trump pls put a  tariff on podcast equipment,114,114_podcast_episode_listen_join,"['podcast', 'episode', 'listen', 'join', 'tonight', 'equipment', 'live', 'meltdown', 'youtube', 'tune']"
trump wants to ration dolls tariff hollywood reopen alcatraz and hang with proud boyswhile questioning the constitution on this meidastouch podcast we break down his authoritarian meltdown and big wins for democracy abroad watch live at p etp pt ,114,114_podcast_episode_listen_join,"['podcast', 'episode', 'listen', 'join', 'tonight', 'equipment', 'live', 'meltdown', 'youtube', 'tune']"
"he said he would bring down prices
we should have known he meant stock prices 

stockmarketcrash  stockmarketindia stockmarketmemes marketcrash  trumptariffs ustariff ",115,115_stockmarketcrash_trumpmarketcrash_trumptariff_trumprecession,"['stockmarketcrash', 'trumpmarketcrash', 'trumptariff', 'trumprecession', 'trumptariffs', 'trumptradewar', 'wealth', 'thursday', 'elonmusk', 'investing']"
"things that make you go hmmm

trumpmarketcrash trumptariff market manipulation dowjones 
wallstreet ",115,115_stockmarketcrash_trumpmarketcrash_trumptariff_trumprecession,"['stockmarketcrash', 'trumpmarketcrash', 'trumptariff', 'trumprecession', 'trumptariffs', 'trumptradewar', 'wealth', 'thursday', 'elonmusk', 'investing']"
if markets moderated some today after yesterdays trumptariff rollout he might have been able to claim success but a day of having smart people looking at this longer term the markets are dropping as hard as as yesterday this is not abstract retirement savings are vanishing,115,115_stockmarketcrash_trumpmarketcrash_trumptariff_trumprecession,"['stockmarketcrash', 'trumpmarketcrash', 'trumptariff', 'trumprecession', 'trumptariffs', 'trumptradewar', 'wealth', 'thursday', 'elonmusk', 'investing']"
" are we having fun yet

stockmarketcrash trump stocks investing trumprecession trumptariff trumptradewar losingeqity burningman burningmoney ",115,115_stockmarketcrash_trumpmarketcrash_trumptariff_trumprecession,"['stockmarketcrash', 'trumpmarketcrash', 'trumptariff', 'trumprecession', 'trumptariffs', 'trumptradewar', 'wealth', 'thursday', 'elonmusk', 'investing']"
 just the beginning of the trumprecession trumptariff trumpdestruction effect stock up and hunker down it is coming ,115,115_stockmarketcrash_trumpmarketcrash_trumptariff_trumprecession,"['stockmarketcrash', 'trumpmarketcrash', 'trumptariff', 'trumprecession', 'trumptariffs', 'trumptradewar', 'wealth', 'thursday', 'elonmusk', 'investing']"
    if we start seeing other retailers saying the same thing it will probably be the nintendo usa distribution method  either way we need to get them constructed in the us have them distributed from here all throughout north america tariffs should incentivize that,116,116_price_ship_digital_due,"['price', 'ship', 'digital', 'due', 'added', 'rise', 'situation', 'nonsense', 'launch', 'fee']"
us folks preorders are still delayed due to import tariff uncertainty  nintendos hoping to still hit the june th launch but things are up in the air,116,116_price_ship_digital_due,"['price', 'ship', 'digital', 'due', 'added', 'rise', 'situation', 'nonsense', 'launch', 'fee']"
xbox joins playstation in hiking console prices amid us tariff pressures ,116,116_price_ship_digital_due,"['price', 'ship', 'digital', 'due', 'added', 'rise', 'situation', 'nonsense', 'launch', 'fee']"
"sony hikes playstation  price by  as trump tariffs bite

ps digital price in uk would rise to  and  in europe as japanese games developer cites challenging economic environment

playstation videogames ustariff gta ",116,116_price_ship_digital_due,"['price', 'ship', 'digital', 'due', 'added', 'rise', 'situation', 'nonsense', 'launch', 'fee']"
"nintendo is very serious about pricing

the company withheld switch  launch from amazon due to price undercutting concerns

switch  is less profitable than switch  and nintendo kept switch  price the same in us despite huge neg tariff impacts

",116,116_price_ship_digital_due,"['price', 'ship', 'digital', 'due', 'added', 'rise', 'situation', 'nonsense', 'launch', 'fee']"
  one reason only trump could not impose a tariff on eggs  other than than gas can you tell us what else is dropping in price  my observation is that everything else that americans consume purchase or manufacture has gone up in price since jan th,117,117_gt_eggs_prices_bid,"['gt', 'eggs', 'prices', 'bid', 'food', 'morning', 'list', 'experts', 'price', 'poor']"
 also wouldnt brag about egg prices just last week there was an egg recall which possibly affect pricing i thought trump fda said they werent going to send out constant food recalls like the prior admin also my b is still trying to recover from the tariff war,117,117_gt_eggs_prices_bid,"['gt', 'eggs', 'prices', 'bid', 'food', 'morning', 'list', 'experts', 'price', 'poor']"
"  trumps tariff brought egg prices down by 

how does this work",117,117_gt_eggs_prices_bid,"['gt', 'eggs', 'prices', 'bid', 'food', 'morning', 'list', 'experts', 'price', 'poor']"
"morning news
gt trump tariffs handy list
gt wales increase food prices for poor
gt bowls england bid for world cup
read all about it

all free all the time
hackneybooks trumptariff foodprice bowls ",117,117_gt_eggs_prices_bid,"['gt', 'eggs', 'prices', 'bid', 'food', 'morning', 'list', 'experts', 'price', 'poor']"
 the drop in prices is good but what exactly did trump do to deserve credit  did he sign an executive order that prices should drop  did he put a tariff on chickens,117,117_gt_eggs_prices_bid,"['gt', 'eggs', 'prices', 'bid', 'food', 'morning', 'list', 'experts', 'price', 'poor']"
" yeah there needs to be a show of strong distain for this
im not sure if this is an ab testing merely because the chinese students is a huge part of his tariff negotiations with china but id love to see a bunch of backlash over this and then see what trump does",118,118_students_chinese_allow_education,"['students', 'chinese', 'allow', 'education', 'part', 'stay', 'visas', 'harvard', 'scale', 'american']"
  for the case of tariff related negotiations he doesnt need to promise anything related to students from the prc attending the schools in the us obviously you let most of the students from that country study here but at the same time you still vet them and restrict those,118,118_students_chinese_allow_education,"['students', 'chinese', 'allow', 'education', 'part', 'stay', 'visas', 'harvard', 'scale', 'american']"
president trump should consider stoping chinese students from studying in american colleges tariff impact would be taken to a new level,118,118_students_chinese_allow_education,"['students', 'chinese', 'allow', 'education', 'part', 'stay', 'visas', 'harvard', 'scale', 'american']"
 so we take in half a million chinese students then theu never leave and after trump is gone china stops paying the tariff china is playing the long con,118,118_students_chinese_allow_education,"['students', 'chinese', 'allow', 'education', 'part', 'stay', 'visas', 'harvard', 'scale', 'american']"
" us is definitely escalating the tariff negotiations with china with no justification 
 from student visa bans to war threats the white house is unhinged",118,118_students_chinese_allow_education,"['students', 'chinese', 'allow', 'education', 'part', 'stay', 'visas', 'harvard', 'scale', 'american']"
by announcing tariff relief and refunding duties trump activated a multilayered snare automakers accepting the  credit are now on a countdownreshore production or lose access to the quantum financial system qfs and the refund its not generosity,119,119_qqq_expansion_vs_headlines,"['qqq', 'expansion', 'vs', 'headlines', 'results', 'strong', 'stocks', 'after', 'major', 'hoping']"
 theyre will be a lot of headlines of tariff walk backs by trump he is working for a cut by end of q,119,119_qqq_expansion_vs_headlines,"['qqq', 'expansion', 'vs', 'headlines', 'results', 'strong', 'stocks', 'after', 'major', 'hoping']"
"despite strong q results adidas holds back on its  forecast due to uncertainty over us trade tariffs the company warns of higher 
adidas tariffimpact tradeuncertainty usmarket adidasoutlook qresults trumptariff globalbusiness
",119,119_qqq_expansion_vs_headlines,"['qqq', 'expansion', 'vs', 'headlines', 'results', 'strong', 'stocks', 'after', 'major', 'hoping']"
spy qqq fuck it just come out with a rumor that trump is cutting all tariff just let us have the ath for one time and market can do whatever the fuck it wants,119,119_qqq_expansion_vs_headlines,"['qqq', 'expansion', 'vs', 'headlines', 'results', 'strong', 'stocks', 'after', 'major', 'hoping']"
gesara phase  just went live  trumps auto tariff relief was a military economic trap to activate qfs force ceos to leave the globalists and begin fullscale rebuilding of the american economy under quantum control,119,119_qqq_expansion_vs_headlines,"['qqq', 'expansion', 'vs', 'headlines', 'results', 'strong', 'stocks', 'after', 'major', 'hoping']"
rep marjorie taylor greenes net worth jumped  million since joining congress  top  stocks she was buying amid tariff chaos  benzinga smartnews  ,120,120_rep_jumped_stocks_joining,"['rep', 'jumped', 'stocks', 'joining', 'smartnews', 'insider', 'congress', 'net', 'she', 'million']"
"rep marjorie taylor greene scooped up shares of amazon and dell when stocks were down  from trumps tariff whiplash
hes a jolly good fella amp so say all of us ",120,120_rep_jumped_stocks_joining,"['rep', 'jumped', 'stocks', 'joining', 'smartnews', 'insider', 'congress', 'net', 'she', 'million']"
"lockherup
bbbbbb

marjorie taylor greene bought thousands of dollars in stock right before trumps tariff pause sent markets soaring marjorietaylorgreene stock impeachtrumpagain congress
",120,120_rep_jumped_stocks_joining,"['rep', 'jumped', 'stocks', 'joining', 'smartnews', 'insider', 'congress', 'net', 'she', 'million']"
  donald trump tanks the economy and stock market on purpose so his rich friends like marjorie taylor greene can commit insider trading and now he wants unnecessary money to bail out the farmers because of his idiotic tariff wars no wonder he went bankrupt  times ,120,120_rep_jumped_stocks_joining,"['rep', 'jumped', 'stocks', 'joining', 'smartnews', 'insider', 'congress', 'net', 'she', 'million']"
marjorie taylor greene bought stock before market jumped on trump tariff pause  lock marjorie taylor greene up for insider trading shes a crook,120,120_rep_jumped_stocks_joining,"['rep', 'jumped', 'stocks', 'joining', 'smartnews', 'insider', 'congress', 'net', 'she', 'million']"
the russian president has a pattern and hes just trying to buy time until that south korea president get in and were gonna be in big fucking trouble im telling you now president trump please get on china shit before its too late that  day tariff is a nightmare right now,121,121_korea_south_aim_children,"['korea', 'south', 'aim', 'children', 'geopolitics', 'president', 'deal', 'chips', 'call', 'building']"
" dear seoul

we see you didnt accept our tariff proposal our protection is not free

good luck with kim jong un

donald j trump",121,121_korea_south_aim_children,"['korea', 'south', 'aim', 'children', 'geopolitics', 'president', 'deal', 'chips', 'call', 'building']"
"can south koreas new president stand up to washington

my latest for  on the challenges facing lee jae myung from the new cold war and trumps tariff bomb

",121,121_korea_south_aim_children,"['korea', 'south', 'aim', 'children', 'geopolitics', 'president', 'deal', 'chips', 'call', 'building']"
president lee jaemyungs minute trump call targeting mutually acceptable tariff agreement  south koreas procrypto leader building us relationship early trade negotiations with cryptofriendly administration could benefit korean exchanges and innovation,121,121_korea_south_aim_children,"['korea', 'south', 'aim', 'children', 'geopolitics', 'president', 'deal', 'chips', 'call', 'building']"
 though to be sure for most products the us and south korea had a trade agreement where the tariffs were  though there were different rates for certain things as the article says so i dont know why we put a blanket tariff on you guys of ,121,121_korea_south_aim_children,"['korea', 'south', 'aim', 'children', 'geopolitics', 'president', 'deal', 'chips', 'call', 'building']"
"day  quant    
oil thought chain
 opec decided to ramp up production to punish iraq amp kazakhstan
 oil price drop could help counter inflation and favor tariff
 oil price drop could break the cost line of us oil drilling company",122,122_oil_production_barrel_demand,"['oil', 'production', 'barrel', 'demand', 'prices', 'crude', 'fuel', 'price', 'below', 'economic']"
 opec production increases and expectations of a tariff induced recession are driving down oil prices  not us policy,122,122_oil_production_barrel_demand,"['oil', 'production', 'barrel', 'demand', 'prices', 'crude', 'fuel', 'price', 'below', 'economic']"
"trumps economic policies are killing the us shale boom shale producers are below breakeven price 

tariffs and strategic uncertainty of random tariff hikes at any time are reducing global shipping which dramatically reduces global oil consumption

below break even price ",122,122_oil_production_barrel_demand,"['oil', 'production', 'barrel', 'demand', 'prices', 'crude', 'fuel', 'price', 'below', 'economic']"
"  your own research says oil prices were down in large part because of fears of a us recession and tariff uncertainty so if oil prices go all the way back down that isnt the win you think it is 

and meanwhile prices are up on basically everything else since he took office",122,122_oil_production_barrel_demand,"['oil', 'production', 'barrel', 'demand', 'prices', 'crude', 'fuel', 'price', 'below', 'economic']"
perhaps trump wishes he had the national oil companies as well as the sovereign funds of gulf countries will the tariff uncertainty message get thru did shale producers hedge in the recent runup of prices lack of demand growth and sluggish prices makes new investment unlikely,122,122_oil_production_barrel_demand,"['oil', 'production', 'barrel', 'demand', 'prices', 'crude', 'fuel', 'price', 'below', 'economic']"
"sometimes words carry more precision than math

if you want to know how ridiculous trumps tariff rates are you can laugh at the formula 

but you cant describe it any better than bill bonner 

the president unveiled his new tariffs a different one for ",123,123_math_formula_chart_used,"['math', 'formula', 'chart', 'used', 'suck', 'rates', 'basic', 'werent', 'country', 'heres']"
   did you actually see what the formula he used was to determine what other countries tariff the us laughable,123,123_math_formula_chart_used,"['math', 'formula', 'chart', 'used', 'suck', 'rates', 'basic', 'werent', 'country', 'heres']"
   first you should understand what the tariff rates are because trumps chart was made up in fantasy land,123,123_math_formula_chart_used,"['math', 'formula', 'chart', 'used', 'suck', 'rates', 'basic', 'werent', 'country', 'heres']"
 trumps tariff math,123,123_math_formula_chart_used,"['math', 'formula', 'chart', 'used', 'suck', 'rates', 'basic', 'werent', 'country', 'heres']"
"     incorrect 

remember when the trump tariff calculation came out a big issue was that phi in the equation eoip was set constant across all goods and countriesnot that it wasnt a thing

 ",123,123_math_formula_chart_used,"['math', 'formula', 'chart', 'used', 'suck', 'rates', 'basic', 'werent', 'country', 'heres']"
 its true the pope needs to discuss his canonization after trumps th miracle also he wants a deal on trump holy water theres a  tariff on it,124,124_god_directed_rule_golden,"['god', 'directed', 'rule', 'golden', 'holy', 'understands', 'water', 'jd', 'believes', 'block']"
" trump bible 

with tariff ",124,124_god_directed_rule_golden,"['god', 'directed', 'rule', 'golden', 'holy', 'understands', 'water', 'jd', 'believes', 'block']"
"sun tzus art of war jesuit written directed by rome  its all deception  degrees 
americans are paying back biden stimulus  and the wealthy get the tax breaks ",124,124_god_directed_rule_golden,"['god', 'directed', 'rule', 'golden', 'holy', 'understands', 'water', 'jd', 'believes', 'block']"
the new pope is from the unitedstates so trump said there will be no tariff on him ,124,124_god_directed_rule_golden,"['god', 'directed', 'rule', 'golden', 'holy', 'understands', 'water', 'jd', 'believes', 'block']"
with the tongue we praise our lord and father and with it we curse human beings who have been made in gods likeness victim of donald trump tiny us town on knees weeks into new policy  raw story via spiritual combat resist the devil  james ,124,124_god_directed_rule_golden,"['god', 'directed', 'rule', 'golden', 'holy', 'understands', 'water', 'jd', 'believes', 'block']"
us tariff revenues reach record  billion in april treasury  via ,125,125_reach_record_revenues_treasury,"['reach', 'record', 'revenues', 'treasury', 'april', 'billion', 'via', 'surplus', 'budget', 'times']"
"us tariff revenues reach record  billion in april treasury  via  

were off to a good start",125,125_reach_record_revenues_treasury,"['reach', 'record', 'revenues', 'treasury', 'april', 'billion', 'via', 'surplus', 'budget', 'times']"
us tariff revenues reach record  billion in april treasury  via ,125,125_reach_record_revenues_treasury,"['reach', 'record', 'revenues', 'treasury', 'april', 'billion', 'via', 'surplus', 'budget', 'times']"
us tariff revenues reach record  billion in april treasury  via ,125,125_reach_record_revenues_treasury,"['reach', 'record', 'revenues', 'treasury', 'april', 'billion', 'via', 'surplus', 'budget', 'times']"
"and it begins 
us tariff revenues reach record  billion in april treasury  via ",125,125_reach_record_revenues_treasury,"['reach', 'record', 'revenues', 'treasury', 'april', 'billion', 'via', 'surplus', 'budget', 'times']"
"xi jinping is so brave that he visits vietnam laos amp malaysia amp avoids trump these are contiguous comparatively small countries that xi can bully he can try to ship chinese goods to them so they can sell to the usa amp avoid the  tariff 
he is losing face every day he",126,126_jinping_xi_bullying_call,"['jinping', 'xi', 'bullying', 'call', 'phone', 'signing', 'against', 'bully', 'unilateral', 'despite']"
xi jinping goes on asia trade blitz as tariff war rages ,126,126_jinping_xi_bullying_call,"['jinping', 'xi', 'bullying', 'call', 'phone', 'signing', 'against', 'bully', 'unilateral', 'despite']"
xi jinping fires shot at trump posttariff deal bullying backfires ,126,126_jinping_xi_bullying_call,"['jinping', 'xi', 'bullying', 'call', 'phone', 'signing', 'against', 'bully', 'unilateral', 'despite']"
 why is he the best president ever when trump was desperate for xi jinping called when he realized that xi jinping wasnt gonna call him trump the little weak bitch decided to call xi jinping and beg him to stop the tariff war ,126,126_jinping_xi_bullying_call,"['jinping', 'xi', 'bullying', 'call', 'phone', 'signing', 'against', 'bully', 'unilateral', 'despite']"
" come on xi jinping play with us 

trumptariff tariffwar",126,126_jinping_xi_bullying_call,"['jinping', 'xi', 'bullying', 'call', 'phone', 'signing', 'against', 'bully', 'unilateral', 'despite']"
"   the protests are about ices methods
where are trumps tariff wins nowhere what happened to arresting criminals nope trumps crippling the economy by ordering the arrest of the people who pick our crops and clean our tables keep drinking the koolaid
enjoy the collapse ",127,127_protest_amp_ice_gaza,"['protest', 'amp', 'ice', 'gaza', 'ban', 'msnbc', 'cbs', 'epstein', 'terrible', 'musk']"
" only a few like rfachina doesnt tolerate protests or easy coverage of it  









",127,127_protest_amp_ice_gaza,"['protest', 'amp', 'ice', 'gaza', 'ban', 'msnbc', 'cbs', 'epstein', 'terrible', 'musk']"
given the size amp number of protests all across this country it sends a message to donald trump amp his crony administration that americans did not vote for his nazi strongman tactics cruel draconian immigration policies amp his fucked up tariff war all of this while he is ,127,127_protest_amp_ice_gaza,"['protest', 'amp', 'ice', 'gaza', 'ban', 'msnbc', 'cbs', 'epstein', 'terrible', 'musk']"
trump la protest migrant national guard elon musk diddy combs loomer garcia epstein taco ban tariff nba indiana finals muslim ban tesla cbs nbc cnn msnbc fox rogan ai swift gaza israel hamas china russia angeles ev terry moran proud tik tok instagram google ice jesus congress ,127,127_protest_amp_ice_gaza,"['protest', 'amp', 'ice', 'gaza', 'ban', 'msnbc', 'cbs', 'epstein', 'terrible', 'musk']"
" trump says masks will not be allowed to be worn at protests
maybe tomorrow they must be worn at protests amp not riots or maybe only during tariff season",127,127_protest_amp_ice_gaza,"['protest', 'amp', 'ice', 'gaza', 'ban', 'msnbc', 'cbs', 'epstein', 'terrible', 'musk']"
"doge was meant to hide s scams behind the scene
 his crypto scam
 his qatar deal not gift for new af one
 deporting people in us legally
 cut taxes for the rich with tariff  medicaremedicaid cuts
  t new debt in spending bill
maga theresistance ",128,128_plane_million_corruption_luxury,"['plane', 'million', 'corruption', 'luxury', 'gift', 'accepting', 'his', 'corrupt', 'golf', 'rating']"
"who is paying the  import tariff on the m bribe trump took from qatar

american tax payers want to know

    ",128,128_plane_million_corruption_luxury,"['plane', 'million', 'corruption', 'luxury', 'gift', 'accepting', 'his', 'corrupt', 'golf', 'rating']"
"trump has improved his position to deal with the iranians
we discuss the tariff pause and trumps trip to the middle east this week on liberty lens big john  of  also asks me about the qatari airplane gift here is a piece of that action and this ",128,128_plane_million_corruption_luxury,"['plane', 'million', 'corruption', 'luxury', 'gift', 'accepting', 'his', 'corrupt', 'golf', 'rating']"
"and anthony follow trump to the middle east for his corruption tour accepting a saudi jet and cozying up to dictators plus trumps china tariff surrender rfk jr insanity afrikaan refugees surrendering to syria and much much more

",128,128_plane_million_corruption_luxury,"['plane', 'million', 'corruption', 'luxury', 'gift', 'accepting', 'his', 'corrupt', 'golf', 'rating']"
 is the trump administration running out of distractions for the tariff debacle the qatar airplane corruption the ukraine failure the us credit rating downgrading for the first time in  years the cuts to medicaid snap and meals on wheels or the impending tax hikes,128,128_plane_million_corruption_luxury,"['plane', 'million', 'corruption', 'luxury', 'gift', 'accepting', 'his', 'corrupt', 'golf', 'rating']"
    yes and the us governemnt collect the tariff from bmw usa the importer not usa germany the exporter,129,129_cars_germany_eu_europe,"['cars', 'germany', 'eu', 'europe', 'european', 'subsidizing', 'value', 'wonder', 'usa', 'american']"
    yes but even a consumer in germany buying a car built in germany will pay vat so navarro is dishonest when he claims its some kind of non tariff barrier specifically against us auto manufacturers,129,129_cars_germany_eu_europe,"['cars', 'germany', 'eu', 'europe', 'european', 'subsidizing', 'value', 'wonder', 'usa', 'american']"
 it makes european cars cheaper for american consumer but american cars more expensive in europe so less desirable  an equal tariff on cars is not the same as trumps initial  tariff  btw the average eu tariff is   you know you could read up on this before asking,129,129_cars_germany_eu_europe,"['cars', 'germany', 'eu', 'europe', 'european', 'subsidizing', 'value', 'wonder', 'usa', 'american']"
"  in terms of trade europe also uses tariff and non tariff barriers to screw over american companies whilst america before trump didnt take any retaliatory action

a mustang gt costs like  more in germany vs us

meanwhile bmw could export to us with no issues",129,129_cars_germany_eu_europe,"['cars', 'germany', 'eu', 'europe', 'european', 'subsidizing', 'value', 'wonder', 'usa', 'american']"
  your looking at things from just your pov typical millennial us cars entering germany get a  tariff german cars entering us used to get a  tariff not reciprocal stop been so cocky,129,129_cars_germany_eu_europe,"['cars', 'germany', 'eu', 'europe', 'european', 'subsidizing', 'value', 'wonder', 'usa', 'american']"
"marco rubio on tues told congress that the white house supports a  tariff on buyers of russian oil and gas exports if there is no progress on a peace deal with ukraine

  
 russia ukraine 

",130,130_russian_russia_sanctions_oil,"['russian', 'russia', 'sanctions', 'oil', 'congress', 'placing', 'gas', 'fan', 'stop', 'exported']"
 wouldnt it be a proud moment if the us enacted the  tariff on anyone buying russian oil which has bipartisan support right after russia gave their demands,130,130_russian_russia_sanctions_oil,"['russian', 'russia', 'sanctions', 'oil', 'congress', 'placing', 'gas', 'fan', 'stop', 'exported']"
"    that isnt really helping that is taking advantage and with increased pressure on russias revenue theyll also negotiate down the prices they pay

and if the us  tariff sanction ever gets adopted both these countries will immediately cut ties with russia",130,130_russian_russia_sanctions_oil,"['russian', 'russia', 'sanctions', 'oil', 'congress', 'placing', 'gas', 'fan', 'stop', 'exported']"
the us refrained from imposing tariffs against russia due to ongoing negotiations with this country  white house ,130,130_russian_russia_sanctions_oil,"['russian', 'russia', 'sanctions', 'oil', 'congress', 'placing', 'gas', 'fan', 'stop', 'exported']"
"  if congress passes a tariff the enforcement is not discretionary the only way the executive can stop it is to veto the bill unless it passes with a veto proof majority

this would be catastrophic for russia since china would have to choose the us",130,130_russian_russia_sanctions_oil,"['russian', 'russia', 'sanctions', 'oil', 'congress', 'placing', 'gas', 'fan', 'stop', 'exported']"
"this isnt good right

the world bank says economic growth in the us might halve this year as a result of president trumps tariff policies ",131,131_growth_quarter_bank_result,"['growth', 'quarter', 'bank', 'result', 'world', 'year', 'policies', 'economic', 'might', 'gdp']"
the world bank says economic growth in the us might halve this year as a result of president trumps tariff policies  via ,131,131_growth_quarter_bank_result,"['growth', 'quarter', 'bank', 'result', 'world', 'year', 'policies', 'economic', 'might', 'gdp']"
this is correct and any economist will tell you america is no longer the world power trump with his tariff war has accelerated the loot of whats left of our economy the slashing of our government institutions by doge accelerated the demise of our standing in the world,131,131_growth_quarter_bank_result,"['growth', 'quarter', 'bank', 'result', 'world', 'year', 'policies', 'economic', 'might', 'gdp']"
gdp fell by  in the first quarter compared with the previous quarter the negative impact of trumps tariff policy on the economy has gradually emerged economists expect that the pressure on future growth may increase,131,131_growth_quarter_bank_result,"['growth', 'quarter', 'bank', 'result', 'world', 'year', 'policies', 'economic', 'might', 'gdp']"
 maybe not all but americans making under  per year i would fully support it because i believe genuinely that trumps tariff revenue coming in from all the trade deals youll make will easily make up for not taxing americans making less than that amount per year,131,131_growth_quarter_bank_result,"['growth', 'quarter', 'bank', 'result', 'world', 'year', 'policies', 'economic', 'might', 'gdp']"
"visualized canadian cities vulnerable to us  tariffs 

canadas economy is deeply tied to us  
more risk for cities reliant on exports  

 on auto amp steel  
 ab oil amp cattle  
 qc aluminum hubs  

 globaltrade supplychain",132,132_aluminum_steel_canadian_canada,"['aluminum', 'steel', 'canadian', 'canada', 'canadas', 'canadians', 'trading', 'tons', 'resources', 'producers']"
 youre right canada plays a big role in the us steel supply the tariff pressure could be a move to push the us to boost its own manufacturing but it also complicates trade relationships its all part of the broader strategy to strengthen domestic production,132,132_aluminum_steel_canadian_canada,"['aluminum', 'steel', 'canadian', 'canada', 'canadas', 'canadians', 'trading', 'tons', 'resources', 'producers']"
"doesnt canada have a steel manufacturing industry and its currently fighting tooth and nail against trumps tariff 


 ",132,132_aluminum_steel_canadian_canada,"['aluminum', 'steel', 'canadian', 'canada', 'canadas', 'canadians', 'trading', 'tons', 'resources', 'producers']"
us jobs at risk due to trumps steel tariff dispute canadian leader says  ,132,132_aluminum_steel_canadian_canada,"['aluminum', 'steel', 'canadian', 'canada', 'canadas', 'canadians', 'trading', 'tons', 'resources', 'producers']"
"heres a look at how canadian industries can remain competitive amid us tariffs

ubc tariffs trump cdnpoli canada",132,132_aluminum_steel_canadian_canada,"['aluminum', 'steel', 'canadian', 'canada', 'canadas', 'canadians', 'trading', 'tons', 'resources', 'producers']"
just in trump predicts a stronger than ever us dollar  tariffs amp tax cuts could lift it but markets wobbledxy down  posttariff talk trade war fears loom will the dollar shine stay tuned  usd economy,133,133_bloomberg_regime_economics_lose,"['bloomberg', 'regime', 'economics', 'lose', 'trillion', 'jobs', 'economy', 'world', 'will', 'cost']"
if trumps tariff regime endures the world economy will lose  trillion by  and will cost the us  jobs bloomberg economics predicts ,133,133_bloomberg_regime_economics_lose,"['bloomberg', 'regime', 'economics', 'lose', 'trillion', 'jobs', 'economy', 'world', 'will', 'cost']"
 my prediction is congress will be forced to grow a spine and take back control of us tariff policy from grandpa simpson  if they dont the us economic collapse will be one of histories greatest own goals,133,133_bloomberg_regime_economics_lose,"['bloomberg', 'regime', 'economics', 'lose', 'trillion', 'jobs', 'economy', 'world', 'will', 'cost']"
if trumps tariff regime endures the world economy will lose  trillion by  and will cost the us  jobs bloomberg economics predicts ,133,133_bloomberg_regime_economics_lose,"['bloomberg', 'regime', 'economics', 'lose', 'trillion', 'jobs', 'economy', 'world', 'will', 'cost']"
"the trump tariffs will reshape the global economy but will it be for better or for worse we broke down whats happening the white houses philosophy and congresss role
",133,133_bloomberg_regime_economics_lose,"['bloomberg', 'regime', 'economics', 'lose', 'trillion', 'jobs', 'economy', 'world', 'will', 'cost']"
us tariff rates are at levels not seen since the s goldman sachs analysts suggest the us economy is currently stronger than it was during the great depression potential trade volume drops are still possible ,134,134_fed_uncertainty_feds_initially,"['fed', 'uncertainty', 'feds', 'initially', 'volume', 'says', 'level', 'still', 'range', 'forecast']"
the fed is very worried about tariff passthrough onto prices ,134,134_fed_uncertainty_feds_initially,"['fed', 'uncertainty', 'feds', 'initially', 'volume', 'says', 'level', 'still', 'range', 'forecast']"
president trump needs to get a good tariff deal done not delayed for the fed to lower rates  amp his administration needs to solve their own uncertain wildcard of tariffs a good tariff deal would decrease core personal consumption expenditures pce ,134,134_fed_uncertainty_feds_initially,"['fed', 'uncertainty', 'feds', 'initially', 'volume', 'says', 'level', 'still', 'range', 'forecast']"
feds bostic the current us tariff level is better than initially proposed but still high enough that it is difficult to assess what will happen  ,134,134_fed_uncertainty_feds_initially,"['fed', 'uncertainty', 'feds', 'initially', 'volume', 'says', 'level', 'still', 'range', 'forecast']"
us fed   considerable uncertainty on tariff policies and effects,134,134_fed_uncertainty_feds_initially,"['fed', 'uncertainty', 'feds', 'initially', 'volume', 'says', 'level', 'still', 'range', 'forecast']"
" breaking us collected a recordbreaking  billion in tariff revenue in may

that  billion was paid for by a combination of increased cost to the us consumers and reduced profits to the us companies who imported the goods sold

both are a drag on the us economy",135,135_collected_billion_monthly_record,"['collected', 'billion', 'monthly', 'record', 'revenue', 'five', 'may', 'treasury', 'months', 'june']"
trumps tariff revenue is on pace for another monthly record in june  via ,135,135_collected_billion_monthly_record,"['collected', 'billion', 'monthly', 'record', 'revenue', 'five', 'may', 'treasury', 'months', 'june']"
treasury reports  spike in tariff revenue as trump policies take effect  yes tariffs are a tax on imports taking it out of the economy  not adding to fed revenue,135,135_collected_billion_monthly_record,"['collected', 'billion', 'monthly', 'record', 'revenue', 'five', 'may', 'treasury', 'months', 'june']"
 politico reports that as of may   the us had generated  billion in tariff revenue which is  higher than the same time the previous year,135,135_collected_billion_monthly_record,"['collected', 'billion', 'monthly', 'record', 'revenue', 'five', 'may', 'treasury', 'months', 'june']"
"  in only the first five months
  the federal government collected  billion in tariffs and excise taxes during the first five months of the year according to treasury department data collected by the bipartisan policy center",135,135_collected_billion_monthly_record,"['collected', 'billion', 'monthly', 'record', 'revenue', 'five', 'may', 'treasury', 'months', 'june']"
tldr trumps tariff policies are detrimental to small businesses in northern colorado from the article and a local small business owner its a horrible deal grossman said in response on june  its a horrible deal for small businesses businesses like mine ,136,136_small_businesses_business_owners,"['small', 'businesses', 'business', 'owners', 'consider', 'owner', 'hed', 'joined', 'taxes', 'baby']"
"at least were not out of business small companies in the trump tariff era

cost uncertainty has fallen heavily on  million us small businesses lacking the profit margins and sourcing options multinationals wield
 ",136,136_small_businesses_business_owners,"['small', 'businesses', 'business', 'owners', 'consider', 'owner', 'hed', 'joined', 'taxes', 'baby']"
"us tariff policy backfires infant and toddler products are in short supply small business owners say its difficult to survive

us ceo magazine recently said that according to a confidence survey of  us ceos and business owners this month they are not optimistic about the",136,136_small_businesses_business_owners,"['small', 'businesses', 'business', 'owners', 'consider', 'owner', 'hed', 'joined', 'taxes', 'baby']"
"trump says hed consider giving tariff breaks to small businesses but hed have to consider each one individually 

there are over  million small businesses ",136,136_small_businesses_business_owners,"['small', 'businesses', 'business', 'owners', 'consider', 'owner', 'hed', 'joined', 'taxes', 'baby']"
"the trump admins tarifftaxes have been a nightmare for small businesses

all this chaos is the last thing they need we should be uplifting our small businesses not crushing them",136,136_small_businesses_business_owners,"['small', 'businesses', 'business', 'owners', 'consider', 'owner', 'hed', 'joined', 'taxes', 'baby']"
"   dont lob false accusations at me just because you dont know what youre talking about 

yes weve seen japan china and a number of other countries liquidating their us bond holdings following the tariff mess

 interest rates are nothing 

",137,137_japan_japanese_debt_yields,"['japan', 'japanese', 'debt', 'yields', 'liquidity', 'interest', 'bond', 'result', 'bonds', 'gaining']"
" ps china and japan were the largest holders of american bonds
these have all been dumped during mr trumps tariff wars",137,137_japan_japanese_debt_yields,"['japan', 'japanese', 'debt', 'yields', 'liquidity', 'interest', 'bond', 'result', 'bonds', 'gaining']"
"trumps tariff policy is intentionally driving a weaker dollar as a result usdjpy volatility is increasing 

yen is gaining sharply now at its strongest level since september as the dollar weakens broadly political sentiment is also improving in japan with the cabinet ",137,137_japan_japanese_debt_yields,"['japan', 'japanese', 'debt', 'yields', 'liquidity', 'interest', 'bond', 'result', 'bonds', 'gaining']"
  the sampp  definitely craters china and japan will choose when tariff inflation shows through from now onwards and us debt cant be rolled over,137,137_japan_japanese_debt_yields,"['japan', 'japanese', 'debt', 'yields', 'liquidity', 'interest', 'bond', 'result', 'bonds', 'gaining']"
  and japan has no tariff on us goods and owns  of us debt,137,137_japan_japanese_debt_yields,"['japan', 'japanese', 'debt', 'yields', 'liquidity', 'interest', 'bond', 'result', 'bonds', 'gaining']"
  they already have at least this administration has when trump broke the usmca trade deal and decided to start a tariff war why are you siding with the one who created this current mess,138,138_usmca_canada_mexico_free,"['usmca', 'canada', 'mexico', 'free', 'agreement', 'between', 'negotiated', 'called', 'trade', 'canadas']"
 trump started tariff even before pm mc decided to run besides it is the double crosser trump who did not honour the usmca agreement which he signed pm mc is working on how canada will not be severely affected by these tariffs,138,138_usmca_canada_mexico_free,"['usmca', 'canada', 'mexico', 'free', 'agreement', 'between', 'negotiated', 'called', 'trade', 'canadas']"
"  most of canadas preferred trade positions are nonsensical

we want tariff free access to the us market but then declare whole industries as off limits

trump saw this before by how canada implemented usmca  remember that the digital services tax was out of bounds under",138,138_usmca_canada_mexico_free,"['usmca', 'canada', 'mexico', 'free', 'agreement', 'between', 'negotiated', 'called', 'trade', 'canadas']"
"trump saying his usmca was a failure

trump imposed tariffs on imports from canada mexico and china the nations three largest trading partners in response to what he said was their role in permitting illegal immigration and drugs to enter the us ",138,138_usmca_canada_mexico_free,"['usmca', 'canada', 'mexico', 'free', 'agreement', 'between', 'negotiated', 'called', 'trade', 'canadas']"
  canada does not tariff the united states you must not know what nafta was north american free trade agreement yeah it meant no tariffs between us mexico and canada and military aid as needed between us go read facts not what orange man tells you,138,138_usmca_canada_mexico_free,"['usmca', 'canada', 'mexico', 'free', 'agreement', 'between', 'negotiated', 'called', 'trade', 'canadas']"
looks like u s made cars and trucks will now cost about  more because of parts made in canada and us companies will owe them a  billion bill because of the ecicfs latest tariff tantrum,139,139_car_canada_cars_auto,"['car', 'canada', 'cars', 'auto', 'parts', 'vehicle', 'manufactured', 'canadian', 'vehicles', 'usmca']"
 is this more fear mongering by the liberals just like the  they said was on the auto industry but its only on the non us parts if the vehicle is assembled in canada but with  us parts theres only a  tariff on  non us parts,139,139_car_canada_cars_auto,"['car', 'canada', 'cars', 'auto', 'parts', 'vehicle', 'manufactured', 'canadian', 'vehicles', 'usmca']"
"  im confused
us importers not canada pay trumps  tariff on cars imported from canada which include  of components manufactured in the usa
whats that got to do with cars shipped in to canada from another continent canada is already the usas largest export market",139,139_car_canada_cars_auto,"['car', 'canada', 'cars', 'auto', 'parts', 'vehicle', 'manufactured', 'canadian', 'vehicles', 'usmca']"
" canada has a free trade agreement with the eu 

whats stopping gm ford stellantis from turning canada into a hub for auto exports to the eu avoiding the tariff idiocy of the current us administration 

canada has lower labour costs than the eu and auto plants ready to go",139,139_car_canada_cars_auto,"['car', 'canada', 'cars', 'auto', 'parts', 'vehicle', 'manufactured', 'canadian', 'vehicles', 'usmca']"
   and just the ontario auto sector alone has seen thousands of jobs moved to us since the tariff was put in place,139,139_car_canada_cars_auto,"['car', 'canada', 'cars', 'auto', 'parts', 'vehicle', 'manufactured', 'canadian', 'vehicles', 'usmca']"
how much clearer does presidenttrump have to make the point that we have been taken advantage of for years by other countries  reciprocal tariff means just that  you place tariffs on me i place tariffs on you  what is it about fairtrade that us judges dont get,140,140_reciprocal_tariffs_act_country,"['reciprocal', 'tariffs', 'act', 'country', 'levied', 'options', 'security', 'thus', 'dead', 'levies']"
 reciprocal tariffs are dead but trump has  other options to discuss trump wants to maneuver around the courts tariff crackdown  ,140,140_reciprocal_tariffs_act_country,"['reciprocal', 'tariffs', 'act', 'country', 'levied', 'options', 'security', 'thus', 'dead', 'levies']"
" actually all these tariffs are reciprocating our tariffs are levied after a country levies their tariffs against us first

and president trumps thus is empowered by fdrs reciprocating tariff act of ",140,140_reciprocal_tariffs_act_country,"['reciprocal', 'tariffs', 'act', 'country', 'levied', 'options', 'security', 'thus', 'dead', 'levies']"
"reciprocal tariffs are dead but trump has  other options to discuss

       

trump wants to maneuver around the courts tariff crackdown his success will be limited

",140,140_reciprocal_tariffs_act_country,"['reciprocal', 'tariffs', 'act', 'country', 'levied', 'options', 'security', 'thus', 'dead', 'levies']"
 hey  can you explain the reciporacal tariff act of  and why trump said theyre reciprocal tarrifs,140,140_reciprocal_tariffs_act_country,"['reciprocal', 'tariffs', 'act', 'country', 'levied', 'options', 'security', 'thus', 'dead', 'levies']"
"so far  trump has also failed at negotiating and signing  deals in  days in his tariff tradewar as was promised 

artofthedeal 

    

the dumbest trade war in history 

 the wall street journal  

 ",141,141_forever_peace_failing_fun,"['forever', 'peace', 'failing', 'fun', 'he', 'war', 'distraction', 'putin', 'brilliant', 'epstein']"
since donald trump looked like a clown with his tariff war and loss he went on to a real war to bomb a country that has not in any way shown any aggression towards the united states,141,141_forever_peace_failing_fun,"['forever', 'peace', 'failing', 'fun', 'he', 'war', 'distraction', 'putin', 'brilliant', 'epstein']"
"in the art of the deal strategic exaggeration and cognitive intimidation are used to identify the opponents psychological weaknesses and leverage them to ones advantage in negotiations

artofthedeal trumptariff",141,141_forever_peace_failing_fun,"['forever', 'peace', 'failing', 'fun', 'he', 'war', 'distraction', 'putin', 'brilliant', 'epstein']"
 its wild how trump thinks he can deliver a vibes based presidency domestically hell get a pass for a protracted war with iran but he doesnt have the warchest for a tariff war,141,141_forever_peace_failing_fun,"['forever', 'peace', 'failing', 'fun', 'he', 'war', 'distraction', 'putin', 'brilliant', 'epstein']"
and yet another hitler coincidence within days of taking office hitler implemented sweeping tariffs  in march  he opened dachau then commenced removing dissidents while donald trump rounded up immigrants both legal and undocumented shipping,141,141_forever_peace_failing_fun,"['forever', 'peace', 'failing', 'fun', 'he', 'war', 'distraction', 'putin', 'brilliant', 'epstein']"
xi says trump claim to be close to a tariff deal with china is false the two countries arent even in talks  ,142,142_lies_republic_talks_xi,"['lies', 'republic', 'talks', 'xi', 'lying', 'china', 'about', 'tv', 'claim', 'usa']"
china exposes trumps lies about floundering tariff talks  the new republic ,142,142_lies_republic_talks_xi,"['lies', 'republic', 'talks', 'xi', 'lying', 'china', 'about', 'tv', 'claim', 'usa']"
china said there wont be any tariff conversation because trump said they talk everyday which is clearly a lie,142,142_lies_republic_talks_xi,"['lies', 'republic', 'talks', 'xi', 'lying', 'china', 'about', 'tv', 'claim', 'usa']"
china exposes trumps tariff lies call him fake news plus shanghai a  ,142,142_lies_republic_talks_xi,"['lies', 'republic', 'talks', 'xi', 'lying', 'china', 'about', 'tv', 'claim', 'usa']"
trump is lying about chinas tariffs trumps team calculated trade imbalances ie the usa buying more goods from china compared to what china buys from the usa and then fraudulently labeled that a tariff and far from china cheating the usa on all this it turns out the,142,142_lies_republic_talks_xi,"['lies', 'republic', 'talks', 'xi', 'lying', 'china', 'about', 'tv', 'claim', 'usa']"
" i would add that a lot of these red lines are dependent on americas ability to prevent iran from selling oil and gas 

if the us can actually enforce secondary sanctions on india and china for example to stop buying iranian oil maybe in exchange for tariff relief that",143,143_iran_russia_nuclear_would,"['iran', 'russia', 'nuclear', 'would', 'military', 'oil', 'told', 'china', 'ukraine', 'wed']"
 level the enrichment sites get a moderate regime in with guarantees no one over  years old in that new government and open up tariff free trade in and out between the us and iran keep russia and china the hell out,143,143_iran_russia_nuclear_would,"['iran', 'russia', 'nuclear', 'would', 'military', 'oil', 'told', 'china', 'ukraine', 'wed']"
the middle east is a key player in the tariff war with the us and china vying for its favor iran is part of the new regional deal making war with iran illogical for arab nations and the us europe and canada are the losers,143,143_iran_russia_nuclear_would,"['iran', 'russia', 'nuclear', 'would', 'military', 'oil', 'told', 'china', 'ukraine', 'wed']"
" you do realize it would a winwin for the us
cut iranian access to oil monies and cut china off from iranian oil their main customer the us has the ability to fill the void and would give us leverage in tariff negotiations",143,143_iran_russia_nuclear_would,"['iran', 'russia', 'nuclear', 'would', 'military', 'oil', 'told', 'china', 'ukraine', 'wed']"
   they need iranian oil more than american product sales though especially with the tariff situation china can sell to any market on earth and nobody can compete with them the us would be fucking itself to punish china especially when only israel benefits from this conflict,143,143_iran_russia_nuclear_would,"['iran', 'russia', 'nuclear', 'would', 'military', 'oil', 'told', 'china', 'ukraine', 'wed']"
"  what tariff items are you seeing sherri     

president trump paused  on all countries but china  the sweeping reciprocal tariffs the us had imposed this week",144,144_day_pause_except_china,"['day', 'pause', 'except', 'china', 'paused', 'announces', 'small', 'sides', 'beijing', 'boost']"
trumps day tariff pause with china is too little too late for some small businesses  business insider  ,144,144_day_pause_except_china,"['day', 'pause', 'except', 'china', 'paused', 'announces', 'small', 'sides', 'beijing', 'boost']"
 trump and china suspended tariff hikes for s days as of yesterday,144,144_day_pause_except_china,"['day', 'pause', 'except', 'china', 'paused', 'announces', 'small', 'sides', 'beijing', 'boost']"
 pausing n cancelling all shipments from china to us is the effect pres trump expects working for his tariff  it s economic war fighting for the survival for amer don t be so greedy show some gratitude and support  of america who has made you from a nothing to a billionaire,144,144_day_pause_except_china,"['day', 'pause', 'except', 'china', 'paused', 'announces', 'small', 'sides', 'beijing', 'boost']"
" trumps potential trip to beijing marks a major shift in the uschina standoff

 the day tariff freeze isnt just symbolic  its a tactical pause to cool tensions

 after months of economic friction both sides now signal readiness for direct talks ",144,144_day_pause_except_china,"['day', 'pause', 'except', 'china', 'paused', 'announces', 'small', 'sides', 'beijing', 'boost']"
 is the recent eu tariff discord the donalds way of  indicating he wants to sell some of his meme holdings or  letting his meme investors who paid over  m to attend a recent dinner w him know that a little volatility is good for the market esp if u hold trump cards ,145,145_coin_asset_ignore_debacle,"['coin', 'asset', 'ignore', 'debacle', 'adding', 'man', 'exposure', 'real', 'tied', 'launch']"
 they sold fartcoin on trump gas tariff news imo,145,145_coin_asset_ignore_debacle,"['coin', 'asset', 'ignore', 'debacle', 'adding', 'man', 'exposure', 'real', 'tied', 'launch']"
"adding more tariffman to long term bag its ticker billions being tweeted by trump repetitively and tariff man team  is associating with tier  global influencers to bring out global exposure on tariff man meme

this is a mil  meme chilling at lesser than k mc pls",145,145_coin_asset_ignore_debacle,"['coin', 'asset', 'ignore', 'debacle', 'adding', 'man', 'exposure', 'real', 'tied', 'launch']"
"now this is the type of content we wanted to see from trump not that boring ass tariff shit 

havent seen memes this good on the tl in a while trumpvselon",145,145_coin_asset_ignore_debacle,"['coin', 'asset', 'ignore', 'debacle', 'adding', 'man', 'exposure', 'real', 'tied', 'launch']"
"gradually been adding exposure and now pretty much fully invested

ignore trump ignore tariff chatter ignore everything but the charts midwit meme wins once again i identify as the man on the left

cause once again it was all noise and all one had to do was wait for the",145,145_coin_asset_ignore_debacle,"['coin', 'asset', 'ignore', 'debacle', 'adding', 'man', 'exposure', 'real', 'tied', 'launch']"
us consumer sentiment sees largest drop since  after trump tariff chaos ,146,146_sentiment_consumer_expectations_uncertainty,"['sentiment', 'consumer', 'expectations', 'uncertainty', 'confidence', 'optimism', 'sees', 'index', 'amid', 'inflation']"
"in sync with eus theme of rising optimism consumer sentiment is seeing a slow uptick  in contrast to dropping sentiments in us

inflation is still the largest concern but a fading one and tariffs are not consuming europeans at the moment

eu europe us tariff inflation ",146,146_sentiment_consumer_expectations_uncertainty,"['sentiment', 'consumer', 'expectations', 'uncertainty', 'confidence', 'optimism', 'sees', 'index', 'amid', 'inflation']"
 consumer confidence has dropped sharplywith the conference boards index falling below signaling recession fearsdue to trumps tariff policiesreuters notes that tariffs increase costs offsetting gains  of americans expecting a recession not all workers feel better off,146,146_sentiment_consumer_expectations_uncertainty,"['sentiment', 'consumer', 'expectations', 'uncertainty', 'confidence', 'optimism', 'sees', 'index', 'amid', 'inflation']"
the us economy is at a crossroads while aprils consumer price index dipped to a fouryear low of  economists warn that this relief might be shortlived factors like persistent trade tensions recent tariff hikes and rising inflation expectationsnow at  for the year,146,146_sentiment_consumer_expectations_uncertainty,"['sentiment', 'consumer', 'expectations', 'uncertainty', 'confidence', 'optimism', 'sees', 'index', 'amid', 'inflation']"
us consumer sentiment sees largest drop since  after trump tariff chaos  the guardian  via ,146,146_sentiment_consumer_expectations_uncertainty,"['sentiment', 'consumer', 'expectations', 'uncertainty', 'confidence', 'optimism', 'sees', 'index', 'amid', 'inflation']"
panic in trump heartland as tariffs choke investment  via ,147,147_panic_disaster_zone_broke,"['panic', 'disaster', 'zone', 'broke', 'crazy', 'via', 'total', 'retreat', 'pattern', 'reference']"
"would you bet against trump insiders profiting off tariff chaos while the rest of us lose our retirement savings

my latest oped in the richmond timesdispatch the pattern is too obvious to ignore

read it here ",147,147_panic_disaster_zone_broke,"['panic', 'disaster', 'zone', 'broke', 'crazy', 'via', 'total', 'retreat', 'pattern', 'reference']"
   trumps tariff disaster,147,147_panic_disaster_zone_broke,"['panic', 'disaster', 'zone', 'broke', 'crazy', 'via', 'total', 'retreat', 'pattern', 'reference']"
breaking gavin newsoms  billion meltdown as trumps secret tariff   via ,147,147_panic_disaster_zone_broke,"['panic', 'disaster', 'zone', 'broke', 'crazy', 'via', 'total', 'retreat', 'pattern', 'reference']"
 fascinating indicator of psychology that market was so hungry for trauma relief that it took the deferral of the tariff issues as equal to complete tariff resolution trump himself is a perpetual wildcard who is not seeking a policy outcome so this was clearly optimistic,147,147_panic_disaster_zone_broke,"['panic', 'disaster', 'zone', 'broke', 'crazy', 'via', 'total', 'retreat', 'pattern', 'reference']"
"peter navarro seems to have convinced trump that we need to taxtariff columbia until they stop making a profit selling us coffee
he forgot the gop us for tax cuts and growthi may be wrong",148,148_navarro_peter_butt_ruining,"['navarro', 'peter', 'butt', 'ruining', 'garbage', 'busy', 'him', 'building', 'created', 'mess']"
how peter navarro went from democrat to inmate to trumps tariff guru   ,148,148_navarro_peter_butt_ruining,"['navarro', 'peter', 'butt', 'ruining', 'garbage', 'busy', 'him', 'building', 'created', 'mess']"
"how peter navarro went from democrat to inmate to trumps tariff guru
 ",148,148_navarro_peter_butt_ruining,"['navarro', 'peter', 'butt', 'ruining', 'garbage', 'busy', 'him', 'building', 'created', 'mess']"
look peter navarro went to prison rather than take a deal and trash president trump so lets give a little respect here secondly peter is smart and his tariff plan will work dont let the agent provocateurs make you doubt everything that trump does they are just doing it to,148,148_navarro_peter_butt_ruining,"['navarro', 'peter', 'butt', 'ruining', 'garbage', 'busy', 'him', 'building', 'created', 'mess']"
 i am not sure that navarro has any reasonable tariff strategy i am curious where the president trump found him,148,148_navarro_peter_butt_ruining,"['navarro', 'peter', 'butt', 'ruining', 'garbage', 'busy', 'him', 'building', 'created', 'mess']"
  what was accomplished other than trumps threats were empty ,149,149_hurting_short_reckless_economy,"['hurting', 'short', 'reckless', 'economy', 'disaster', 'mess', 'killed', 'shake', 'slowing', 'tantrums']"
"the trump administration has been nothing short of a complete failure to date

more war and global instability

tarifftrade wars wereare at best neutral

one beautiful bill increases government spendingdeficitdebt

doge collapsed

zero follow thru on campaign promises",149,149_hurting_short_reckless_economy,"['hurting', 'short', 'reckless', 'economy', 'disaster', 'mess', 'killed', 'shake', 'slowing', 'tantrums']"
 tariffs didnt just shake the economy they wrecked it trumps trade war cost us over  billion in tariff taxes killed jobs in manufacturing and farming and led to a  billion dollar bailout for farmers just to survive that aint growth thats damage control with a smile,149,149_hurting_short_reckless_economy,"['hurting', 'short', 'reckless', 'economy', 'disaster', 'mess', 'killed', 'shake', 'slowing', 'tantrums']"
" trump and his supporters willfully forget what a mess he made of the us economy during his first term

trumptariff policy was involved

it took a democrat to clean things up and restore the jobs that trump had killed ",149,149_hurting_short_reckless_economy,"['hurting', 'short', 'reckless', 'economy', 'disaster', 'mess', 'killed', 'shake', 'slowing', 'tantrums']"
   in months trump has caused an unnecessary tariff war that crashed markets spiked inflation and hurt our foreign allies also threatened allies with annexation pardoned  rioters defied judges gutted our edu dept to try and keep our people uneducatedi can keep going,149,149_hurting_short_reckless_economy,"['hurting', 'short', 'reckless', 'economy', 'disaster', 'mess', 'killed', 'shake', 'slowing', 'tantrums']"
posted on senate republican website and stupid trump just dont know how tariff froze the international trade in  ,150,150_senate_senators_resolution_vote,"['senate', 'senators', 'resolution', 'vote', 'measure', 'republicans', 'voted', 'washington', 'powers', 'stalled']"
do you smell that sen jack reed dri jamestown ri toast soon it will be time to spread on butter heavy with the trumptariff jam over  nations called the white house to make trade deals this makes senator reed very beatable in  vote waters ,150,150_senate_senators_resolution_vote,"['senate', 'senators', 'resolution', 'vote', 'measure', 'republicans', 'voted', 'washington', 'powers', 'stalled']"
"breakingnews
senate vote to block trumps tariff powers was  failing to reach the simple majority needed to pass 

badgtgt    rinos collins amp murkowsk joined dems in supporting the measure

 mcconnell who previously supported a similar measure was absent",150,150_senate_senators_resolution_vote,"['senate', 'senators', 'resolution', 'vote', 'measure', 'republicans', 'voted', 'washington', 'powers', 'stalled']"
"kentucky your  senators are voting with democrats to halt trumps reciprocal tariff their betrayal was successful dems passed resolution  
kentucky you overwhelmingly voted for trump your senators are failing you and us please let them know your disappointment",150,150_senate_senators_resolution_vote,"['senate', 'senators', 'resolution', 'vote', 'measure', 'republicans', 'voted', 'washington', 'powers', 'stalled']"
democrats senate resolution to block president trumps right to impose tariffs fails to pass,150,150_senate_senators_resolution_vote,"['senate', 'senators', 'resolution', 'vote', 'measure', 'republicans', 'voted', 'washington', 'powers', 'stalled']"
"kuala lumpur may   prime minister datuk seri anwar ibrahim today confirmed that malaysia has initiated early discussions with the united states on the  per cent reciprocal tariffs imposed under the us liberation day trade policy

 ",151,151_urges_slightly_admits_hitting,"['urges', 'slightly', 'admits', 'hitting', 'minister', 'pm', 'prime', 'received', 'growth', 'united']"
malaysias prime minister anwar ibrahim said ahead of a highstakes asean summit set to open monday in kuala lumpur southeast asias nation bloc is called to deepen trade ties with china and other partners as it faces sweeping us tariffs ,151,151_urges_slightly_admits_hitting,"['urges', 'slightly', 'admits', 'hitting', 'minister', 'pm', 'prime', 'received', 'growth', 'united']"
 its just that the philippines having the second lowest reciprocal tariff in asean seems more advantageous than disastrous israel is also a strong us ally and they received  as well ,151,151_urges_slightly_admits_hitting,"['urges', 'slightly', 'admits', 'hitting', 'minister', 'pm', 'prime', 'received', 'growth', 'united']"
"trade talks between the philippines and the united states could lead to a percent reciprocal tariff being lowered to  to percent anz research said

a deal could be announced by the end of june it added
",151,151_urges_slightly_admits_hitting,"['urges', 'slightly', 'admits', 'hitting', 'minister', 'pm', 'prime', 'received', 'growth', 'united']"
"philippines eyes positive outcomes from us investment trip amid tariff concerns
read  ",151,151_urges_slightly_admits_hitting,"['urges', 'slightly', 'admits', 'hitting', 'minister', 'pm', 'prime', 'received', 'growth', 'united']"
 theres never any riots or chaos until trump instigates his propaganda in order to gaslight us from epstein his failed tariff agreements and his criminal big ugly bullshit bill,152,152_chaos_corruption_reckless_hedge,"['chaos', 'corruption', 'reckless', 'hedge', 'sec', 'closed', 'funds', 'ignores', 'street', 'behind']"
"trump started with an economy that was the envy of the world and trashed it with tariff chaos and endemic corruption
",152,152_chaos_corruption_reckless_hedge,"['chaos', 'corruption', 'reckless', 'hedge', 'sec', 'closed', 'funds', 'ignores', 'street', 'behind']"
" trumps chaotic economic programs are little more than market manipulations to increase his wealth he made nearly  billion threatening and then pulling back in his tariff threats 
tacotrump",152,152_chaos_corruption_reckless_hedge,"['chaos', 'corruption', 'reckless', 'hedge', 'sec', 'closed', 'funds', 'ignores', 'street', 'behind']"
  trumpamphisknew but instead of tryingfix itampfocus ondisadvantage laws towardscompanies they created chaos going after everybody without much of the plantariff delegations said that muchampnow trump meeting with different companies after the fact is counterproductive,152,152_chaos_corruption_reckless_hedge,"['chaos', 'corruption', 'reckless', 'hedge', 'sec', 'closed', 'funds', 'ignores', 'street', 'behind']"
  you are such a kiss ass whats going on in america is trump causing chaos and lying about tariff deals name   tanking the stock market and irasks threatening allies while abandoning ukraine bullying anyone who opposes or disagrees with would be dictator disgusting,152,152_chaos_corruption_reckless_hedge,"['chaos', 'corruption', 'reckless', 'hedge', 'sec', 'closed', 'funds', 'ignores', 'street', 'behind']"
 if a non us made aircraft enters us air space then it has to pay tariff for each mile it is in us air space   ,153,153_plane_gift_brings_owe,"['plane', 'gift', 'brings', 'owe', 'aircraft', 'value', 'air', 'though', 'commercial', 'space']"
" 

trump trumptariff banama swissegypt 

as for american warships they may be allowed to pass if it is related to a war on terrorism or to both parties 

however if they are american commercial ships it will not be approved because the matter is commercial and panama",153,153_plane_gift_brings_owe,"['plane', 'gift', 'brings', 'owe', 'aircraft', 'value', 'air', 'though', 'commercial', 'space']"
 when he brings that plane to the us doesnt he owe the tariff on the value even though its a gift,153,153_plane_gift_brings_owe,"['plane', 'gift', 'brings', 'owe', 'aircraft', 'value', 'air', 'though', 'commercial', 'space']"
 if he brings that plane to the us doesnt he owe the tariff on the value even though its a gift,153,153_plane_gift_brings_owe,"['plane', 'gift', 'brings', 'owe', 'aircraft', 'value', 'air', 'though', 'commercial', 'space']"
 trump should have to pay a  tariff on his new plane ,153,153_plane_gift_brings_owe,"['plane', 'gift', 'brings', 'owe', 'aircraft', 'value', 'air', 'though', 'commercial', 'space']"
no trumpxi tariff talks underway china says ,154,154_talks_underway_says_negotiations,"['talks', 'underway', 'says', 'negotiations', 'no', 'china', 'donaldtrump', 'there', 'rejects', 'cnbc']"
china says there are no tariff negotiations with trump ,154,154_talks_underway_says_negotiations,"['talks', 'underway', 'says', 'negotiations', 'no', 'china', 'donaldtrump', 'there', 'rejects', 'cnbc']"
china insists no tariff talks underway with trump and xi or top aides despite us claims  cnbc  via ,154,154_talks_underway_says_negotiations,"['talks', 'underway', 'says', 'negotiations', 'no', 'china', 'donaldtrump', 'there', 'rejects', 'cnbc']"
china rejects trump claim of tariff talks with xi  the new york times  via ,154,154_talks_underway_says_negotiations,"['talks', 'underway', 'says', 'negotiations', 'no', 'china', 'donaldtrump', 'there', 'rejects', 'cnbc']"
"video china says there are no tariff negotiations with trump donaldtrump southchina china
",154,154_talks_underway_says_negotiations,"['talks', 'underway', 'says', 'negotiations', 'no', 'china', 'donaldtrump', 'there', 'rejects', 'cnbc']"
 the point of doge was to find offsetting  which would mitigate the tax relief in bbb addressing tariff imbalance also will help the deficit trump is shifting from endless  printing to other solutions he is amazing trying to wean dems from credit reliance,155,155_doge_saving_bringing_billion,"['doge', 'saving', 'bringing', 'billion', 'republicans', 'collapse', 'saved', 'america', 'day', 'financial']"
"   how much has trump saved us
 from not taking a salary
 billion through doge
tariff revenue will bring in trillions",155,155_doge_saving_bringing_billion,"['doge', 'saving', 'bringing', 'billion', 'republicans', 'collapse', 'saved', 'america', 'day', 'financial']"
 no no direct salary for doge but it gets to gut the agencies that regulate his companies in order to prevent multiple lawsuits and fines agencies that would have regulated safety features on tesla robo taxi also secure back room deals from trumps tariff negotiations billions,155,155_doge_saving_bringing_billion,"['doge', 'saving', 'bringing', 'billion', 'republicans', 'collapse', 'saved', 'america', 'day', 'financial']"
"president trump wins most productive first  days
  trillion in new investment in america
  billion a day in tariff savings  trillion a year
 closed the border
 deporting killers rapist and criminals incarcerating terrorists
 resetting global commerce ",155,155_doge_saving_bringing_billion,"['doge', 'saving', 'bringing', 'billion', 'republicans', 'collapse', 'saved', 'america', 'day', 'financial']"
"trump says us taking in  billion a day from tariffs  

america is earning  billion a day from tariff s trumptariffs doge saving us  bringing in  is saving america from financial collapse
republicans",155,155_doge_saving_bringing_billion,"['doge', 'saving', 'bringing', 'billion', 'republicans', 'collapse', 'saved', 'america', 'day', 'financial']"
"scoop newsom launches campaign to entice reluctant canadians to visit california amid trump tariff push 
worldnews 
newsom 
scoop 
launches 
to 
campaign  ",156,156_summit_finance_leaders_canada,"['summit', 'finance', 'leaders', 'canada', 'tensions', 'east', 'newsom', 'russia', 'disputes', 'reportedly']"
"g summit shifts focus to israeliran conflict as global tensions rise

g summit in alberta canada starting june   pivots to israels attacks on iran

originally set to tackle russiaukraine war and trumps tariff plans

israels strikes without clear us",156,156_summit_finance_leaders_canada,"['summit', 'finance', 'leaders', 'canada', 'tensions', 'east', 'newsom', 'russia', 'disputes', 'reportedly']"
"g leaders struggle for unity over trumps russia comments tariff policy   g canada markcarney ukraineconflict g us donaldtrump russia ustariffs

 ",156,156_summit_finance_leaders_canada,"['summit', 'finance', 'leaders', 'canada', 'tensions', 'east', 'newsom', 'russia', 'disputes', 'reportedly']"
world briefing by cj williams g allies poised to challenge trump at canadahosted summit in defiance of his tariff and territorial seizure threats russia opens new front in ukraine as world attention again drifts from putins evasion of peace talks bskysocial,156,156_summit_finance_leaders_canada,"['summit', 'finance', 'leaders', 'canada', 'tensions', 'east', 'newsom', 'russia', 'disputes', 'reportedly']"
" leaders meet in canada under the shadow of trumps tariff war and growing global military tensions
gsummit tradewar trumptariffs gcanada   canadaus geopoliticalcrisis 
",156,156_summit_finance_leaders_canada,"['summit', 'finance', 'leaders', 'canada', 'tensions', 'east', 'newsom', 'russia', 'disputes', 'reportedly']"
    people not interested media wasting time on gotcha moments to catch a new cabinet team that still needs time to meet news on economy or security fronts interest us  nato summit g tariff talks golden dome ,157,157_news_reporting_dome_breaking,"['news', 'reporting', 'dome', 'breaking', 'golden', 'moment', 'politics', 'ago', 'live', 'latest']"
the epoch times  breaking news latest news world news and videos trump tariff negotiating tactics working again  ,157,157_news_reporting_dome_breaking,"['news', 'reporting', 'dome', 'breaking', 'golden', 'moment', 'politics', 'ago', 'live', 'latest']"
 bn  and  years to build trumps fantasy golden dome he will bankrupt isa and lose all support from the globe dwell on that cost per family over next  years on top of the tariff farce that burdens only americans wake up,157,157_news_reporting_dome_breaking,"['news', 'reporting', 'dome', 'breaking', 'golden', 'moment', 'politics', 'ago', 'live', 'latest']"
"  why i love the reporting i love their opeds and they have been spot on in reporting on trumps tariff scheme and the resulting nuclear winter in the bond market

read something else if you dont like it go read  instead of ruining respected papers",157,157_news_reporting_dome_breaking,"['news', 'reporting', 'dome', 'breaking', 'golden', 'moment', 'politics', 'ago', 'live', 'latest']"
  funny because nbc interviewed me yesterday amp i said i agreed with trumps tariff policies i never watched to see what they aired,157,157_news_reporting_dome_breaking,"['news', 'reporting', 'dome', 'breaking', 'golden', 'moment', 'politics', 'ago', 'live', 'latest']"
indonesia stock index  ytd prez prabowo  mo office carmotorcycle sale govt spend   mo free school lunch cost  billion gdp shave other social outlay nudge  fiscal law deficit max us  tariff scramble coalnickel export price softenemergingmarkets,158,158_geopolitics_minister_ustariff_senior,"['geopolitics', 'minister', 'ustariff', 'senior', 'minerals', 'uschina', 'defense', 'strategic', 'washington', 'read']"
 thats how the us maintains its financial hegemony indonesia should reject such unreasonable demand the us is also trying to play the divide and conquer trick with its tariff negotiations i hope countries dont yield to its unreasonable pressure,158,158_geopolitics_minister_ustariff_senior,"['geopolitics', 'minister', 'ustariff', 'senior', 'minerals', 'uschina', 'defense', 'strategic', 'washington', 'read']"
    not really indonesia in the past embargoed from any us military hardwares and so what we do buy from other countries the same principles applies with trade and tariff,158,158_geopolitics_minister_ustariff_senior,"['geopolitics', 'minister', 'ustariff', 'senior', 'minerals', 'uschina', 'defense', 'strategic', 'washington', 'read']"
"indonesia sends lobby team to us after trumps  tariff hike aiming to protect exports and avoid trade tensions

read more at 

i news of indonesia

newsofindonesia tariffs trumptariffs trump tradewar ustariff indonesiatariff",158,158_geopolitics_minister_ustariff_senior,"['geopolitics', 'minister', 'ustariff', 'senior', 'minerals', 'uschina', 'defense', 'strategic', 'washington', 'read']"
     trump calculated the reciprocal tariffs based on current trade imbalances with other countries you really think indonesia has a  tariff on all us goods,158,158_geopolitics_minister_ustariff_senior,"['geopolitics', 'minister', 'ustariff', 'senior', 'minerals', 'uschina', 'defense', 'strategic', 'washington', 'read']"
just saying if moodys downgrade  bond yield turmoil  raised tariff tensions couldnt nuke us lower what would,159,159_rating_downgrade_credit_yr,"['rating', 'downgrade', 'credit', 'yr', 'bond', 'impacting', 'doge', 'triggered', 'debt', 'yield']"
"lies

moody has downgraded the united states credit 
the us dollar is down 
stock market is  points down since the felon took office and flat 
we are on the verge of world war iii
and we now have a  a year trump tax  tariff 

trump predicted all of this ",159,159_rating_downgrade_credit_yr,"['rating', 'downgrade', 'credit', 'yr', 'bond', 'impacting', 'doge', 'triggered', 'debt', 'yield']"
"moodys unitedstates credit rating tariffs downgraded
recently under the tremendous weight of trumps tariff war against the world moodys downgraded the us credit rating to aa
 ",159,159_rating_downgrade_credit_yr,"['rating', 'downgrade', 'credit', 'yr', 'bond', 'impacting', 'doge', 'triggered', 'debt', 'yield']"
"timing is interesting 

trump administration sabotage didnt appear to work with the tariff scare hedge funds got left behind allegedly in the quick reversal and bounce back so round  lets have rating agencies downgrade the us govt

 big short rating agency",159,159_rating_downgrade_credit_yr,"['rating', 'downgrade', 'credit', 'yr', 'bond', 'impacting', 'doge', 'triggered', 'debt', 'yield']"
its not just moodys downgrading the us its all kinds of other milestones that are all on trump that indicate we are close to a recession jamie dimon agrees ,159,159_rating_downgrade_credit_yr,"['rating', 'downgrade', 'credit', 'yr', 'bond', 'impacting', 'doge', 'triggered', 'debt', 'yield']"
" chinese bitcoin hardware titans control  of market now coming to america to dodge trump tariff war

chinese bitcoin hardware giants controlling  of the global market are rushing to establish us production facilities as trumps tariff policies create a digital ",160,160_bitcoin_giants_chinese_crypto,"['bitcoin', 'giants', 'chinese', 'crypto', 'establish', 'btc', 'production', 'top', 'digital', 'create']"
"  thats what am saying no decentralization on pinetwork  privately controlled by 
web
crypto
trump
trumptariff
stockmarket
chinatariff
china",160,160_bitcoin_giants_chinese_crypto,"['bitcoin', 'giants', 'chinese', 'crypto', 'establish', 'btc', 'production', 'top', 'digital', 'create']"
"trump tariff impact top chinese bitcoin miners are shifting base to the us

",160,160_bitcoin_giants_chinese_crypto,"['bitcoin', 'giants', 'chinese', 'crypto', 'establish', 'btc', 'production', 'top', 'digital', 'create']"
"bitcoin surges to  as top us and chinese officials meet to discuss tariffs 



doge ltc mining and our btc strategy at 

hypec  hypaf ",160,160_bitcoin_giants_chinese_crypto,"['bitcoin', 'giants', 'chinese', 'crypto', 'establish', 'btc', 'production', 'top', 'digital', 'create']"
" chinese bitcoin hardware giants controlling  of the global market are rushing to establish us production facilities as trumps tariff policies create a digital dependency trap for american crypto infrastructure

china us bitcoin",160,160_bitcoin_giants_chinese_crypto,"['bitcoin', 'giants', 'chinese', 'crypto', 'establish', 'btc', 'production', 'top', 'digital', 'create']"
  it was both two separate times we also spent our way out of the great depression after another disastrous tariff and other really lame financial stuff we spent after wars and all kinds of things its what we usually do then the rich brainwash us out of having nice things,161,161_depression_act_great_learn,"['depression', 'act', 'great', 'learn', 'sparking', 'past', 'passed', 'protect', 'signed', 'sharply']"
"smoothawley didnt cause the great depressionlets kill this libertarian lie once amp for all

excellent piece from  

love trumps tariff medicine will put us on a diet help us produce more diminish inflation and position us to manage and decrease our debt",161,161_depression_act_great_learn,"['depression', 'act', 'great', 'learn', 'sparking', 'past', 'passed', 'protect', 'signed', 'sharply']"
   great that still had nothing to do with why the hawleysmoot tariff act failed and why it drove us into the great depression,161,161_depression_act_great_learn,"['depression', 'act', 'great', 'learn', 'sparking', 'past', 'passed', 'protect', 'signed', 'sharply']"
it sunk us deeper into the great depression because it doesnt work gdp growth is down weve defaulted on our national debt were heading for a recession and you fuckers cant pick up a history book or watch ferris beuler and learn about the smoothawley tariff act of ,161,161_depression_act_great_learn,"['depression', 'act', 'great', 'learn', 'sparking', 'past', 'passed', 'protect', 'signed', 'sharply']"
   so many things youve said are so wrong lol look at what happened last time we were isolationists smoot hawley tariff act it helped lead us into the great depression youre just regurgitating propaganda talking points to make sense of this nonsense wake up,161,161_depression_act_great_learn,"['depression', 'act', 'great', 'learn', 'sparking', 'past', 'passed', 'protect', 'signed', 'sharply']"
 thats not what allies do like demand the us provide their defense start another war in europe amp demand the us join tariff our goods hyper tax us info services tell us what to do as you turn france into a caliphate while ignoring jihadi rape amp attacks on churches,162,162_friends_allies_our_ally,"['friends', 'allies', 'our', 'ally', 'nato', 'were', 'we', 'ok', 'attacks', 'seriously']"
   every other country including our friends or allies were ripping this country off and all had higher tariff rates than us biden was ok was that because we were buying allies friendship and you seem to be ok with it too,162,162_friends_allies_our_ally,"['friends', 'allies', 'our', 'ally', 'nato', 'were', 'we', 'ok', 'attacks', 'seriously']"
 are you seriously suggesting we are no longer an ally of the us because that would make us an enemy  and a tariff war doesnt really fit the criteria,162,162_friends_allies_our_ally,"['friends', 'allies', 'our', 'ally', 'nato', 'were', 'we', 'ok', 'attacks', 'seriously']"
 the us as a country not individual people is no longer our friend they are the neighbour we give side eye to and motivates us to lock our doors trumps tariff war is stupid and forcing our hand we want partners we can rely on not partners that want to take our country,162,162_friends_allies_our_ally,"['friends', 'allies', 'our', 'ally', 'nato', 'were', 'we', 'ok', 'attacks', 'seriously']"
"  allies like that are not friends 
they tariff us but the second we even the playing field they take their ball and shove it up their ass 

i hope your man enough to admit your wrong when the smoke settles",162,162_friends_allies_our_ally,"['friends', 'allies', 'our', 'ally', 'nato', 'were', 'we', 'ok', 'attacks', 'seriously']"
  indeed they the us negotiating with the eu but the us is perfectly entitled to insist in all good originating in spain pay an additional tariff its that simple  meanwhile spain literally has no say since external trade is an eu competence,163,163_eu_spending_decides_defence,"['eu', 'spending', 'decides', 'defence', 'brain', 'link', 'understanding', 'rules', 'nato', 'story']"
  no you can only tariff the eu as a whole the only thing possible is to tariff the products that spain imports the most this way the us could try to hit spain primarily while tariffing the eu,163,163_eu_spending_decides_defence,"['eu', 'spending', 'decides', 'defence', 'brain', 'link', 'understanding', 'rules', 'nato', 'story']"
"spain is urging the eu to launch a coordinated emergency support plan for industries impacted by the us new tariff on eu imports

tap the link in bio to learn more about this story

want to know more about this story click the link in bio

spain eu tariffs tradewar ",163,163_eu_spending_decides_defence,"['eu', 'spending', 'decides', 'defence', 'brain', 'link', 'understanding', 'rules', 'nato', 'story']"
spains leader sticks by decision to break with nato spending goal despite trump threats  groundnews via ,163,163_eu_spending_decides_defence,"['eu', 'spending', 'decides', 'defence', 'brain', 'link', 'understanding', 'rules', 'nato', 'story']"
trump has a very blanket way of doing things and i urge we dont fall for it too its like his universal  tariff plan without understanding the purpose of tariffs spain does need to increase its defence spending this is true but not to ,163,163_eu_spending_decides_defence,"['eu', 'spending', 'decides', 'defence', 'brain', 'link', 'understanding', 'rules', 'nato', 'story']"
"tariff revenues are skyrocketing 

this is the monthly numbers and they have gone up a lot june is set for another big increase of  billion that is money coming into us coffers from tariffs",164,164_monthly_revenues_billion_june,"['monthly', 'revenues', 'billion', 'june', 'money', 'lot', 'increase', 'gone', 'numbers', 'coming']"
"charlie kirk on x tariff revenues are skyrocketing  this is the monthly numbers and they have gone up a lot june is set for another big increase of  billion that is money coming into us coffers from tariffs  watch

 ",164,164_monthly_revenues_billion_june,"['monthly', 'revenues', 'billion', 'june', 'money', 'lot', 'increase', 'gone', 'numbers', 'coming']"
  also the fed doesnt meet each month and why are you comparing to europe they dont have the rising tariff issues that we have in the us,164,164_monthly_revenues_billion_june,"['monthly', 'revenues', 'billion', 'june', 'money', 'lot', 'increase', 'gone', 'numbers', 'coming']"
"us tariff revenues hit a new alltime high of  billion in may  this milestone shows the growing impact of trade policies on the economy stay tuned for more updates  follow me for more updates 

trade economy tariffs usmarkets finance businessnews ",164,164_monthly_revenues_billion_june,"['monthly', 'revenues', 'billion', 'june', 'money', 'lot', 'increase', 'gone', 'numbers', 'coming']"
"tariff revenues are skyrocketing 

this is the monthly numbers and they have gone up a lot june is set for another big increase of  billion that is money coming into us coffers from tariffs ",164,164_monthly_revenues_billion_june,"['monthly', 'revenues', 'billion', 'june', 'money', 'lot', 'increase', 'gone', 'numbers', 'coming']"
 as far as trump understand the consequences of his actions  just look at his tariff trumper tantrum youre dealing with the intellect of a toddler so your hope is misguided,165,165_understand_estate_clear_he,"['understand', 'estate', 'clear', 'he', 'tantrums', 'morning', 'obviously', 'opinion', 'speech', 'business']"
"   he only knows real estate and stock market he should be saying congratulations trump for protecting my multi billion dollar real estate in usa not criticizing  on chinas incongruity regarding tariff trade

obviously chinas version of dominion is trade and",165,165_understand_estate_clear_he,"['understand', 'estate', 'clear', 'he', 'tantrums', 'morning', 'obviously', 'opinion', 'speech', 'business']"
opinion trump doesnt understand business  his tariff tantrums make that clear ,165,165_understand_estate_clear_he,"['understand', 'estate', 'clear', 'he', 'tantrums', 'morning', 'obviously', 'opinion', 'speech', 'business']"
 trump is always trump dont believe everything you can see that on tariff talk before,165,165_understand_estate_clear_he,"['understand', 'estate', 'clear', 'he', 'tantrums', 'morning', 'obviously', 'opinion', 'speech', 'business']"
  trump is effectively a neoliberal as well he conducted tariff policy in the shittiest way you possibly can which has turned off a lot of americans to tariffs when they were becoming a widely accepted thing even by the dem base,165,165_understand_estate_clear_he,"['understand', 'estate', 'clear', 'he', 'tantrums', 'morning', 'obviously', 'opinion', 'speech', 'business']"
" the market drop after trumps tariff policy provided many buying opportunities i followed  bought  stocks and made  in one month
this is amazing i love you jesse",166,166_amazing_provided_opportunities_followed,"['amazing', 'provided', 'opportunities', 'followed', 'bought', 'love', 'drop', 'month', 'buying', 'stocks']"
" the market drop after trumps tariff policy provided many buying opportunities i followed  bought  stocks and made  in one month
this is amazing i love you jesse",166,166_amazing_provided_opportunities_followed,"['amazing', 'provided', 'opportunities', 'followed', 'bought', 'love', 'drop', 'month', 'buying', 'stocks']"
" the market drop after trumps tariff policy provided many buying opportunities i followed  bought  stocks and made  in one month
this is amazing i love you jesse",166,166_amazing_provided_opportunities_followed,"['amazing', 'provided', 'opportunities', 'followed', 'bought', 'love', 'drop', 'month', 'buying', 'stocks']"
" the market drop after trumps tariff policy provided many buying opportunities i followed  bought  stocks and made  in one month
this is amazing i love you jesse",166,166_amazing_provided_opportunities_followed,"['amazing', 'provided', 'opportunities', 'followed', 'bought', 'love', 'drop', 'month', 'buying', 'stocks']"
listening to premarket report  monday th may us markets drop on trump euro tariff  spi down   wtc acquisition  gold and oil rally at  ,166,166_amazing_provided_opportunities_followed,"['amazing', 'provided', 'opportunities', 'followed', 'bought', 'love', 'drop', 'month', 'buying', 'stocks']"
  or the whiskey producer could open up a distillery in the us to avoid the tariff altogether,167,167_ban_achieve_imposing_sitting,"['ban', 'achieve', 'imposing', 'sitting', 'barely', 'missing', 'store', 'shelves', 'or', 'selling']"
 all the us liquor is sitting in a warehouse in canada they were not selling it to the liquor stores but i never saw any liquors i could not get all the bourbons were still sitting on the shelves so you have no clue whats going on carney stopped the tariff april  and lied,167,167_ban_achieve_imposing_sitting,"['ban', 'achieve', 'imposing', 'sitting', 'barely', 'missing', 'store', 'shelves', 'or', 'selling']"
    what would imposing a tariff or ban on us liquor achieve,167,167_ban_achieve_imposing_sitting,"['ban', 'achieve', 'imposing', 'sitting', 'barely', 'missing', 'store', 'shelves', 'or', 'selling']"
 as part of trump tariff bs our provincial government not bringing in any us booze ive stocked up on weller special reserve lol,167,167_ban_achieve_imposing_sitting,"['ban', 'achieve', 'imposing', 'sitting', 'barely', 'missing', 'store', 'shelves', 'or', 'selling']"
  time for canada to impose a tariff on all us alcohol entering the country  minimum,167,167_ban_achieve_imposing_sitting,"['ban', 'achieve', 'imposing', 'sitting', 'barely', 'missing', 'store', 'shelves', 'or', 'selling']"
im not buying anything from the us until that idiot trump is dethroned trumptariff,168,168_minutes_trumptariff_firms_consumers,"['minutes', 'trumptariff', 'firms', 'consumers', 'pass', 'cost', 'fed', 'costs', 'thousands', 'plan']"
   put trumptariff on every receipt we need to see what  has cost us,168,168_minutes_trumptariff_firms_consumers,"['minutes', 'trumptariff', 'firms', 'consumers', 'pass', 'cost', 'fed', 'costs', 'thousands', 'plan']"
 as a prime member i expect the trumptariff cost to be itemized on my receipts  grow a spine,168,168_minutes_trumptariff_firms_consumers,"['minutes', 'trumptariff', 'firms', 'consumers', 'pass', 'cost', 'fed', 'costs', 'thousands', 'plan']"
trumptariff make maga hats more expensive  ,168,168_minutes_trumptariff_firms_consumers,"['minutes', 'trumptariff', 'firms', 'consumers', 'pass', 'cost', 'fed', 'costs', 'thousands', 'plan']"
us firms plan to pass trump tariff costs to consumers fed minutes ,168,168_minutes_trumptariff_firms_consumers,"['minutes', 'trumptariff', 'firms', 'consumers', 'pass', 'cost', 'fed', 'costs', 'thousands', 'plan']"
" the trump national tariff tax takes  billion from hard working americans in just one month and sends it to washington 

now imagine how much the trump tax will cost americans in a year 

maga the party of raising taxes",169,169_imagine_americans_sends_month,"['imagine', 'americans', 'sends', 'month', 'party', 'raising', 'national', 'hard', 'washington', 'tax']"
" the trump national tariff tax brings in  billion from hard working americans in just  month and sends it to washington 

now imagine how much the trump tax will cost americans in a year 

maga the party of raising taxes",169,169_imagine_americans_sends_month,"['imagine', 'americans', 'sends', 'month', 'party', 'raising', 'national', 'hard', 'washington', 'tax']"
so much winning also white house disclosed that in the month of april the tariff brought in an income of  billion  at this rate in the next  months us will rake in  billion  this will contribute to a tax break for middle class america,169,169_imagine_americans_sends_month,"['imagine', 'americans', 'sends', 'month', 'party', 'raising', 'national', 'hard', 'washington', 'tax']"
" the trump national tariff tax takes  billion from hard working americans in just one month and sends it to washington 

now imagine how much the trump tax will cost americans in a year 

maga the party of raising taxes",169,169_imagine_americans_sends_month,"['imagine', 'americans', 'sends', 'month', 'party', 'raising', 'national', 'hard', 'washington', 'tax']"
"                                                the trump national tariff tax takes  billion from hard working americans in just one month  

now  imagine how much the trump tax will cost americans in a year 

maga the party of raising taxes",169,169_imagine_americans_sends_month,"['imagine', 'americans', 'sends', 'month', 'party', 'raising', 'national', 'hard', 'washington', 'tax']"
anyone actually have a statement from chinas side i saw the trump tweet but wtf does a full reset mean as in you are starting negotiations tabula rasa tmrw or we go back to the old tariff levels and we can put this unfortunate chapter behind us,170,170_reset_total_negotiated_talks,"['reset', 'total', 'negotiated', 'talks', 'progress', 'says', 'underway', 'great', 'uschina', 'being']"
"president trump has announced a total reset in uschina trade relations as top officials from both countries met in geneva to restart negotiations aimed at ending the longrunning tariff war

us treasury secretary scott bessent and chinese vice premier he lifeng led the ",170,170_reset_total_negotiated_talks,"['reset', 'total', 'negotiated', 'talks', 'progress', 'says', 'underway', 'great', 'uschina', 'being']"
" trumps tariff reset changes the game

 trump capped china tariffs at   and called them locked in

 china responded with just  countertariffs

 no more hikes coming  less uncertainty

 this eases pressure on global markets and opens the door for riskon ",170,170_reset_total_negotiated_talks,"['reset', 'total', 'negotiated', 'talks', 'progress', 'says', 'underway', 'great', 'uschina', 'being']"
 guessing it will literally be a reset back to before the tariffs with maybe the  base tariff on china maga will claim major deal because the tariffs dropped that trump created,170,170_reset_total_negotiated_talks,"['reset', 'total', 'negotiated', 'talks', 'progress', 'says', 'underway', 'great', 'uschina', 'being']"
"trump says us and china negotiated total reset in tariff talks
 ",170,170_reset_total_negotiated_talks,"['reset', 'total', 'negotiated', 'talks', 'progress', 'says', 'underway', 'great', 'uschina', 'being']"
"breaking renowned business expert scott galloway hammers donald trump as stupid and says that hes blackout drunk at the wheel of the global economy as his tariffs destabilize the entire world

he also alleged that trumps sudden tariff reversal enriched his maga cronies ",171,171_admits_economist_genius_top,"['admits', 'economist', 'genius', 'top', 'may', 'president', 'john', 'reversal', 'all', 'economy']"
"top wall street economist who was critical of president trumps economic program declares he outsmarted all of us

the economists reversal proves the tariff strategy worked initial chaos forced china to slash their tariffs from  to  while the us dropped from  to ",171,171_admits_economist_genius_top,"['admits', 'economist', 'genius', 'top', 'may', 'president', 'john', 'reversal', 'all', 'economy']"
is trump a genius top economist and tariff skeptic admits president may have outsmarted us all on the economy  the independent ,171,171_admits_economist_genius_top,"['admits', 'economist', 'genius', 'top', 'may', 'president', 'john', 'reversal', 'all', 'economy']"
  oh that infamous ron varra who is the smarter than all the financial strategists combined dead or alive the whole america should thank ron varra maybe he and trump should teach about bankruptcy and tariff classes,171,171_admits_economist_genius_top,"['admits', 'economist', 'genius', 'top', 'may', 'president', 'john', 'reversal', 'all', 'economy']"
trump and the tariff hike stroke of genius or recipe for chaos my brilliant friendsmasters in politics and economicssay hes lost it me im on the fence and you have you figured it out is he crazy or a mastermind share your theory in the comments trumptariff,171,171_admits_economist_genius_top,"['admits', 'economist', 'genius', 'top', 'may', 'president', 'john', 'reversal', 'all', 'economy']"
 the bipartisan cbo estimates that  trumps tariff plan would cut fed deficits by t over  years while also shrinking the us economy and potentially increasing inflation ,172,172_congressional_deficits_budget_trillion,"['congressional', 'deficits', 'budget', 'trillion', 'sweeping', 'office', 'purchasing', 'households', 'reducing', 'according']"
" president donald trumps tariff policies in effect as of midmay would help to shrink us fiscal deficits by an estimated  trillion according to the nonpartisan congressional budget office
",172,172_congressional_deficits_budget_trillion,"['congressional', 'deficits', 'budget', 'trillion', 'sweeping', 'office', 'purchasing', 'households', 'reducing', 'according']"
 based solely on the congressional budget office cbo report dated june   titled the budgetary and economic effects of the tariff increases enacted by president trump through may   the claim is true the tariffs are projected to reduce the federal deficit by,172,172_congressional_deficits_budget_trillion,"['congressional', 'deficits', 'budget', 'trillion', 'sweeping', 'office', 'purchasing', 'households', 'reducing', 'according']"
 obbb is a poor way to gauge the budget anyway if trump continues to address bad spending and i will call questionable spending along with tariff revenue we do have a golden era we need it to continue in  years,172,172_congressional_deficits_budget_trillion,"['congressional', 'deficits', 'budget', 'trillion', 'sweeping', 'office', 'purchasing', 'households', 'reducing', 'according']"
 trumps sweeping tariff plan would cut deficits by  trillion over a year period while shrinking the economy raising the inflation rate and reducing the purchasing power of households overall according to an analysis released wednesday by the congressional budget office,172,172_congressional_deficits_budget_trillion,"['congressional', 'deficits', 'budget', 'trillion', 'sweeping', 'office', 'purchasing', 'households', 'reducing', 'according']"
"xrp breakout imminent
sec settlement any day
fed cuts julysept
crypto bill signed by trump by sept
tariff deals incoming
bull flag dailyweekly
cup amp handle monthlyyearly fully formed

everything is aligning xrp crypto ",173,173_swamp_crypto_protest_solid,"['swamp', 'crypto', 'protest', 'solid', 'trend', 'heavily', 'bullish', 'payment', 'moving', 'past']"
trump has to finish leveling the playing field with all the tariff deals before xrp gets its chance,173,173_swamp_crypto_protest_solid,"['swamp', 'crypto', 'protest', 'solid', 'trend', 'heavily', 'bullish', 'payment', 'moving', 'past']"
"xtwitter is full of fake news reported by crypto scammers and even reuters that was apparently leaked by the white house that the eu was prepared to accept the  tariff which it has come out and denied this platform is a cesspool
 ",173,173_swamp_crypto_protest_solid,"['swamp', 'crypto', 'protest', 'solid', 'trend', 'heavily', 'bullish', 'payment', 'moving', 'past']"
" xrp is up  in just past days good job we got out of the mucky swamp tariff and protest war cant stop us cause trumps economy is rock solid hard and moving heavily upward trend with the rsi and we have a bullish divergence 

we should see new price discovery soon maybe",173,173_swamp_crypto_protest_solid,"['swamp', 'crypto', 'protest', 'solid', 'trend', 'heavily', 'bullish', 'payment', 'moving', 'past']"
" xrp is up  in just past days good job we got out of the mucky swamp tariff and protest war cant stop us cause trumps economy is rock solid hard and moving heavily upward trend with the rsi and we have a bullish divergence 

we should see new price discovery soon maybe",173,173_swamp_crypto_protest_solid,"['swamp', 'crypto', 'protest', 'solid', 'trend', 'heavily', 'bullish', 'payment', 'moving', 'past']"
trump advisers took advantage of navarros absence to push for tariff pause  the wall street journal ,174,174_navarro_lutnick_peter_bessent,"['navarro', 'lutnick', 'peter', 'bessent', 'wsj', 'pause', 'oval', 'advantage', 'took', 'convince']"
 looks like trump lutnick amp navarro working on the tariff implementation to me,174,174_navarro_lutnick_peter_bessent,"['navarro', 'lutnick', 'peter', 'bessent', 'wsj', 'pause', 'oval', 'advantage', 'took', 'convince']"
"so that morning when navarro was scheduled to meet with economic adviser kevin hassett in a different part of the white house bessent and lutnick made their move according to multiple people

",174,174_navarro_lutnick_peter_bessent,"['navarro', 'lutnick', 'peter', 'bessent', 'wsj', 'pause', 'oval', 'advantage', 'took', 'convince']"
  now if they can keep trump away from tariffcrazed navarro and lutnick we may all be better off,174,174_navarro_lutnick_peter_bessent,"['navarro', 'lutnick', 'peter', 'bessent', 'wsj', 'pause', 'oval', 'advantage', 'took', 'convince']"
trump advisers took advantage of navarros absence to push for tariff pause  wsj,174,174_navarro_lutnick_peter_bessent,"['navarro', 'lutnick', 'peter', 'bessent', 'wsj', 'pause', 'oval', 'advantage', 'took', 'convince']"
"  i think you might have that backwards my dude

ping is an autocrat who is so busy trying to solve his countrys devastating population problem brought on by  years of a  child policy that he has zero political capital to go toe to toe with us in a long term tariff war",175,175_hes_understand_subsidies_he,"['hes', 'understand', 'subsidies', 'he', 'would', 'him', 'imposing', 'countries', 'government', 'thought']"
 too funny he thought he would impose a forced additional payment tariff on imports to us government coffers and then bully us businesses to pick up the tab wo passing on the cost,175,175_hes_understand_subsidies_he,"['hes', 'understand', 'subsidies', 'he', 'would', 'him', 'imposing', 'countries', 'government', 'thought']"
 the other nations that tariff the us cut their rates hes a disappointment,175,175_hes_understand_subsidies_he,"['hes', 'understand', 'subsidies', 'he', 'would', 'him', 'imposing', 'countries', 'government', 'thought']"
" the country so the us government will pay for the tariff on imports that they themselves are imposing now

what is he talking about",175,175_hes_understand_subsidies_he,"['hes', 'understand', 'subsidies', 'he', 'would', 'him', 'imposing', 'countries', 'government', 'thought']"
"how can any country negotiate with th us when it is governed by a capricious narcissist

birthday tariff exemption

next

bad diarrhea duties

its all about him",175,175_hes_understand_subsidies_he,"['hes', 'understand', 'subsidies', 'he', 'would', 'him', 'imposing', 'countries', 'government', 'thought']"
 tariff instabilities and back and forth announcements by trump creates chaos dont just hang on this solution to make housing affordable find alternatives to ease home affordability do your job,176,176_housing_home_worry_administrations,"['housing', 'home', 'worry', 'administrations', 'immigration', 'republican', 'debt', 'even', 'increases', 'houses']"
for a country that is short on housing it is beyond belief not to worry about us  tariff one that also affects those not built yet homesoh wait we wont have to worry about tariffs just carbon taxcanadians must hate themselves,176,176_housing_home_worry_administrations,"['housing', 'home', 'worry', 'administrations', 'immigration', 'republican', 'debt', 'even', 'increases', 'houses']"
 in  americans ditch homes and car purchases as tariffs trigger economic panic  o yea good luck even affording a home like really with the tariffs lol,176,176_housing_home_worry_administrations,"['housing', 'home', 'worry', 'administrations', 'immigration', 'republican', 'debt', 'even', 'increases', 'houses']"
"whoa

i think the housing minister needs to answer for this at a time when affordability is out of reach for an entire generation they impose a tariff because trump",176,176_housing_home_worry_administrations,"['housing', 'home', 'worry', 'administrations', 'immigration', 'republican', 'debt', 'even', 'increases', 'houses']"
   most of us will stay home because they are supporting trumps budget and tariff lunacy no better than bernie,176,176_housing_home_worry_administrations,"['housing', 'home', 'worry', 'administrations', 'immigration', 'republican', 'debt', 'even', 'increases', 'houses']"
 ok so he and his team get upset when canada put a tariff on bourbon from kentucky or tennessee or wherever but its ok for him to ban cars being sold in the us by  check notes drug companies drug companies,177,177_cars_canada_says_made,"['cars', 'canada', 'says', 'made', 'drug', 'reuters', 'canadian', 'could', 'go', 'increase']"
trump says  tariff on cars made in canada could go up  reuters smartnews  ,177,177_cars_canada_says_made,"['cars', 'canada', 'says', 'made', 'drug', 'reuters', 'canadian', 'could', 'go', 'increase']"
" trump outright lies  
 trudeau did not say a  tariff on our cars would mean the end of canada 
  the us does not subsidize canada 
trump is a liar",177,177_cars_canada_says_made,"['cars', 'canada', 'says', 'made', 'drug', 'reuters', 'canadian', 'could', 'go', 'increase']"
i wonder if trump knows those stryker combat vehicles are made in canada tariff,177,177_cars_canada_says_made,"['cars', 'canada', 'says', 'made', 'drug', 'reuters', 'canadian', 'could', 'go', 'increase']"
 uh dood trump told him he could destory canada with a  tariff on cars and the governor jus sat there ,177,177_cars_canada_says_made,"['cars', 'canada', 'says', 'made', 'drug', 'reuters', 'canadian', 'could', 'go', 'increase']"
 states sue trump claiming his tariff policies are unconstitutional ,178,178_states_administration_brief_policy,"['states', 'administration', 'brief', 'policy', 'governor', 'stop', 'international', 'york', 'gov', 'general']"
a dozen states sue the trump administration to stop tariff policy  via ,178,178_states_administration_brief_policy,"['states', 'administration', 'brief', 'policy', 'governor', 'stop', 'international', 'york', 'gov', 'general']"
"nv joins  states in suing the trump administration to stop tariff policylawsuit challenges trumps claim that he could arbitrarily impose tariffs based on the international emergency economic powers act

gov to potus probably its aint me

",178,178_states_administration_brief_policy,"['states', 'administration', 'brief', 'policy', 'governor', 'stop', 'international', 'york', 'gov', 'general']"
"the states listed as plaintiffs in the lawsuit were oregon arizona colorado connecticut delaware illinois maine minnesota nevada new mexico new york and vermont
",178,178_states_administration_brief_policy,"['states', 'administration', 'brief', 'policy', 'governor', 'stop', 'international', 'york', 'gov', 'general']"
"us states file lawsuit against trump administration over tariff policy

",178,178_states_administration_brief_policy,"['states', 'administration', 'brief', 'policy', 'governor', 'stop', 'international', 'york', 'gov', 'general']"
this just in donald trump intends on slapping twenty five percent tariff on wild fire smoke,179,179_smoke_canadian_constant_border,"['smoke', 'canadian', 'constant', 'border', 'whitehouse', 'mr', 'canada', 'sick', 'st', 'shot']"
"

in western pa we are getting a lot of smoke from the canadian wildfires

please see if you dad can tariff this smoke

this is the second year of canada smoking on us

thanks",179,179_smoke_canadian_constant_border,"['smoke', 'canadian', 'constant', 'border', 'whitehouse', 'mr', 'canada', 'sick', 'st', 'shot']"
wtf are they doing in canada with all those crazy wildfires that are billowing down into america the us needs to tariff carbon smoke coming across the border from canada making everybody sick this is eco terrorism it must stop people are sick as a result put out or pay up,179,179_smoke_canadian_constant_border,"['smoke', 'canadian', 'constant', 'border', 'whitehouse', 'mr', 'canada', 'sick', 'st', 'shot']"
when the smoke from all those canadian wildfires cross the us border i hope canada must pay a tariff that should get us  or  trillion easy   putthatinyourpipe ,179,179_smoke_canadian_constant_border,"['smoke', 'canadian', 'constant', 'border', 'whitehouse', 'mr', 'canada', 'sick', 'st', 'shot']"
 mr burns goes to the whitehouse and got shot down by trump he said nothing of substance making the nonsensical statement meant as a jab at canada about the st state an issue when there was so many important issues to discuss he went to talk tariff the answer was no ,179,179_smoke_canadian_constant_border,"['smoke', 'canadian', 'constant', 'border', 'whitehouse', 'mr', 'canada', 'sick', 'st', 'shot']"
 i think its more than that the liberals are fear mongering people into thinking poilievre is a monster they called a snap election because their ratings were high on the urgency of a trump induced tariff war continues in comments,180,180_conservatives_canadian_linked_lost,"['conservatives', 'canadian', 'linked', 'lost', 'election', 'bigger', 'considering', 'elected', 'majority', 'thinking']"
 no two ways about it trump torpedoed poilievres campaign  i get the tariff war but it was never going to help poilievre and jokes about being a new state were just pointless antagonism of canadian voters,180,180_conservatives_canadian_linked_lost,"['conservatives', 'canadian', 'linked', 'lost', 'election', 'bigger', 'considering', 'elected', 'majority', 'thinking']"
   good points but what happened was poilievre was poised to win with a huge majority then trump bless his sole started threatening with the huge tariffs try to understand that the fooker trudeau killed pensions as he spent canada into egregious inflation so trumps tariff,180,180_conservatives_canadian_linked_lost,"['conservatives', 'canadian', 'linked', 'lost', 'election', 'bigger', 'considering', 'elected', 'majority', 'thinking']"
" mark wef and un puppet carnage  was elected to handle president donald commanderinchief trump  and the tariff situation

some canadian voters thought pierre semper veritas poilievre  wasnt the guy to do it

it appears now ",180,180_conservatives_canadian_linked_lost,"['conservatives', 'canadian', 'linked', 'lost', 'election', 'bigger', 'considering', 'elected', 'majority', 'thinking']"
" imagine if poilievre had won a minority instead trump would still tariff us but pierre would get the blame

it is far more perfect this way i couldnt ask for more",180,180_conservatives_canadian_linked_lost,"['conservatives', 'canadian', 'linked', 'lost', 'election', 'bigger', 'considering', 'elected', 'majority', 'thinking']"
 tariff tard trump ,181,181_tarrifs_tarrif_halt_just,"['tarrifs', 'tarrif', 'halt', 'just', 'orders', 'were', 'happened', 'using', 'doomed', 'already']"
"holy cow  if you want to fuel comments on your post just mention the word trump 
i should also remind everyone that trump and tarrifs are not new  again im just reporting the facts trump used tarrifs during his first term on march   trump announced his intention",181,181_tarrifs_tarrif_halt_just,"['tarrifs', 'tarrif', 'halt', 'just', 'orders', 'were', 'happened', 'using', 'doomed', 'already']"
 tarrifs terrifs are just another distraction point for the us government right now donald trump is not going to fulfill a successful tariff agenda on any country over  move on to the next taco tuesday,181,181_tarrifs_tarrif_halt_just,"['tarrifs', 'tarrif', 'halt', 'just', 'orders', 'were', 'happened', 'using', 'doomed', 'already']"
"tarriffs might just push small business owners into the dnc

tariffs just arent trumps political interest

the white house bet is that using tariff revenue to eliminate income tax for sub k will win the midterms

but a significant part of the population doesnt pay",181,181_tarrifs_tarrif_halt_just,"['tarrifs', 'tarrif', 'halt', 'just', 'orders', 'were', 'happened', 'using', 'doomed', 'already']"
"
trump trumptariff tarrifs tarriffwar vinylrecords records 
tarrifs may affect vinyl manufacturing in usa",181,181_tarrifs_tarrif_halt_just,"['tarrifs', 'tarrif', 'halt', 'just', 'orders', 'were', 'happened', 'using', 'doomed', 'already']"
"in a new article nonres scholar  and junior fellow tani washington unpack the disparate tariff rates african countries are facing from the us the varied african responses and implications for the african growth and opportunity act agoa

",182,182_africa_african_south_importing,"['africa', 'african', 'south', 'importing', 'article', 'nations', 'white', 'suspension', 'intended', 'export']"
"this comes days after the us hit zimbabwe with an  export tax critics say the move is an attempt to appease trump and possibly lift sanctions

lfggggg",182,182_africa_african_south_importing,"['africa', 'african', 'south', 'importing', 'article', 'nations', 'white', 'suspension', 'intended', 'export']"
"president trump news community

should president trump put a large tariff on south africa until they stop the white farmer genocide and land theft in their country",182,182_africa_african_south_importing,"['africa', 'african', 'south', 'importing', 'article', 'nations', 'white', 'suspension', 'intended', 'export']"
"hat tip to  great article 

how african countries are responding to the new us reciprocal tariffs  carnegie endowment for international peace
",182,182_africa_african_south_importing,"['africa', 'african', 'south', 'importing', 'article', 'nations', 'white', 'suspension', 'intended', 'export']"
the significant tariff impact effectively nullifies the benefits of the agoa which was intended to help kickstart manufacturing in subsaharan africa ,182,182_africa_african_south_importing,"['africa', 'african', 'south', 'importing', 'article', 'nations', 'white', 'suspension', 'intended', 'export']"
"deputy prime minister and foreign minister winston peters has sought to silence critics who insist that new zealand should be responding hard and publicly to us president donald trumps tariff policy
",183,183_minister_bn_prime_agriculture,"['minister', 'bn', 'prime', 'agriculture', 'critics', 'new', 'onto', 'short', 'importer', 'military']"
"this is hypocrisy  

despite my country new zealand only levies across all our exports to you a tariff under  you levy us with  tariffs while destabilising many of our main markets in asia pacific you force us to become closer to china which gave us a",183,183_minister_bn_prime_agriculture,"['minister', 'bn', 'prime', 'agriculture', 'critics', 'new', 'onto', 'short', 'importer', 'military']"
"nz needs to put the price up quick x 

uss tn tourism business fears trump slump over tariff turmoil

seven investors with m to spend approved for golden visas so far ",183,183_minister_bn_prime_agriculture,"['minister', 'bn', 'prime', 'agriculture', 'critics', 'new', 'onto', 'short', 'importer', 'military']"
"high ustariff charges by the trumpsky regime that are passed onto the importer then purchaser esp china may create an opportunity for  nz much lower tariff to be an inbetween importer to pass onto us
any thoughts from experts",183,183_minister_bn_prime_agriculture,"['minister', 'bn', 'prime', 'agriculture', 'critics', 'new', 'onto', 'short', 'importer', 'military']"
" america is our friend and ally  how about you retire as nz prime minister to carry on your  tds globalist agenda

at this rate trump will put a  tariff on nz for working with the enemies of usa",183,183_minister_bn_prime_agriculture,"['minister', 'bn', 'prime', 'agriculture', 'critics', 'new', 'onto', 'short', 'importer', 'military']"
   fat poor and stupid is no way to go through life  no offense but k is lower middle class at best especially based on trumps inflation and tariff tax increases ,184,184_savings_individual_tax_possibly,"['savings', 'individual', 'tax', 'possibly', 'income', 'making', 'average', 'benefit', 'billions', 'eat']"
"  lower taxes
if youre a jillionaire

meanwhile the average real kansas family will be saddled with thousands in added expenses from trumps idiotic tariffsthat you voted in favor of

by the way exactly what is the tariff rate today",184,184_savings_individual_tax_possibly,"['savings', 'individual', 'tax', 'possibly', 'income', 'making', 'average', 'benefit', 'billions', 'eat']"
 the gop lies the average tax savings for an individual earning k is possibly  the trump tariff tax will eat up all this benefit  an individual making over million will have a savings of   who really benefits by the republican tax bill  vote them out,184,184_savings_individual_tax_possibly,"['savings', 'individual', 'tax', 'possibly', 'income', 'making', 'average', 'benefit', 'billions', 'eat']"
 my  k has been hurting since the tariff talk started  are lower interest rates for trump  are the tariffs for the us government  taxes will be high and jobs will be lost  authoritarian playbook,184,184_savings_individual_tax_possibly,"['savings', 'individual', 'tax', 'possibly', 'income', 'making', 'average', 'benefit', 'billions', 'eat']"
 k in mean time trump is trashing our economy w ridiculous tariff approach where are you if you cowards dont start defending conservative policy i dont want hear you bitching about dems reclaiming power in a blink basically rolling g out the red carpet for them,184,184_savings_individual_tax_possibly,"['savings', 'individual', 'tax', 'possibly', 'income', 'making', 'average', 'benefit', 'billions', 'eat']"
"the ccp orchestrated a scheme to get chinese nationals to register and vote for the dems the goal was to preserve the demfavored tariff system keeping chinese goods nearly tarifffree as they oppose trumps trade policies

are you outraged

a yes
b no ",185,185_ccp_chinese_barrel_oppose,"['ccp', 'chinese', 'barrel', 'oppose', 'keeping', 'tarifffree', 'communist', 'nd', 'scheme', 'goal']"
 ahh but the chinese tenacity and pride around this issue is leading the ccp right into the trap  we dont want a  tariff free trade deal with china anymore because the imbalance has become too severe and the ip theft and protectionist regs are still unacceptable  if the us,185,185_ccp_chinese_barrel_oppose,"['ccp', 'chinese', 'barrel', 'oppose', 'keeping', 'tarifffree', 'communist', 'nd', 'scheme', 'goal']"
"did you ask yourself why does china gets to flood america with garbage products for a  tariff   also they are sending their communist elite children to us universities

the ccp deserves to collapse 

the trump deal sucks",185,185_ccp_chinese_barrel_oppose,"['ccp', 'chinese', 'barrel', 'oppose', 'keeping', 'tarifffree', 'communist', 'nd', 'scheme', 'goal']"
 thats true however using china as an example isnt a good move the ccp only did that to put themselves in a positive light so people in america forget the fact that the ccp is a communist regime that shouldnt exist trump should tariff the chinese government into the ground,185,185_ccp_chinese_barrel_oppose,"['ccp', 'chinese', 'barrel', 'oppose', 'keeping', 'tarifffree', 'communist', 'nd', 'scheme', 'goal']"
"needs to be part of trump  ccp tariff negotiations 
 
suspected ccp cuba partnership one of the most brazen intelligence operations near us gimenez  

",185,185_ccp_chinese_barrel_oppose,"['ccp', 'chinese', 'barrel', 'oppose', 'keeping', 'tarifffree', 'communist', 'nd', 'scheme', 'goal']"
"   did ur mom pay extra for her import coffee because of the orange bad man

lbj put a  tariff on trucks toyota then built factories in the united states and make all of their pickup trucks in the us

its a forcing function to redomicile manufacturing back to the us",186,186_granted_domestically_produces_live,"['granted', 'domestically', 'produces', 'live', 'consumption', 'met', 'worlds', 'exemption', 'bullshit', 'food']"
 canada has a tariff on coffee yes  our government wants us to pay more for this essential daily need,186,186_granted_domestically_produces_live,"['granted', 'domestically', 'produces', 'live', 'consumption', 'met', 'worlds', 'exemption', 'bullshit', 'food']"
  im with trump just dont tariff coffee there is no made in the usa industry,186,186_granted_domestically_produces_live,"['granted', 'domestically', 'produces', 'live', 'consumption', 'met', 'worlds', 'exemption', 'bullshit', 'food']"
" 

 lavazza an italian coffee maker planning to increase us production from  to  of its us sales to avoid tariffs
 merck announced a new squarefoot facility in delaware linked to tariffdriven incentives
",186,186_granted_domestically_produces_live,"['granted', 'domestically', 'produces', 'live', 'consumption', 'met', 'worlds', 'exemption', 'bullshit', 'food']"
  only tariff on us food is coffee booze and oj i can live without you should do your homework before spouting off bullshit and you boast about spreading truth and awareness that is totally laughable,186,186_granted_domestically_produces_live,"['granted', 'domestically', 'produces', 'live', 'consumption', 'met', 'worlds', 'exemption', 'bullshit', 'food']"
killing the chicken to scare the monkey in trumps tariff war against the world china is taking the lead in going against him many countries are watching the outcome of this game once china fails these countries will immediately kneel before us,187,187_chicken_always_out_backfire,"['chicken', 'always', 'out', 'backfire', 'game', 'many', 'via', 'suggested', 'boycott', 'refuse']"
   no hes wrong because of the facts but lets see if trump chickens out again on july  tariff threats,187,187_chicken_always_out_backfire,"['chicken', 'always', 'out', 'backfire', 'game', 'many', 'via', 'suggested', 'boycott', 'refuse']"
tariff backfire trump freak out after cocacola quietly leaves the us  via ,187,187_chicken_always_out_backfire,"['chicken', 'always', 'out', 'backfire', 'game', 'many', 'via', 'suggested', 'boycott', 'refuse']"
"us and china are stuck in an unprecedented and expensive game of chicken and it seems that both sides are unwilling to back down

 ting lu chief china economist at nomura

donaldtrump xijinping tradewar tariffs ustariff",187,187_chicken_always_out_backfire,"['chicken', 'always', 'out', 'backfire', 'game', 'many', 'via', 'suggested', 'boycott', 'refuse']"
trump is playing chicken with the us economy if other countries refuse to make tariff deals then trump will be forced to cave in and give up the tariffs,187,187_chicken_always_out_backfire,"['chicken', 'always', 'out', 'backfire', 'game', 'many', 'via', 'suggested', 'boycott', 'refuse']"
" lolthats bullxit rapist felon  literally gave a us steel company to japan 

and auto manufactures are cutting production laying off workers and still considering moving to other countries 

ex
",188,188_steel_japan_japanese_promised,"['steel', 'japan', 'japanese', 'promised', 'company', 'workers', 'terrorism', 'deal', 'develop', 'taco']"
"interesting  nippon funds everything and trump thinks he controls it hes supposedly struck a deal with the uk for steel at zero tariff 

trump hails us steelnippon deal says steelmaker will be controlled by the usa  but offers few details  ",188,188_steel_japan_japanese_promised,"['steel', 'japan', 'japanese', 'promised', 'company', 'workers', 'terrorism', 'deal', 'develop', 'taco']"
 nippon and us steel are probably giving trump some kind of kickback unless its just another taco tariff,188,188_steel_japan_japanese_promised,"['steel', 'japan', 'japanese', 'promised', 'company', 'workers', 'terrorism', 'deal', 'develop', 'taco']"
  this guy is such an ass i just saw an article saying that the japanese wanted to invest in us steel and then he put a  tariff on their steel doesnt sound like diplomacy to me,188,188_steel_japan_japanese_promised,"['steel', 'japan', 'japanese', 'promised', 'company', 'workers', 'terrorism', 'deal', 'develop', 'taco']"
  us steel is in the process of being purchased by japans nippon steel if steel is shipped in from japan how will a  tariff be helpful to the american portion of the merged corporation,188,188_steel_japan_japanese_promised,"['steel', 'japan', 'japanese', 'promised', 'company', 'workers', 'terrorism', 'deal', 'develop', 'taco']"
are us ports empty and what impact does the tariff have on global shipping  via ,189,189_ports_shipping_empty_port,"['ports', 'shipping', 'empty', 'port', 'impact', 'global', 'does', 'moment', 'east', 'coming']"
"are us ports empty and what impact does the tariff have on global shipping  via  
consumer alerts check it out info for you before the price hike",189,189_ports_shipping_empty_port,"['ports', 'shipping', 'empty', 'port', 'impact', 'global', 'does', 'moment', 'east', 'coming']"
"are us ports empty and what impact does the tariff have on global shipping 

 via  ",189,189_ports_shipping_empty_port,"['ports', 'shipping', 'empty', 'port', 'impact', 'global', 'does', 'moment', 'east', 'coming']"
tariffsarebadfortexas and not a sound from austin texas ports hit rough seas as trumps tariff fight upsets global trade ,189,189_ports_shipping_empty_port,"['ports', 'shipping', 'empty', 'port', 'impact', 'global', 'does', 'moment', 'east', 'coming']"
"for all trumpies who believe youre on some sort of glorious ride to victory some hard data

are us ports empty and what impact does the tariff have on global shipping
search on youtube

bottom line truck drivers voted  trump many of you are about to lose your",189,189_ports_shipping_empty_port,"['ports', 'shipping', 'empty', 'port', 'impact', 'global', 'does', 'moment', 'east', 'coming']"
 boss do something for boys  mtn wan kill us with tariff your stream make sense die and i dont miss it but i wan reduce am small cos of data,190,190_network_data_service_trash,"['network', 'data', 'service', 'trash', 'increasing', 'your', 'useless', 'die', 'faster', 'increased']"
" just say your services arent for the average person anymore i dont even blame you  its the government that has failed to regulate the telecom sector you guys keep increasing your data tariff without conscience

some of us are trying to do tech but data is choking us ",190,190_network_data_service_trash,"['network', 'data', 'service', 'trash', 'increasing', 'your', 'useless', 'die', 'faster', 'increased']"
please   i use god take beg una ask   and others to reduce their data tariff this thing dey choke us and work dey ground  j eshanu aje,190,190_network_data_service_trash,"['network', 'data', 'service', 'trash', 'increasing', 'your', 'useless', 'die', 'faster', 'increased']"
 abeg  is playing with our career data is much bigger than our salary stops us from migrating to mtn pulse plan keeping us in a tariff plan where  naira can only afford a flashcall your network its irritating,190,190_network_data_service_trash,"['network', 'data', 'service', 'trash', 'increasing', 'your', 'useless', 'die', 'faster', 'increased']"
network don die for  weeks mtn glo airtel all moving mad tariff go up service go down zero apology zero accountability na who we offend nigeria just dey gaslight us steady naijafail japamood,190,190_network_data_service_trash,"['network', 'data', 'service', 'trash', 'increasing', 'your', 'useless', 'die', 'faster', 'increased']"
 listen  if you dont come in droves trump will institute a potato tariff of  on ireland  check mate,191,191_factors_take_bn_her,"['factors', 'take', 'bn', 'her', 'should', 'institute', 'long', 'goods', 'sale', 'an']"
"  the corollary to ireland raising its tariff on us goods to  as long as rosy odonnald remains in their country is that us will not tariff any of irelands goods imported into the us as long as she stays in ireland
 s",191,191_factors_take_bn_her,"['factors', 'take', 'bn', 'her', 'should', 'institute', 'long', 'goods', 'sale', 'an']"
should increased pricing of irish exports in international markets result in lower domestic prices within ireland ireland tariffs ustariff,191,191_factors_take_bn_her,"['factors', 'take', 'bn', 'her', 'should', 'institute', 'long', 'goods', 'sale', 'an']"
  was in the middle of tariff negotiations with ireland but the talks came to an abrupt end when president higgins of ireland demanded trump take ms odonnell as part of the agreement trump passed,191,191_factors_take_bn_her,"['factors', 'take', 'bn', 'her', 'should', 'institute', 'long', 'goods', 'sale', 'an']"
" ireland  is putting a  tariff on the usa unless we take rosie odonnel back immediately 

oprah should go to guadalcanal and learn us history  but then on her side of the island an accidental fire  may happen 
these spoiled brats need to love  their country",191,191_factors_take_bn_her,"['factors', 'take', 'bn', 'her', 'should', 'institute', 'long', 'goods', 'sale', 'an']"
 donald trump is screwing w the operations of major american companies the automobile industry which in part is a major driver of the economy amp the beating heart of many states due to trumps bullshit tariff war ford is now forced to shut down production throwing all or ,192,192_jobs_layoffs_workers_hundreds,"['jobs', 'layoffs', 'workers', 'hundreds', 'off', 'ford', 'laying', 'five', 'group', 'plants']"
"  stellantis laid off  people and general motors laid off   as a result of tariff uncertainty volvo announced it would slash   us jobs due to the tariffs yale forecasts that  the tariffs could cost  jobs in the us by the end of the year
",192,192_jobs_layoffs_workers_hundreds,"['jobs', 'layoffs', 'workers', 'hundreds', 'off', 'ford', 'laying', 'five', 'group', 'plants']"
volvo group announces layoffs of hundreds of workers in us facilities amid tariff crisis ,192,192_jobs_layoffs_workers_hundreds,"['jobs', 'layoffs', 'workers', 'hundreds', 'off', 'ford', 'laying', 'five', 'group', 'plants']"
"volvo to cut  us jobs amid tariff impact

",192,192_jobs_layoffs_workers_hundreds,"['jobs', 'layoffs', 'workers', 'hundreds', 'off', 'ford', 'laying', 'five', 'group', 'plants']"
"volvo to cut  jobs amid trump tariff fight

",192,192_jobs_layoffs_workers_hundreds,"['jobs', 'layoffs', 'workers', 'hundreds', 'off', 'ford', 'laying', 'five', 'group', 'plants']"
 the attack on medicaid is trumps revenge against americans for wanting to see him held accountable for his crimes affecting many poor communities to get back at black prosecutors a tariff on healthcare to exhibit his power to say to citizens i own you amp to punch obama ,193,193_millions_tax_republicans_taxes,"['millions', 'tax', 'republicans', 'taxes', 'healthcare', 'necessary', 'bill', 'cuts', 'eat', 'funds']"
"  

he also lowered the gun owning age to  apparently i didnt even know that



i saw more about tariff slashing and tax slashing on twitter that happened today i think i just dont know where to look though",193,193_millions_tax_republicans_taxes,"['millions', 'tax', 'republicans', 'taxes', 'healthcare', 'necessary', 'bill', 'cuts', 'eat', 'funds']"
" hey mr murphy can you tell us why if trumps claim that we have raked in millions amp millions of dollars in tariff revenue it is necessary for gop congress to enact a bill that will take millions out of medicaidmedicare funds
why is this bill necessary",193,193_millions_tax_republicans_taxes,"['millions', 'tax', 'republicans', 'taxes', 'healthcare', 'necessary', 'bill', 'cuts', 'eat', 'funds']"
 trump needs to go  end crazy tariff policy now  fund medicaid  kill the iron dome and tax the rich,193,193_millions_tax_republicans_taxes,"['millions', 'tax', 'republicans', 'taxes', 'healthcare', 'necessary', 'bill', 'cuts', 'eat', 'funds']"
 house republicans keep delivering bullshit to the american  people   no taxes on tips for cash tips  medicaid cuts billions to the haves and more taxes and trump tariff taxes to the have nots we are in the let eat cake without frosting phase of american corruption,193,193_millions_tax_republicans_taxes,"['millions', 'tax', 'republicans', 'taxes', 'healthcare', 'necessary', 'bill', 'cuts', 'eat', 'funds']"
"gsinvestment is a scam that robs investors and vanishes stay vigilant and protect your assets

bullrun bearish trumptariff bullish scam ",194,194_scam_assets_bullish_funds,"['scam', 'assets', 'bullish', 'funds', 'stay', 'alert', 'scheme', 'stealing', 'protect', 'investment']"
"gsinvestment is a fraudulent scheme taking funds and vanishing stay alert and safeguard your assets

bullrun bearish trumptariff bullish scam ijex cryptorecovery cryptoscam cryptonomy finance investment drainedwallet ",194,194_scam_assets_bullish_funds,"['scam', 'assets', 'bullish', 'funds', 'stay', 'alert', 'scheme', 'stealing', 'protect', 'investment']"
"gsinvestment is a fraudulent scheme that steals funds and disappears stay alert and safeguard your investments

bullrun bearish trumptariff bullish scam ",194,194_scam_assets_bullish_funds,"['scam', 'assets', 'bullish', 'funds', 'stay', 'alert', 'scheme', 'stealing', 'protect', 'investment']"
"gsinvestment is a scam taking funds and disappearing without a trace stay alert and safeguard your assets

bullrun bearish trumptariff bullish scam ",194,194_scam_assets_bullish_funds,"['scam', 'assets', 'bullish', 'funds', 'stay', 'alert', 'scheme', 'stealing', 'protect', 'investment']"
"gsinvestment is a scam taking funds and disappearing without a trace stay alert and protect your assets

bullrun bearish trumptariff bullish scam ",194,194_scam_assets_bullish_funds,"['scam', 'assets', 'bullish', 'funds', 'stay', 'alert', 'scheme', 'stealing', 'protect', 'investment']"
"singaporean writing on taiwan and tariff situation
",195,195_pm_slap_silly_korea,"['pm', 'slap', 'silly', 'korea', 'south', 'history', 'brief', 'lesson', 'forgot', 'pissed']"
" so why still tariff isreal  south korea singapore  

the big complaint is we get charged to much well its  with isreal and  with south korea and singapore has a  billion trade deficit with us they need to apply the things they wanted upon those that did it",195,195_pm_slap_silly_korea,"['pm', 'slap', 'silly', 'korea', 'south', 'history', 'brief', 'lesson', 'forgot', 'pissed']"
"  the us couldnt even get those countries to participate in the tariff war

japan figuratively told them to fuck off vietnam literally got closer to china and deepened ties the president of singapore was pissed

only india was pandering to the us",195,195_pm_slap_silly_korea,"['pm', 'slap', 'silly', 'korea', 'south', 'history', 'brief', 'lesson', 'forgot', 'pissed']"
" so why us still slap its silly tariff to country like singapore australia netherland and hongkong while us is the one on surplus
or how you still slap your silly tariff to a country who didnt even give tariff to you such as chille under fta to us since  
clown",195,195_pm_slap_silly_korea,"['pm', 'slap', 'silly', 'korea', 'south', 'history', 'brief', 'lesson', 'forgot', 'pissed']"
 dave trump just hit singapore with a tariff what tariffs does singapore have against us,195,195_pm_slap_silly_korea,"['pm', 'slap', 'silly', 'korea', 'south', 'history', 'brief', 'lesson', 'forgot', 'pissed']"
"cheaper gas incoming 
trump trumptariff economy gas",196,196_gas_savings_figure_pain,"['gas', 'savings', 'figure', 'pain', 'groceries', 'heres', 'claims', 'real', 'fill', 'cheaper']"
"i voted for trump because cheaper groceries 
they are literally going up in price due to the tariffs that trump called for 

he put a protective tariff on most every good you can purchase that doesnt come from the us the average tariff rate as of this may is  

yall",196,196_gas_savings_figure_pain,"['gas', 'savings', 'figure', 'pain', 'groceries', 'heres', 'claims', 'real', 'fill', 'cheaper']"
trump claims americans gas savings will make up for tariff pain heres the real figure  the daily beast smartnews  ,196,196_gas_savings_figure_pain,"['gas', 'savings', 'figure', 'pain', 'groceries', 'heres', 'claims', 'real', 'fill', 'cheaper']"
"   yup which was absolutely expected when trump mentioned plans to implement them it comes with the territory with such an idiotic tariff plan

ever wonder why gas prices can go high very quickly but take much longer to come back down gotta milk those consumers for a little more",196,196_gas_savings_figure_pain,"['gas', 'savings', 'figure', 'pain', 'groceries', 'heres', 'claims', 'real', 'fill', 'cheaper']"
you keep saying that  so far gas has gone up and grocery stores are gorging us with your fake tariff war ,196,196_gas_savings_figure_pain,"['gas', 'savings', 'figure', 'pain', 'groceries', 'heres', 'claims', 'real', 'fill', 'cheaper']"
virginia is known for bordeauxstyle grapes thanks in part to its parallel climate and oenophile thomas jefferson an early cultivator who planted vines at monticello and staked out virginia as the birthplace of american wine ,197,197_export_sweeping_bring_california,"['export', 'sweeping', 'bring', 'california', 'small', 'barriers', 'uncertainty', 'cheaper', 'etc', 'bias']"
how a small wine company complicated trumps sweeping tariff plans ,197,197_export_sweeping_bring_california,"['export', 'sweeping', 'bring', 'california', 'small', 'barriers', 'uncertainty', 'cheaper', 'etc', 'bias']"
uncertainty tariffs between europe and the us is frustrating for italian producers but the reality would be a disaster  via  wine italy wineworldnews ,197,197_export_sweeping_bring_california,"['export', 'sweeping', 'bring', 'california', 'small', 'barriers', 'uncertainty', 'cheaper', 'etc', 'bias']"
" lets bring the california wine back ill pay the extra tariff and you will even more money dont need you to decide for us  if you really want to bring the cost down cut the taxes on the liquors  

bring back california wine ",197,197_export_sweeping_bring_california,"['export', 'sweeping', 'bring', 'california', 'small', 'barriers', 'uncertainty', 'cheaper', 'etc', 'bias']"
 remember no crayfish  wine etc export  the lnp cost us  short memory speers  but jump on steel tariff what a low grade bias  employee  you referred to the  the lnp  as your party election nite  how can viewers expect fair reporting  ,197,197_export_sweeping_bring_california,"['export', 'sweeping', 'bring', 'california', 'small', 'barriers', 'uncertainty', 'cheaper', 'etc', 'bias']"
lindsey grahams  tariff bill is more of a theater than i thought the same measure in the house has garnered little backing in either party making a showdown with mr trump on the issue unlikely at least in the short term ,198,198_bill_russia_mr_russian,"['bill', 'russia', 'mr', 'russian', 'backs', 'backing', 'sanctions', 'enough', 'claimed', 'golf']"
us senators blumenthal and graham say enough is enough and want congress to pass a bipartisan bill with stronger sanctions on russia the bill includes a  tariff on imports from countries buying russian energy they believe this economic pressure is needed after russias,198,198_bill_russia_mr_russian,"['bill', 'russia', 'mr', 'russian', 'backs', 'backing', 'sanctions', 'enough', 'claimed', 'golf']"
lindsey doesnt make us foreign policy sen lindsey graham just threatened china with a  tariff if they continue buying russian oil im pretty sure president trump didnt give grifter graham control over ukraine foreign policy ,198,198_bill_russia_mr_russian,"['bill', 'russia', 'mr', 'russian', 'backs', 'backing', 'sanctions', 'enough', 'claimed', 'golf']"
" lindsey graham says he has enough backing in congress to impose a  tariff on russian oil gas uranium and other importsregardless of president trump

is this true",198,198_bill_russia_mr_russian,"['bill', 'russia', 'mr', 'russian', 'backs', 'backing', 'sanctions', 'enough', 'claimed', 'golf']"
 you went on a junket trip to kiev only to deliver the stupid  tariff on china trump  was already forced to lower the tariff on china from  to  due to potential economic backlash on the us economy  when donald stares down graham he will simply wag his tail,198,198_bill_russia_mr_russian,"['bill', 'russia', 'mr', 'russian', 'backs', 'backing', 'sanctions', 'enough', 'claimed', 'golf']"
china and  african nations urge the us to resolve trade tensions through equal respectful talks and pledge to expand zerotariff access for all african diplomatic partners  globalsouth africa china ,199,199_african_africa_chinas_year,"['african', 'africa', 'chinas', 'year', 'whitehouse', 'china', 'results', 'rose', 'exports', 'nations']"
china has unveiled plans to offer zerotariff treatment to  african countries marking a significant step in strengthening its economic ties with the continent as african nations grapple with steep us tariffs of up to  on key exports  ,199,199_african_africa_chinas_year,"['african', 'africa', 'chinas', 'year', 'whitehouse', 'china', 'results', 'rose', 'exports', 'nations']"
chinas zerotariff announcement for  african countries reflects strategic openness and winwin cooperation in contrast trumps tariff policies alienate africa and later the us may continue complaining about unsubstantiated predatory lending practice when it looses african ,199,199_african_africa_chinas_year,"['african', 'africa', 'chinas', 'year', 'whitehouse', 'china', 'results', 'rose', 'exports', 'nations']"
"the president of china

said that hes going to put a  tariff on all african countries

thats great

the president of china shows respect to african leaders

unlike donald trump and evil us politicians

this is the president of china with african leaders in china ",199,199_african_africa_chinas_year,"['african', 'africa', 'chinas', 'year', 'whitehouse', 'china', 'results', 'rose', 'exports', 'nations']"
chinas zerotariff policy for least developed countries ldc which took effect last december is already showing results from december to march chinas imports from african ldcs rose  year on year reaching us billion ,199,199_african_africa_chinas_year,"['african', 'africa', 'chinas', 'year', 'whitehouse', 'china', 'results', 'rose', 'exports', 'nations']"
 trump gets a tingle every time he pushes the tariff button he has no idea nor does he care about the consequences,200,200_faces_economists_incompetent_billionaire,"['faces', 'economists', 'incompetent', 'billionaire', 'warning', 'scam', 'sparking', 'economy', 'ceos', 'pushes']"
trump faces a trilliondollar tariff disappointment ,200,200_faces_economists_incompetent_billionaire,"['faces', 'economists', 'incompetent', 'billionaire', 'warning', 'scam', 'sparking', 'economy', 'ceos', 'pushes']"
trump faces a trilliondollar tariff disappointment from  ,200,200_faces_economists_incompetent_billionaire,"['faces', 'economists', 'incompetent', 'billionaire', 'warning', 'scam', 'sparking', 'economy', 'ceos', 'pushes']"
trump faces a trilliondollar tariff disappointment ,200,200_faces_economists_incompetent_billionaire,"['faces', 'economists', 'incompetent', 'billionaire', 'warning', 'scam', 'sparking', 'economy', 'ceos', 'pushes']"
"billionaires break ranks why trumps tariff plan is sparking an economic uprising

",200,200_faces_economists_incompetent_billionaire,"['faces', 'economists', 'incompetent', 'billionaire', 'warning', 'scam', 'sparking', 'economy', 'ceos', 'pushes']"
breaking mexicos foreign min ebrard mexico has done its part in talks on us steel tariff,201,201_mexico_steel_mexican_finance,"['mexico', 'steel', 'mexican', 'finance', 'close', 'fail', 'link', 'ease', 'warns', 'quota']"
"mexico urges the united states to drop a new  steel tariff after exports fell  in april president sheinbaum warns of job losses supply chain disruptions and trade retaliation if talks fail follow us on linkedin at  for more 
",201,201_mexico_steel_mexican_finance,"['mexico', 'steel', 'mexican', 'finance', 'close', 'fail', 'link', 'ease', 'warns', 'quota']"
"finance news in less than  min

mexico seizes banks after us fentanyl sanctions
canada steel jobs at risk over weak tariff response
fedex shuts  of sites to cut b in costs

link in bio   sub",201,201_mexico_steel_mexican_finance,"['mexico', 'steel', 'mexican', 'finance', 'close', 'fail', 'link', 'ease', 'warns', 'quota']"
"the us and mexico are reportedly close to a deal to lift trumps  steel tariff  but only up to a certain volume

usmexico tradedeal tariffs trump markets macro geopolitics bitcoin btc cryptonews finance",201,201_mexico_steel_mexican_finance,"['mexico', 'steel', 'mexican', 'finance', 'close', 'fail', 'link', 'ease', 'warns', 'quota']"
the us amp mexico are close to a major steel tariff deal that could shake global trade and ease inflation what does it mean for the economy full macroeconomic breakdown here   economy tradenews inflation steeltariffs macroeconomics usmca,201,201_mexico_steel_mexican_finance,"['mexico', 'steel', 'mexican', 'finance', 'close', 'fail', 'link', 'ease', 'warns', 'quota']"
 they can put those trump tariff surcharges right next to biden dollar devaluations,202,202_bills_adding_ill_posting,"['bills', 'adding', 'ill', 'posting', 'criminal', 'any', 'theyd', 'effort', 'receipts', 'anywhere']"
this is what your new charges will be because of trumps tariffs we need to start posting our receipts daily showing wtf hes done  ,202,202_bills_adding_ill_posting,"['bills', 'adding', 'ill', 'posting', 'criminal', 'any', 'theyd', 'effort', 'receipts', 'anywhere']"
why so serious trump furious about itemizing tariff surcharge ,202,202_bills_adding_ill_posting,"['bills', 'adding', 'ill', 'posting', 'criminal', 'any', 'theyd', 'effort', 'receipts', 'anywhere']"
" should the second line not read

trump tariff surcharge",202,202_bills_adding_ill_posting,"['bills', 'adding', 'ill', 'posting', 'criminal', 'any', 'theyd', 'effort', 'receipts', 'anywhere']"
" ill tell you the same thing i told him

i wouldnt care if it wasnt completely politically motivated they never displayed tariff surcharges for any other tariffs implemented by any other president so the only reason theyd do so now is to get people mad at trump",202,202_bills_adding_ill_posting,"['bills', 'adding', 'ill', 'posting', 'criminal', 'any', 'theyd', 'effort', 'receipts', 'anywhere']"
" fire the dem corrupted cbo

it assumes  gdp  inflation and 
 ignores trumps  gdp  inflation 

 tax cuts
 doge cuts
 ai productivity 
  bbl energy
 tariff revenue 
 regulatory reform 
 t foreign inv
 no dei mandates
 usts   interest rates",203,203_gdp_cuts_dei_ignores,"['gdp', 'cuts', 'dei', 'ignores', 'dem', 'revenue', 'energy', 'fire', 'ai', 'inflation']"
"fire the dem corrupted cbo
it assumes  gdp  inflation over decades 

cbo ignores trumps  gdp  inflation plan

 tax cuts
 doge cuts
 ai productivity 
  bbl energy
 tariff revenue 
 regulatory reform 
  trillion foreign inv
 no dei mandates ",203,203_gdp_cuts_dei_ignores,"['gdp', 'cuts', 'dei', 'ignores', 'dem', 'revenue', 'energy', 'fire', 'ai', 'inflation']"
"  the corrupt cbo was wrong about trumps dec  tax cut bill and theyll be wrong about the obbb
no economist not already bought off by the wash dc swamp would ever make a projection wout factoring in growth policies amp tariff revenue  yet here we are",203,203_gdp_cuts_dei_ignores,"['gdp', 'cuts', 'dei', 'ignores', 'dem', 'revenue', 'energy', 'fire', 'ai', 'inflation']"
"  yep the dems were using the typical cbo flow to come up with the t increased deficit

gops incorporated the actual numbers into cbo with the new economic trump deals tariff income investment in the us us energy and the bill passage etc  b in budget surplus",203,203_gdp_cuts_dei_ignores,"['gdp', 'cuts', 'dei', 'ignores', 'dem', 'revenue', 'energy', 'fire', 'ai', 'inflation']"
"  not necessarily if you go based on cbo scoring then yes thats what it eill look like but the cbo model is missing  key components of trumps economic plan

 tariff revenue
 gdp growth economy grows people pay more taxes in  terms despite paying less in  terms
 ",203,203_gdp_cuts_dei_ignores,"['gdp', 'cuts', 'dei', 'ignores', 'dem', 'revenue', 'energy', 'fire', 'ai', 'inflation']"
"death by a thousand cuts approach nicolle wallace on the impact of donald trumps tariff whiplash  msnbc
 via ",204,204_msnbc_death_approach_donald,"['msnbc', 'death', 'approach', 'donald', 'impact', 'cuts', 'biggest', 'latest', 'surrounding', 'fascist']"
" whiplash 

its like trumps tariff policy",204,204_msnbc_death_approach_donald,"['msnbc', 'death', 'approach', 'donald', 'impact', 'cuts', 'biggest', 'latest', 'surrounding', 'fascist']"
nicolle wallace trump detonated a bomb in the heart of the most resilient economy on the planet  msnbc trumptariff trumptax ,204,204_msnbc_death_approach_donald,"['msnbc', 'death', 'approach', 'donald', 'impact', 'cuts', 'biggest', 'latest', 'surrounding', 'fascist']"
i joined deadlinewhitehouse with nicolle wallace today to discuss donald trumps biggest political misstep injecting instability into the economy at a time when working americans are craving stability when every day brings a new headline a new tariff a new contradiction ,204,204_msnbc_death_approach_donald,"['msnbc', 'death', 'approach', 'donald', 'impact', 'cuts', 'biggest', 'latest', 'surrounding', 'fascist']"
watch death by a thousand cuts approach nicolle wallace on the impact of donald trumps tariff whiplash  ,204,204_msnbc_death_approach_donald,"['msnbc', 'death', 'approach', 'donald', 'impact', 'cuts', 'biggest', 'latest', 'surrounding', 'fascist']"
new york city falls in line with los angeles san francisco washington dc and las vegas as tourism collapses under trump tariff trade war and mass trip cancellations ,205,205_tourism_ruining_city_falls,"['tourism', 'ruining', 'city', 'falls', 'trip', 'dc', 'york', 'mass', 'industry', 'washington']"
"us tourism may in crisis this summer now new travel ban advisory  nokingsday protests against trump  and tariff trade war loom this june


trumpisunfitforoffice usj nokingsprotest nokingsinamerica noreformsnoelection",205,205_tourism_ruining_city_falls,"['tourism', 'ruining', 'city', 'falls', 'trip', 'dc', 'york', 'mass', 'industry', 'washington']"
    what is the estimated financial impact of trumps policies in terms of lost tourism tax increases and tariff costs to citizens,205,205_tourism_ruining_city_falls,"['tourism', 'ruining', 'city', 'falls', 'trip', 'dc', 'york', 'mass', 'industry', 'washington']"
the report notes deteriorating sentiment toward us assets due to consumer boycotts of us goods and a fall in inbound tourism after tariff announcements all weighing modestly on gdp,205,205_tourism_ruining_city_falls,"['tourism', 'ruining', 'city', 'falls', 'trip', 'dc', 'york', 'mass', 'industry', 'washington']"
" trump has also killed the tourist industry there are a lot less people visiting las vegas also attendance is way down at the disney parks in california and florida thanks to trump and his tariff war and the iranian war

trump is taking the usa back to  ",205,205_tourism_ruining_city_falls,"['tourism', 'ruining', 'city', 'falls', 'trip', 'dc', 'york', 'mass', 'industry', 'washington']"
" the tariff money will neutralize the necessary spendingrelax

trust trump",206,206_money_where_promises_question,"['money', 'where', 'promises', 'question', 'taxpayer', 'much', 'did', 'discussing', 'caving', 'questions']"
" thats not even the real question

how much is trump making from each of his day weekends at mal charging m a plate to have dinner  on  with him or m a plate in a group setting

m

and what are they discussing maybe tariff exemptions",206,206_money_where_promises_question,"['money', 'where', 'promises', 'question', 'taxpayer', 'much', 'did', 'discussing', 'caving', 'questions']"
"how odd trump said the tariff money is just pouring in we should have asked where its pouring into the laundry i suppose

",206,206_money_where_promises_question,"['money', 'where', 'promises', 'question', 'taxpayer', 'much', 'did', 'discussing', 'caving', 'questions']"
    the tariff money that trump keeps caving on,206,206_money_where_promises_question,"['money', 'where', 'promises', 'question', 'taxpayer', 'much', 'did', 'discussing', 'caving', 'questions']"
"trump learned nothing from  the amount of money raises questions about the strategy of imposing tariffs and permitting the use of taxpayer money to shield policymakers from the consequences of their actions according to the analysis  
",206,206_money_where_promises_question,"['money', 'where', 'promises', 'question', 'taxpayer', 'much', 'did', 'discussing', 'caving', 'questions']"
  importing iphone from chinaindia with tariff still will be cheaper than manufacturing in us,207,207_apple_phones_iphone_iphones,"['apple', 'phones', 'iphone', 'iphones', 'factory', 'financially', 'payments', 'impossible', 'made', 'manufacturing']"
 dumbest idea ever apple will eat the tariff reducing their income and tax payments to the federal government why no tariff on the google or motorola phones which are made in china it is financially impossible to bring the manufacturing to the us in the meantime our pension ,207,207_apple_phones_iphone_iphones,"['apple', 'phones', 'iphone', 'iphones', 'factory', 'financially', 'payments', 'impossible', 'made', 'manufacturing']"
"no way im just learning that  of iphones are actually manufactured and assembled in china 

a us company and theyll be paying the heavy tariff isnt that shooting oneself in the foot",207,207_apple_phones_iphone_iphones,"['apple', 'phones', 'iphone', 'iphones', 'factory', 'financially', 'payments', 'impossible', 'made', 'manufacturing']"
" nah im pretty sure the way this works is
 if apple ships a laptop from china i must pay the tariff at import
 if apple assembles a laptop in the us they have to pay tariff on goods coming from china on import",207,207_apple_phones_iphone_iphones,"['apple', 'phones', 'iphone', 'iphones', 'factory', 'financially', 'payments', 'impossible', 'made', 'manufacturing']"
"what apple has at stake in china

the iphonemaker just received some reprieve from tariffs but is still heavily reliant on the chinese manufacturing economy it helped build





tg minstechguru ustariff apple china iphones",207,207_apple_phones_iphone_iphones,"['apple', 'phones', 'iphone', 'iphones', 'factory', 'financially', 'payments', 'impossible', 'made', 'manufacturing']"
"retail sales mom
tuesday june     pm utc  

 us retail sales  mom may consumer spending slowed amid tariff fears yet beat expectations core sales fell  raising concerns for q gdp momentum  

event   
 continue  ",208,208_retail_sales_fell_purchases,"['retail', 'sales', 'fell', 'purchases', 'beat', 'vehicle', 'april', 'drop', 'pulling', 'rush']"
us retail sales drop for second month as tariff anxiety sets in  bloomberg ,208,208_retail_sales_fell_purchases,"['retail', 'sales', 'fell', 'purchases', 'beat', 'vehicle', 'april', 'drop', 'pulling', 'rush']"
 us retail sales fell last montn  people arent out shopping all the high numbers in the april was due to tarifffueled buying frenzy  wallets are closing,208,208_retail_sales_fell_purchases,"['retail', 'sales', 'fell', 'purchases', 'beat', 'vehicle', 'april', 'drop', 'pulling', 'rush']"
us retail sales fell  in may largely due to a drop in auto spending after a march surge which was boosted by consumers frontloading purchases over tariff concerns ,208,208_retail_sales_fell_purchases,"['retail', 'sales', 'fell', 'purchases', 'beat', 'vehicle', 'april', 'drop', 'pulling', 'rush']"
us retail sales dropped more than expected in may weighed down by a decline in motor vehicle purchases as a rush to beat potential tariffrelated price hikes ebbed but consumer spending remains supported by solid wage growth for now   retail landlord,208,208_retail_sales_fell_purchases,"['retail', 'sales', 'fell', 'purchases', 'beat', 'vehicle', 'april', 'drop', 'pulling', 'rush']"
"best video ive seen on president trumps tariff strategy and global trade history to date solid  on bretton woods the neoliberal order and our present predicament

",209,209_video_strategy_donaldtrump_present,"['video', 'strategy', 'donaldtrump', 'present', 'youtube', 'trumps', 'solid', 'challenge', 'upon', 'theory']"
trumps winning tariff strategy  youtube ,209,209_video_strategy_donaldtrump_present,"['video', 'strategy', 'donaldtrump', 'present', 'youtube', 'trumps', 'solid', 'challenge', 'upon', 'theory']"
 another theory could these tariff wars be a tactical masterpiece by trump and his team based upon the videos they have in their possession which allegedly have leaders in compromised situations,209,209_video_strategy_donaldtrump_present,"['video', 'strategy', 'donaldtrump', 'present', 'youtube', 'trumps', 'solid', 'challenge', 'upon', 'theory']"
"why president trumps tariff strategy is so important rumble video
",209,209_video_strategy_donaldtrump_present,"['video', 'strategy', 'donaldtrump', 'present', 'youtube', 'trumps', 'solid', 'challenge', 'upon', 'theory']"
"video lawrence odonnell destroys trumps tariff flipflop 
source nowthis  news ",209,209_video_strategy_donaldtrump_present,"['video', 'strategy', 'donaldtrump', 'present', 'youtube', 'trumps', 'solid', 'challenge', 'upon', 'theory']"
trump a question why should they china has a direct train line to iran to import oil trump you fucking twat have now fucked up all western countries economies and especially the usa your tariff agression of bullying china is over you are now fucked,210,210_iran_closing_strength_oil,"['iran', 'closing', 'strength', 'oil', 'china', 'fucked', 'nuclear', 'serious', 'forced', 'started']"
"china got trump from his balls 

trump calls on china to prevent iran from closing the strait of hormuz and disrupting global oil flows trump started a tariff war with china and is now begging them to stop iran",210,210_iran_closing_strength_oil,"['iran', 'closing', 'strength', 'oil', 'china', 'fucked', 'nuclear', 'serious', 'forced', 'started']"
trump and his groupies are trying so hard to paint the narrative of a monumental defeat against a great adversary iran was a handicap country with no serious army no nuclear weapons youre not bullies youre bites china disrespected your tariff so you focus on small fish,210,210_iran_closing_strength_oil,"['iran', 'closing', 'strength', 'oil', 'china', 'fucked', 'nuclear', 'serious', 'forced', 'started']"
"too right china and russia need to rise to challenge the evil colonisers china gave trump a drubbing with the tariff wars and
now must tray their f on isreal and its partners if they get involved in this iran iraq war",210,210_iran_closing_strength_oil,"['iran', 'closing', 'strength', 'oil', 'china', 'fucked', 'nuclear', 'serious', 'forced', 'started']"
 yes part  trump strength with reality to show that noone wins but we cannot let iran have nuclear iran cannot win show strength to get them to the table peace through strength china and russia joining complicates things add tariff debate put pressure on chinarussia,210,210_iran_closing_strength_oil,"['iran', 'closing', 'strength', 'oil', 'china', 'fucked', 'nuclear', 'serious', 'forced', 'started']"
" are you factoring in the big beautiful tariff taxes too

does trump always push fear to get his way  like with the covid scam",211,211_covid_pandemic_course_supported,"['covid', 'pandemic', 'course', 'supported', 'reckless', 'related', 'plus', 'times', 'cause', 'far']"
"of course he screwed up everything with covid last time so it has to suck again through the tariffs there is a reason he bankrupted  companies
trumps tariff fallout its worse than we previously thought says oecd donaldtrump china
",211,211_covid_pandemic_course_supported,"['covid', 'pandemic', 'course', 'supported', 'reckless', 'related', 'plus', 'times', 'cause', 'far']"
"   except bidens administration didnt cause the covid pandemic

however trumps administration did cause the tariff war",211,211_covid_pandemic_course_supported,"['covid', 'pandemic', 'course', 'supported', 'reckless', 'related', 'plus', 'times', 'cause', 'far']"
"completely not related to the current ongoing tariff war brought on by trump of course 

 million covid related deaths in us alone in direct response to trumps mismanagement and everyone seems to have forgotten and forgiven utterly unbelievable",211,211_covid_pandemic_course_supported,"['covid', 'pandemic', 'course', 'supported', 'reckless', 'related', 'plus', 'times', 'cause', 'far']"
 no  had this same feeling when trump mishandled covid he really fked up this one far worst than the blanket tariff,211,211_covid_pandemic_course_supported,"['covid', 'pandemic', 'course', 'supported', 'reckless', 'related', 'plus', 'times', 'cause', 'far']"
" is this trump derangement syndrom tariff derangement syndrom or both 

is tds the precursor to wmv like hiv is to aids",212,212_tds_suffering_suffer_chair,"['tds', 'suffering', 'suffer', 'chair', 'scott', 'presidents', 'weak', 'fed', 'bessent', 'many']"
  many have trump derangement syndrome they are the people who ignore his obvious flaws not the ones you think for example many australians were sitting in sizzlers restaurants in australia eating us beef when they found out that one of the reasons for the tariff on,212,212_tds_suffering_suffer_chair,"['tds', 'suffering', 'suffer', 'chair', 'scott', 'presidents', 'weak', 'fed', 'bessent', 'many']"
"oneonone with scott bessent tariff derangement syndrome elon musk feud and the royal family
aapl nvda tsla amc amzn btc slv

",212,212_tds_suffering_suffer_chair,"['tds', 'suffering', 'suffer', 'chair', 'scott', 'presidents', 'weak', 'fed', 'bessent', 'many']"
tariff derangement syndrome is just latest fearbased neurosis systems relies on to manipulate society it too is proven to be pure bunk reminds me of feeble weak man behind the curtain in wizard of oz the feeble and weak banksterselitescommies have only fear to control us,212,212_tds_suffering_suffer_chair,"['tds', 'suffering', 'suffer', 'chair', 'scott', 'presidents', 'weak', 'fed', 'bessent', 'many']"
today i learned about another type of tds thefive ,212,212_tds_suffering_suffer_chair,"['tds', 'suffering', 'suffer', 'chair', 'scott', 'presidents', 'weak', 'fed', 'bessent', 'many']"
us tariff hikes on small packages from china caused a  drop in shipments in may from a year ago with the value of small parcels falling to just over  billion ,213,213_de_small_exemption_shipments,"['de', 'small', 'exemption', 'shipments', 'exporters', 'spike', 'customs', 'value', 'came', 'last']"
"the value of small parcels sent from china to the us fell to just over  billion in may the least since early  according to customs data released friday the  plunge from the same month last year marks a sharp reversal for a booming trade route
",213,213_de_small_exemption_shipments,"['de', 'small', 'exemption', 'shipments', 'exporters', 'spike', 'customs', 'value', 'came', 'last']"
"us ends de minimis tariff exemption for china  severely impacts chinese sellers

the us ended a de minimis tariff exemption for packages from china and hong kong yesterday which allowed dutyfree entry for shipments of goods valued under  the socalled loophole was ",213,213_de_small_exemption_shipments,"['de', 'small', 'exemption', 'shipments', 'exporters', 'spike', 'customs', 'value', 'came', 'last']"
"us slashes de minimis tariff on small china parcels to as low as  
 
",213,213_de_small_exemption_shipments,"['de', 'small', 'exemption', 'shipments', 'exporters', 'spike', 'customs', 'value', 'came', 'last']"
"us tariff spike hits chinas small parcels squeezing exporters

tmrworld

",213,213_de_small_exemption_shipments,"['de', 'small', 'exemption', 'shipments', 'exporters', 'spike', 'customs', 'value', 'came', 'last']"
 grok doesnt have all the data and makes assumptions for instance it was assuming we were paying for incarcerated illegal alien criminals which for the most part we are not because they are being released also i dont think it is giving enough credence to trumps tariff,214,214_grok_trillion_estimated_largely,"['grok', 'trillion', 'estimated', 'largely', 'surprised', 'fully', 'loss', 'revenues', 'doesnt', 'elon']"
   wow lets see what grok says according to grok tariff revenues under trumps  policies estimated at  trillion over  could largely or fully mitigate the  trillion revenue loss from the obbbas tax cuts im surprised elon doesnt understand,214,214_grok_trillion_estimated_largely,"['grok', 'trillion', 'estimated', 'largely', 'surprised', 'fully', 'loss', 'revenues', 'doesnt', 'elon']"
"   i like grok for facts but dont know how it can be used for opeds  grok is soulless  anyway i asked grok what tariff rates were in the us during our first  years  i think this is a fairly straight up answer 

during americas first  years roughly from  to ",214,214_grok_trillion_estimated_largely,"['grok', 'trillion', 'estimated', 'largely', 'surprised', 'fully', 'loss', 'revenues', 'doesnt', 'elon']"
 i fact checked this claim heres what grok says tariff revenues under trumps  policies estimated at  trillion over  could largely or fully mitigate the  trillion revenue loss from the obbbas tax cuts im surprised elon doesnt understand,214,214_grok_trillion_estimated_largely,"['grok', 'trillion', 'estimated', 'largely', 'surprised', 'fully', 'loss', 'revenues', 'doesnt', 'elon']"
 according to grok tariff revenues under trumps  policies estimated at  trillion over  could largely or fully mitigate the  trillion revenue loss from the obbbas tax cuts im surprised elon doesnt understand trumps well publicized plan to cut,214,214_grok_trillion_estimated_largely,"['grok', 'trillion', 'estimated', 'largely', 'surprised', 'fully', 'loss', 'revenues', 'doesnt', 'elon']"
"record b tariff inflow helped ease the us budget deficit rate excisetaxes ustreasury china
",215,215_deficit_record_fiscal_gap,"['deficit', 'record', 'fiscal', 'gap', 'budget', 'gdp', 'youtube', 'hits', 'pressure', 'posts']"
"just in us posts b may deficit thirdlargest ever as month budget gap hits t despite record tariff revenue

fiscal pressure is rapidly mounting

read more 

news  markets  youtube ",215,215_deficit_record_fiscal_gap,"['deficit', 'record', 'fiscal', 'gap', 'budget', 'gdp', 'youtube', 'hits', 'pressure', 'posts']"
"us economy booms with b tariff surge but b deficit signals fiscal recklessness
inflation dips to  and gdp growth hits  yet rising debt and fed caution spark concern by  ",215,215_deficit_record_fiscal_gap,"['deficit', 'record', 'fiscal', 'gap', 'budget', 'gdp', 'youtube', 'hits', 'pressure', 'posts']"
"just in us posts b may deficit thirdlargest ever as month budget gap hits t despite record tariff revenue

fiscal pressure is rapidly mounting

read more 

news  markets  youtube ",215,215_deficit_record_fiscal_gap,"['deficit', 'record', 'fiscal', 'gap', 'budget', 'gdp', 'youtube', 'hits', 'pressure', 'posts']"
current acct  balance net remittance  world top tier us  tariff total trade uae lead export lbpusd  since q  end  inflation postcrisis best interbank loan rate  this yr  gdp  inflationcurrent acct deficit predict,215,215_deficit_record_fiscal_gap,"['deficit', 'record', 'fiscal', 'gap', 'budget', 'gdp', 'youtube', 'hits', 'pressure', 'posts']"
"fujhy
 japanese car giant deals blow to trump moves production out of us 
 via ",216,216_car_giant_japanese_moves,"['car', 'giant', 'japanese', 'moves', 'blow', 'massive', 'manufacturing', 'out', 'japan', 'build']"
"albo said trumps tariffs selfharm for america

hmm japanese car giant moves manufacturing out of us in tariff twist ",216,216_car_giant_japanese_moves,"['car', 'giant', 'japanese', 'moves', 'blow', 'massive', 'manufacturing', 'out', 'japan', 'build']"
massive blow to trump as japanese car giant subaru moves production out of us ,216,216_car_giant_japanese_moves,"['car', 'giant', 'japanese', 'moves', 'blow', 'massive', 'manufacturing', 'out', 'japan', 'build']"
"for subaru its cheaper to build and ship cars out of japan than deal with the political whiplash of us trade policy
this isnt exactly a win

",216,216_car_giant_japanese_moves,"['car', 'giant', 'japanese', 'moves', 'blow', 'massive', 'manufacturing', 'out', 'japan', 'build']"
"whatever you do do not bail out chevrolet or any other car company i can get a  ton toyota for  in japan make this happen in the us make them tax and tariff free we cant afford to get to work morons
",216,216_car_giant_japanese_moves,"['car', 'giant', 'japanese', 'moves', 'blow', 'massive', 'manufacturing', 'out', 'japan', 'build']"
trump extends  tariff deadline on eu to july ,217,217_deadline_july_european_june,"['deadline', 'july', 'european', 'june', 'union', 'extension', 'request', 'following', 'extending', 'agreed']"
"eu may soften tariff stance to woo trump before july  deadline



 the european union is weighing tariff concessions to strike a swift trade deal with the us ahead of donald trumps selfimposed july  deadline according to sources cited by the wall",217,217_deadline_july_european_june,"['deadline', 'july', 'european', 'june', 'union', 'extension', 'request', 'following', 'extending', 'agreed']"
"donald trump truth social   pm est

i received a call today from ursula von der leyen president of the european commission requesting an extension on the june st deadline on the  tariff with respect to trade and the european union i agreed to the extension ",217,217_deadline_july_european_june,"['deadline', 'july', 'european', 'june', 'union', 'extension', 'request', 'following', 'extending', 'agreed']"
" via 

president trump said he was extending the deadline to impose a  percent tariff on the european union to july  from june  following a request from ursula von der leyen",217,217_deadline_july_european_june,"['deadline', 'july', 'european', 'june', 'union', 'extension', 'request', 'following', 'extending', 'agreed']"
 trump shouldve said fk you gay europe the deadline is june st im raising the tariff by another  just because you asked for an extension,217,217_deadline_july_european_june,"['deadline', 'july', 'european', 'june', 'union', 'extension', 'request', 'following', 'extending', 'agreed']"
i think the worst of the tariff news is behind us trump caved now we can focus on the economy which is not in a good shape q amp q are affected by tariff related inventory stockpiling we may have to wait till lateq to really see where economy is headed,218,218_till_headlines_earnings_trading,"['till', 'headlines', 'earnings', 'trading', 'news', 'half', 'worst', 'see', 'behind', 'comes']"
" well trading volume has been about half of normal

until that picks up its going to just range around and do nothing much

i for one would be loading up but who knows

tariff boy may get us into a war soon ",218,218_till_headlines_earnings_trading,"['till', 'headlines', 'earnings', 'trading', 'news', 'half', 'worst', 'see', 'behind', 'comes']"
financial markets are totally shit when big players come its been half year since january we are  down in our portfolio just because of bullshit of tariff and wars when tariff got pause then war comes and when war pause tariff comes please stop it and let us make the money,218,218_till_headlines_earnings_trading,"['till', 'headlines', 'earnings', 'trading', 'news', 'half', 'worst', 'see', 'behind', 'comes']"
"another crazy day in the marketsdont try trading on tariff news it can go either way in seconds

i am mostly sitting this one out till the administration makes public the deals they are working on with other countriesthat should tell us how this is going to end",218,218_till_headlines_earnings_trading,"['till', 'headlines', 'earnings', 'trading', 'news', 'half', 'worst', 'see', 'behind', 'comes']"
my thoughts the biggest open question now is how much are margins cut i think the tariff trade is dead and thats what next week will show us its a prime time for grind the earnings tape people anyone here who does that,218,218_till_headlines_earnings_trading,"['till', 'headlines', 'earnings', 'trading', 'news', 'half', 'worst', 'see', 'behind', 'comes']"
is coming from canada see mexico took trump seriously amp put k troops on their side of borderamp have shut down a bunch of labs amp with k us troops on our side of border have border locked down u guys r doing squatampbet mexico will get tariff relief bu guys canada is becoming,219,219_mexico_canada_troops_tactic,"['mexico', 'canada', 'troops', 'tactic', 'usa', 'nice', 'guys', 'immediately', 'side', 'border']"
" president trump is a nice guy

but the ruling classes of mexico and canada are openly threatening the usa

president trump must put a  punitive tariff on both mexico and canada effective immediately

no more mr nice guy

dammit



nhpolitics",219,219_mexico_canada_troops_tactic,"['mexico', 'canada', 'troops', 'tactic', 'usa', 'nice', 'guys', 'immediately', 'side', 'border']"
congressman jake auchincloss usa canada europe trump mexico tariff  via ,219,219_mexico_canada_troops_tactic,"['mexico', 'canada', 'troops', 'tactic', 'usa', 'nice', 'guys', 'immediately', 'side', 'border']"
 trumps unhinged tariff policies that are arguably unconstitutional did show us that mexico is a better ally than canada because canada immediately retaliated against the usa while mexico waited out the storm ,219,219_mexico_canada_troops_tactic,"['mexico', 'canada', 'troops', 'tactic', 'usa', 'nice', 'guys', 'immediately', 'side', 'border']"
"  deal with canada and mexico was positive during his first term i do not have tds
tariff wars never work you say he entered one saying it is not a negotiating tactic but you really think it is a negotiating tactic countries are mad at us over it that is how wars go ",219,219_mexico_canada_troops_tactic,"['mexico', 'canada', 'troops', 'tactic', 'usa', 'nice', 'guys', 'immediately', 'side', 'border']"
 and like you said he wanted kamala in office who wouldnt put us in the tariff ms gaza situation that trumps doing rn,220,220_she_garbage_predicted_relations,"['she', 'garbage', 'predicted', 'relations', 'was', 'her', 'following', 'would', 'office', 'stuff']"
" meanwhile

this is the current vp sitting for an interview blaming biden for the trump tariff effect

yes his answer is garbage but if kamala had been visible like this while in office it may have gotten her the extra  she needed to win in 
",220,220_she_garbage_predicted_relations,"['she', 'garbage', 'predicted', 'relations', 'was', 'her', 'following', 'would', 'office', 'stuff']"
"     i said i would have considered him as a serious contender to give you context i didnt take kamala seriously

i voted for trump didnt mean i cared about his tariff policy specifically

seems you keep dragging other garbage into this because i dont disagree with you enough",220,220_she_garbage_predicted_relations,"['she', 'garbage', 'predicted', 'relations', 'was', 'her', 'following', 'would', 'office', 'stuff']"
"  you think kamala would ruin the relations between the us and canada go tariff for tariff with china for no apparent reason leave who dismantle the board of education ruin federal jobs does any of that sound like something kamala would do

you need to think nigga",220,220_she_garbage_predicted_relations,"['she', 'garbage', 'predicted', 'relations', 'was', 'her', 'following', 'would', 'office', 'stuff']"
"  i bet you also predicted kamala amp hilary would win too huh hmm

i can predict the future too the first tariff agreement will be announced in a week with many others quickly following china following by dec us will save billions amp dems will rant amp rave  about something new",220,220_she_garbage_predicted_relations,"['she', 'garbage', 'predicted', 'relations', 'was', 'her', 'following', 'would', 'office', 'stuff']"