Topic,Count,Name,Representation,Representative_Docs
-1,8629,-1_the_and_trump_to,"['the', 'and', 'trump', 'to', 'tariff', 'is', 'of', 'in', 'he', 'for']","['  dont forget tariff taxes increases the price then you have higher sales tax on top of that trump thought the world would bow before him instead they laughed china does not need us they know that  billion people on this planet only  million of them americans', '   talking points bro because the racist people didnt like obama and they bonded over the hate for him more racist sprung up even if thats true how is this even relatable to the economy and the tariff war going on now if he made america racist why all racist support trump', '  also boycott any nonus goods please try and not buy anything that isnt mainly made here i think it is time we backed trump up and helped him with this tariff war because he has been right so far and the us needs to win this after him promising no more income tax for the']"
0,1139,0_us_they_countries_pay,"['us', 'they', 'countries', 'pay', 'you', 'we', 'other', 'them', 'the', 'if']","['      no im talking  about countries that we pay import taxtariff and those countries do not pay import taxtariff to the us we have to start manufacturing in our own country and not buy anything but made in the usa that makes our economy grow', '  you have to be kidding do you have any idea how tariffs work tariff increase import price businesses will not eat the cost so pass it to consumers your consumers pay the extra you lose but the government collect the tax tariff from you countries allign with anyone but us', '  its like this they selling in the usa with no tariffs because we dont have any on their good so the american people are buying goods frm that country but when we sell good in the other countries they put a tariff on our goods making it to high for there people to buy us goods']"
1,600,1_china_chinese_chinas_us,"['china', 'chinese', 'chinas', 'us', 'goods', 'war', 'they', 'pay', 'the', 'is']","[' do chinas citizens pay chinas  tariff on us goods  \n\nif so why does china do that to their people', '  i am shocked by the perception of americans  you are jealous of china  there is nothing you can do against china the us will lose the tariff war the value of chinese exports to the us only accounts for  of chinas gdp we dont need the american market', '   i am shocked by the perception of americans  you are jealous of china  there is nothing you can do against china the us will lose the tariff war the value of chinese exports to the us only accounts for  of chinas gdp we dont need the american market']"
2,538,2_sampp_stock_stocks_nasdaq,"['sampp', 'stock', 'stocks', 'nasdaq', 'market', 'futures', 'markets', 'points', 'investors', 'rally']","['futures for the dow jones industrial average jumped  points or  sampp  futures leapt  and nasdaq futures surged \ndow futures and the dollar surge as wall street cheers uschina tariff talks \n', 'trend watch\n\nstock futures rocket higher on trumps tariff exemptions for tech \nsampp  up  \nnasdaq surges  \n\nbig earnings week ahead \n\nstockmarket investing sp nasdaq dowjones', 'stock market today dow sampp  nasdaq fall as trump tariff threats roar back us deficit anxiety deepens ']"
3,460,3_china_chinese_additional_trump,"['china', 'chinese', 'additional', 'trump', 'war', 'he', 'on', 'xi', 'chinas', 'his']","[' also trump groveling to china as he got pummelled by the chinese after launching his tariff war', ' no trump retreated on his  china tariff ', 'prez trump just announced he will impose an additional  tariff on china if it does not withdraw its retaliatory  tariff by tomorrow this will bring tariffs on chinese goods to about  good on trump hes not allowing the chinese to intimidate him']"
4,421,4_india_pakistan_ustariff_indian,"['india', 'pakistan', 'ustariff', 'indian', 'trumptariff', 'impact', 'ceasefire', 'deal', 'tradewar', 'trade']","['     kashmir does not belong to india india is illegally occupying kaahmir if trump thinks that india will fight china then he is wrong india will never fight china india is just using america and trump its the tariff king remember ', 'this is a clear message to hindutuva  rascals  \n \n\nindia is no superpower without usas mercy india is nothing \nus higher tariff will burn \n\nit was indian muslims who invented nukes for india hindutuvarascals\n\ntiktok ', 'the us will charge  tariff on india  says \n\nustariff reciprocaltariffs india us trump ']"
5,344,5_produced_outside_foreign_industry,"['produced', 'outside', 'foreign', 'industry', 'announces', 'president', 'all', 'on', 'imported', 'into']","['trump announces  tariff on movies produced outside us ', 'just in  president trump announces  tariff on movies produced outside the united states ', 'president trump says he will implement  tariffs on films produced outside the us the movie industry in america is dying\n\ntrump has said he is authorising a  tariff on any and all movies produced in foreign lands\n']"
6,290,6_inflation_cpi_fed_expected,"['inflation', 'cpi', 'fed', 'expected', 'prices', 'rates', 'core', 'impact', 'rate', 'low']","['  has trumps tariffs shrunk us economy and has inflation risen due to tariffs', '  thats not true at all his tariff policies are expected to raise inflation later this year\n\nif you look at this graph inflation has been going down at the same rate since biden signed the inflation reduction act that means trump never caused the low inflation rate biden did ', 'may  inflation shocker  cpi up just  defying fears of trumps tariffs spiking prices gas amp cars drop offsetting toy amp appliance hikes is the economy dodging the tariff bullet inflation tariffs news\n\n']"
7,239,7_walmart_eat_prices_price,"['walmart', 'eat', 'prices', 'price', 'target', 'absorb', 'costs', 'retailers', 'raise', 'increases']","['trump also claims that walmart should eat the tariffs and not raise costs on foreign products\n\ndo you see the contradiction\n\nif walmart eats the cost of the tariff which trump thinks is not a tax on walmart the american people will have no incentive to purchase american', 'walmart eats trumptariff price increases\n\nwalmart makes lower profits\n\nwalmart stock goes down\n\nstockholders lose money\n\nwalmart lays off workers\n\nwho pays for trumptariffs\n\namerican consumers\n\ntrump lies again\nmaga trump ', '  its not price gouging its a tariff you daft cow if walmart pay more you pay more  its not difficult to understand if walmart doesnt make profit there is no walmart no walmart no tax on profits  no tax  no government money to spend on trump birthday parade and golf days']"
8,202,8_canada_canadians_canadian_canadas,"['canada', 'canadians', 'canadian', 'canadas', 'liberals', 'you', 'election', 'he', 'trump', 'with']","[' trump another  tariff on canada', '  you think canada is the bully in this trump is a fucking laura canada has absolutely zero tariff that reaches  and the  tariff is triggered if us exceeds their allotted export in essence the get to move products into canada free of tariff until they exceed agreed amount', ' canada carneytrudeau destroy the economy blame trump preexisting tariffs\n\ntrump reciprocal tariffs\n\ncanada elbows up trump bad empose more tariffs that cost canadian taxpayers  \n\ntrump get rid of the tariffs or you will suffer \n\ncanada boos their anthem']"
9,199,9_carney_mark_canada_carbon,"['carney', 'mark', 'canada', 'carbon', 'he', 'canadians', 'pm', 'election', 'canadian', 'liberal']","[' you mean trump is showing canadians and americans how to handle carney   it is carney who reacted to trumps tariff threat and gave up on the dst   now carney needs to ditch canadas supply management system which rewards rich canadian dairy farmers', 'trump ruins carney  did danielle smith know it was coming \n\n \n\ndigitalservices cdnpoli markcarney trumptariff elbowsup', 'ok carney is doing retaliatory tariffs on the us but what is carney doing about chinas tariffs on our farmers and fishermen when is carney going to announce elbows up on china when is carney going to announce a protest against china when is canada going to tariff china if ']"
10,197,10_japan_japanese_talks_cars,"['japan', 'japanese', 'talks', 'cars', 'meeting', 'minister', 'auto', 'negotiations', 'defense', 'us']","['japan trade negotiator akazawa says he made progress in us tariff talks\n\nnews  news  tokyo japan donaldtrump  trump ', 'trump enrages key ally japan  as china unveils game changer \n\njapan scraps upcoming  us security meeting\njapan  reciprocal tariff\nnew china threat  the ssuav drone carrier\n\n via \ntrump china japan nato defensespending tariffs drones', 'japan says us tariff talks to accelerate']"
11,191,11_powell_rates_fed_jerome,"['powell', 'rates', 'fed', 'jerome', 'chair', 'inflation', 'steady', 'interest', 'uncertainty', 'rate']","[' if trump would end his stupid tariff wars powell would cut rates powell acting for political reasons trump appointed powell genius', '  if your taking bets in a political confrontation between trump and powell my money is on powell\n\npowell choices during the tariff panic were fascinating', 'partisan move by powell who to help biden win election\nlowered rateswhy does usa have highest rates in the world \n\njerome powell to americans \ndrop dead\n\npowell pushes back on trump says tariff uncertainty justifies holding rates steady ']"
12,189,12_uk_deal_british_cars,"['uk', 'deal', 'british', 'cars', 'trade', 'surplus', 'exports', 'with', 'goods', 'usuk']","['the unspoken part of trumps tariff deal with uk', '  uk deal does not benefit us  what do you buy from uk that a tariff  will make it unaffordable  and we are worse off after the deal', 'trade trumpstarmer tariff deal  us duties on uk cars drop to  us tariffs eliminated on uk steel\n\n impact uk gets tariff relief ups quota on tarifffree imports of us beef and ethanol\n if you import uk goods review classification eligibility for reduced tariffs']"
13,181,13_canada_canadian_canadians_we,"['canada', 'canadian', 'canadians', 'we', 'our', 'us', 'you', 'dont', 'products', 'them']","[' canada sell usa  of there products to us reciprocal tariff were crippled canada', '   what is the us tariff on imports from canada', '  they tariff us goods and make them too expensive so canadians buy his made in canada  we dont have high tariffs on canadian goods and they are sold here\n\nthats a subsidy']"
14,180,14_steel_aluminum_double_announced,"['steel', 'aluminum', 'double', 'announced', 'tons', 'imported', 'increase', 'president', 'rally', 'friday']","['trump announced that he is doubling steel tariff to  ', 'terence corcoran a guide to the trumpcanada steel tariff war ', 'colorado springs steel company welcomes trumps  tariff on steel and aluminum \nsource denver news kmgh ']"
15,179,15_court_ruling_authority_courts,"['court', 'ruling', 'authority', 'courts', 'international', 'judges', 'federal', 'supreme', 'legal', 'emergency']","['and trump just appealed to the circuit court but the tariff are still null ', 'trump can appeal the tariff ruling in the us court of international trade to the us court of appeals for the federal circuit ', '  federal court restores president trumps tariff authority overrules the trade court ruling while the lawsuit continues\n\nanother legal win today\n']"
16,171,16_policy_trump_man_trumps,"['policy', 'trump', 'man', 'trumps', 'donald', 'tariff', 'plan', 'via', 'strategy', 'one']","[' donald trump  tariff man ', ' trumps tariff policy ', 'david brooks on trumps tariff policy ']"
17,168,17_quota_canada_never_usmca,"['quota', 'canada', 'never', 'usmca', 'products', 'farmers', 'has', 'been', 'canadian', 'amount']","[' canada is not actually charging us farmers a  tariff under the revised nafta we negotiated with president trump we increased the quota on the volume of milk american producers can sell in canada only if they exceed that quota does the tariff kick in that has not', '  what tariffs  the usmca is  free trade  there are quota tariffs to avoid dumping on things like dairy but the us has never come close to the quota  so no us dairy coming into canada is subject to a tariff  just the facts', ' dear sir i was listening to your comment re cdn dairy tariffs the  tariff was agreed to by pres trump in usmca he called it best trade agreement ever but only kicks in after a high quota below quota no tariff us producers have never reached quota so never paid tariff']"
18,162,18_bitcoin_crypto_btc_markets,"['bitcoin', 'crypto', 'btc', 'markets', 'volatility', 'market', 'news', 'trumptariff', 'price', 'july']","['crypto carnage m wiped out posttrump tariff bombshell as btc eth sol spiral\n', 'bitcoin crashes to k \ntrumps new tariff policies are shaking the crypto market investors fear global economic impacts will btc bounce back  \nbitcoin crypto trump tariffs', 'crypto bulls lose m as bitcoin hovers around k after trumps tariff threats bitcoin crypto donaldtrump markets\n']"
19,151,19_trumptariff_trumprecession_ustariff_trumptariffs,"['trumptariff', 'trumprecession', 'ustariff', 'trumptariffs', 'trumpmarketcrash', 'your', 'winning', 'thank', 'trumpisunfitforoffice', 'thanks']","['trumptariff how they calculated it\n\n', 'trump\n\ntrump trumptarrifs trumptariff ', 'm a l a y s i a n p e r s p e c t i v e trumptariff']"
20,147,20_australia_beef_surplus_agreement,"['australia', 'beef', 'surplus', 'agreement', 'we', 'exports', 'trade', 'goods', 'free', 'us']","['australia eu trade deal negotiations trump tariffs insurance\naustralia and the eu are poised to negotiate a trade deal as insurance against trumps tariff war\n ', '   australia buy more from the us then the us buy from australia and they have zero tariffs on the us\nthere is absolutely no reason to put a general tariff of  on australia based on what it doesnt make any sense whatsoever', ' trump is an inconsistent hypocrite hits australia  with  tariffs when  we do not tariff us goods worse the us has a massive trade deficit with australia so get in the bin trumptariff']"
21,144,21_amp_be_jobs_there,"['amp', 'be', 'jobs', 'there', 'will', 'his', 'maga', 'to', 'no', 'all']","['  is not a tariff numbern amp that is very frightening for trump', ' amp trump is there for some photo ops amp talk tariff', 'how long is  going to allow  amp his neocon cabal to hijack foreign policy amp lead us closer to economic ruin amp wwiii with his deranged sanctionstariff bill amp his collusion with banderite terrorists']"
22,143,22_maga_magas_you_voted,"['maga', 'magas', 'you', 'voted', 'biden', 'education', 'knees', 'for', 'of', 'about']","[' cheaper bbqs for america is great \ntrump knows what hes doing \ntrump will win the tariff war\nnot what you dont understand \nmaga baby maga ', 'maga love tariffs idiots\n\ntariff tariffs taxes trump maga trumptariff trumpeconomy politics politicalcomedy politicalsatire politicalhumor ', '  despot maga sons and daughters will die you voted for a war president  right maga  you voted for higher gas prices right maga  higher grocery prices right maga  you voted to pay for trumps tariff war  right maga']"
23,141,23_manufacturing_jobs_job_bring,"['manufacturing', 'jobs', 'job', 'bring', 'back', 'labor', 'workers', 'bringing', 'uncertainty', 'american']","['  bill clinton outsourced us jobs and manufacturing to china trump is bringing american jobs back with protectionist tariff policy desantis you mean the guy who lost iowa in the most embarrasing election thwomp of all time hes never making a comeback alienated too much of the ', ' but if the reported trump tariff deals go through how will we fund the government after eliminating the income tax how will we bring back manufacturing jobs come to think of it if we bring back jobs wont that be less revenue from tariffs', 'manufacturing jobs are never coming back ']"
24,131,24_apple_iphones_threatens_iphone,"['apple', 'iphones', 'threatens', 'iphone', 'phones', 'threat', 'made', 'manufactured', 'threatened', 'trump']","['trumps economic advisor hassett says no intent to harm apple with iphone tariffs trumps advisor hassett says the us doesnt want to harm apple with iphone tariffs\ntrump threatened to impose a  tariff on apple for iphones made outside the us\napple had earlier reported ', 'trump tariffs apple\n\n', 'trump threatens amp tariffs on apple unless iphones are made in the us ']"
25,127,25_auto_car_cars_parts,"['auto', 'car', 'cars', 'parts', 'vehicles', 'ford', 'vehicle', 'manufacturers', 'automotive', 'production']","['   for this scheme to work  the country would have to do what president trump is doing impose tariffs on all auto imports immediately resulting in raising car prices by same tariff  less competitive us car manufacturers and poorer quality cars  this isnot sustainable in usa', ' we wont buy your cars other companies are supporting the us customer base they have auto plants in your country  what do you think the auto pac was about we have a  tariff on canola by china because we protected the us market with a   tariff on their cars', 'trump expected to ease auto tariffs\n\nwsj reports trump will announce changes to auto tariffs at a michigan rally wednesday\n\ncompanies hit with a  tariff on imported cars this month may receive partial refunds\n\nnew  tariff on auto parts starts may  but us manufacturers']"
26,126,26_vietnam_golf_goods_their,"['vietnam', 'golf', 'goods', 'their', 'us', 'rate', 'china', 'proposal', 'asian', 'trade']","[' country a  no tariff for vietnam\n\ncountry b the us  tariff for vietnam\n\nwho is vietnam going to trade with the country that puts a tariff on their exports or the country that does not\n\namerica does not have all the cards with regards world trade', 'in a breathtakingly short period of time donald trump has not only found his vietnam he has found several\n\nthe tariff vietnam \nthe ice gestapo vietnam \nthe big beautiful bill vietnam\nand the iran vietnam', ' vietnam does not have a  tariff on the us']"
27,116,27_amazon_costs_showing_called,"['amazon', 'costs', 'showing', 'called', 'political', 'cost', 'white', 'upset', 'show', 'house']","['time to not buy amazon anymore \n\nread amazon says it wont display tariff costs it still exploded into a political fight on smartnews ', 'do you side with president trump or jeff bezos\n\namazon says theyre labelling tariff pricehikes on foreign productsputting china first\n\namazon should proudly display a madeinamerica  sticker on all great american products \n  ', ' trump cheers bezos amid amazon tariff row\n']"
28,115,28_uschina_talks_london_trade,"['uschina', 'talks', 'london', 'trade', 'tensions', 'truce', 'deal', 'amid', 'agreement', 'disputes']","['uschina tariff talks in focus\n', '  up a little with the tariff talks between uschina resuming', 'before the uschina tariff truce fund managers were bracing for a us economic downturnnow markets are recalibrating\ntariffs uschina economy fundmanagers marketoutlook\n\n ']"
29,110,29_interest_rates_fed_rate,"['interest', 'rates', 'fed', 'rate', 'cut', 'cuts', 'inflation', 'reserve', 'risks', 'lower']","['  thats moronic and trump would tell you the same thing if anything he wants the fed to cut interest rates but the tariff rollout was so chaotic it started increasing interest rates on treasury bonds so trump was forced to back down  as he admitted', 'in the end trumps tariffs are a problem the fed will cut interest rates quickly only when trumps tariff risks disappear however trump is only asking the fed to cut interest rates without resolving his tariff risks\ntrump tariff fed fomc', 'interest rate cut tipped despite trump tariff backdown ']"
30,110,30_taco_tacotrump_his_out,"['taco', 'tacotrump', 'his', 'out', 'he', 'but', 'trump', 'theory', 'don', 'no']","[' its like a contest between starmer  and taco trump with his tariff uturns', 'taco jibe stings trump over tariff flipflops  vantage with palki sharma  ng  ', ' trump u taco tariff tosser']"
31,108,31_eu_european_europe_union,"['eu', 'european', 'europe', 'union', 'threat', 'june', 'talks', 'starting', 'donald', 'trade']","['talks going nowheretrump fumes at eu trade talks calls for  tariffs oneuropeangoods\nus president donald trump has issued a fiery threat to the european unionwarning of a  tariff on all eu goods sold in the usa    \n', 'trump announces pc tariffs on eu\n\nus president donald trump has said he wants to impose a pc tariff on the european union starting from june ', 'trump recommending a  tariff on the eu ']"
32,104,32_eu_europe_european_union,"['eu', 'europe', 'european', 'union', 'goods', 'billion', 'worth', 'us', 'accept', 'agrees']","['breaking european union agrees to impose tariffs on  billion worth of us imports ', ' eu tariff deal with the us', '   eu is talking about taking  billion from european citizens accounts and  billion a year there after \n\nthe eu is charging a  tariff on imported us goods then theres a value added tax like  in germany  us had a  tariff on\n\nthe eu takes your money for what']"
33,103,33_israel_gaza_ukraine_iran,"['israel', 'gaza', 'ukraine', 'iran', 'war', 'russia', 'second', 'they', 'support', 'failed']","['i wonder what trumps tariff is for israel\ndont you\ni wouldnt be surprised to find out that he was taking the billions from all the tariffs and giving it to israel', ' yes and israel was charging us tariffs even though we were paying them billions lets make israel pay too', ' israel was first in  tariff to us']"
34,92,34_put_gonna_should_trump,"['put', 'gonna', 'should', 'trump', 'maybe', 'them', 'get', 'will', 'yes', 'tariff']","['   trump will put a tariff on that', 'will all those people still waiting for their  trump gold sneakers get hit with the  tariff  \njust kidding trump was always gonna just screw them out of their money', ' maybe trump should put a tariff on it']"
35,89,35_lying_lies_lie_lied,"['lying', 'lies', 'lie', 'lied', 'he', 'liar', 'about', 'truth', 'you', 'voters']","['most shameless liar on record a narcissist who fabricates lies on the go  \n mexico shall pay for the wall  a lie \n china shall pay the tariffs  a fat lie\n tariff is a tax on consumers  yes  correct despite the horrendous lies peddled by trump  ', ' we cant believe a fucking word trump says all he does is lie  tariff deals lies talking to ji also lies trump is a degenerate liar ', ' why  trump said the other countries pay thw tariff  who is lying']"
36,89,36_billion_revenue_collected_generated,"['billion', 'revenue', 'collected', 'generated', 'revenues', 'announces', 'record', 'wow', 'april', 'government']","['wow trump announces a massive  billion in tariff revenue  ', '  trumps tariff revenue has already topped  billion in may video \n\nduties generated  billion in revenue for the us in april and may after president trump imposed new tariffs on steel aluminum cars and goods from china mexico and canada\n\n', 'trump tariffs rake in record  billion in revenue ']"
37,86,37_musk_elon_tesla_elonmusk,"['musk', 'elon', 'tesla', 'elonmusk', 'trumps', 'trump', 'maga', 'corrupt', 'beautiful', 'white']","['  and  is it true that trump and musk are splitting over tariff policies', ' trump is frantically googling how to tariff elon musk', 'musk calls trumps tariff architect dumber than a sack of bricks']"
38,83,38_elon_tesla_doge_he,"['elon', 'tesla', 'doge', 'he', 'trump', 'his', 'and', 'bill', 'with', 'vs']","[' time for trump to put a tariff on elon at all  ', ' \nits elon drama as usual  nobody asked elon to support the trump campaign and no one asked elon to work at doge well he did it thats great  elon was like a puppy following trump everywhere but  i do agree with elon on tariff and big bill  elon is a grownup', 'elon on president trumps tariffs ']"
39,82,39_farmers_agriculture_farm_john,"['farmers', 'agriculture', 'farm', 'john', 'food', 'term', 'their', 'out', 'first', 'family']","['in the face of federal tax hikes  is standing with pa farmers\n\nim not sure why the trump admin is looking to screw over our farmers\n\n amid trump tariff uncertainty shapiro tells farmers we have their backs gt\n', ' one of thousands of examples of farmers that will be directly damaged by the trump tariff tax on farmers', 'no tariff carveout for farmers  the atlantic ']"
40,81,40_debt_trillion_revenue_cuts,"['debt', 'trillion', 'revenue', 'cuts', 'trillions', 'national', 'deficit', 'interest', 'spending', 'billion']","['  is it   they have a trillion dollar surplus per year  with no debt   what do you think the tariff war was about  us has a  trillion debt and no surplus go do some maths', 'i thought trump was going to use the tariff money to pay down the national debt \n\nhe has to pay for his  republican tax cut\n\nthe republican tax bill will drive up the national debt\n\nhe cannot reduce the national debt and eliminate federal income tax', ' the budget is not balanced why are we increasing debt to give tax cuts reduce the debt by saying no to tax cuts dont forget we are all paying trumptariff taxes now']"
41,74,41_prices_price_increase_increases,"['prices', 'price', 'increase', 'increases', 'consumer', 'passed', 'consumers', 'raise', 'cost', 'because']","[' now youre lucky because you have a bunch of increase in tariffs yes and a small increase in prices yes but you also have donald trump who is a businessman and negotiation genius who will still be making tariff revenue while offsetting the prices of the tariffs', '  only demonrats have been driving up expenses\n\nthat makes no sense\n\nincrease tariffs on food items   increase prices   paying more money at the register\n\nnothing to do with dems trump tariff increases are the sole reason for price increase ', ' not the full story that b is passed on to american consumers in higher prices we expected high prices for all consumer goods because of trump dumb tariff wars']"
42,73,42_article_read_cry_link,"['article', 'read', 'cry', 'link', 'lol', 'story', 'huh', 'post', 'oh', 'harder']","['link to article in   ', ' i just read the article the title and content dont even match ', '  here you go   todays article  you might want to take the time to read it \n\n']"
43,70,43_july_deadline_pause_ends,"['july', 'deadline', 'pause', 'ends', 'extend', 'offers', 'wednesday', 'date', 'best', 'th']","['trump says hes not planning to extend july  deadline for trade deals ', 'breaking\n\ntrump on july  tariff pause deadline\n\ni dont think i need to extend it  but could\n\nexpect volatility for crypto amp xrp ', 'breaking \n\npresident trump comments on his july th deadline for the day tariff pause\n\ni dont think i need to extend it but could']"
44,69,44_she_her_women_boy,"['she', 'her', 'women', 'boy', 'spread', 'company', 'look', 'effects', 'sharing', 'our']","[' one day lady us will wake up and realize that she has pushed eveyone away with her tantrum that leads her to sanctioning neighbour n throwing tariff increases\nshe will find herself alone n broke\nmark my word mr white genocide', ' is a separatist she wants your cpp she wants her own independent police force and she intentionally lit the flames of separatism \nthen lies as she helps trump by putting product back on the shelves amp refusing to tariff oampg \n\nshe is a liar', '  she would have to pay the  tariff trump put on china  to get her liquid spread here']"
45,69,45_bond_bonds_yields_market,"['bond', 'bonds', 'yields', 'market', 'debt', 'yield', 'treasury', 'selloff', 'investors', 'crisis']","['us y treasury yields hit  after tariff fears sparked a bond selloff higher yields raise borrowing costs pressuring stocks esp tech crypto faces outflows as capital shifts to safer bonds but btc may rally if fiat trust erodes  markets bonds', 'trump dodged a disaster from the bond market but the damage isnt over yet\n\nthe serious folks dont follow the stock market they follow the bond market\n\npresident donald trumps stunning tariff pivot wednesday followed massive tumult in the  trillion global bond market ', 'wrote about the us bond market earlier this month  bonds treasuries']"
46,67,46_dollar_usd_since_worst,"['dollar', 'usd', 'since', 'worst', 'threats', 'currency', 'continued', 'has', 'backed', 'lowest']","['the dollar has its worst start to a year since  it has continued to slide even as president trump has backed down from his tariff threats and the us stock market has recovered from its losses ', 'the dollar has its worst start to a year since \nit has continued to slide even as president trump has backed down from his tariff threats and the us stock market has recovered from its losses ', 'the dollar has its worst start to a year since \n\nit has continued to slide even as president trump has backed down from his tariff threats and the us stock market has recovered from its losses\n\n ']"
47,67,47_insider_trading_stock_inside,"['insider', 'trading', 'stock', 'inside', 'insiders', 'manipulation', 'announcement', 'announcements', 'fox', 'info']","['trump should be arrested or at the very least investigated\n tariff ok only  \n trumptariffs ok delay those\n\nflip flopall the while giving inside information to his buddies to make billions in huge stock swings \npelosi has nothing on trump \nfor insider trading ', ' trump should be arrested or at the very least investigated\n tariff ok only  \n trumptariffs ok delay those\n\nflip flopall the while giving inside information to his buddies to make billions in huge stock swings \npelosi has nothing on trump \nfor insider trading ', ' trump should be arrested or at the very least investigated\n tariff ok only  \n trumptariffs ok delay those\n\nflip flopall the while giving inside information to his buddies to make billions in huge stock swings \npelosi has nothing on trump \nfor insider trading ']"
48,66,48_penguins_island_heard_population,"['penguins', 'island', 'heard', 'population', 'put', 'slapped', 'known', 'trumptariff', 'figure', 'on']","['  oh so china could trade with the penguins and not have to pay a tariff if the penguins traded it to us ', ' \n trump imposed a  percent tariff on heard island and mcdonald islands which have zero populations and are inhabited only by penguins and scientific research teams\n\n\ntrump this tariff is part of a plan to make penguins pay for their national security ', 'trumptariff  on  penguins  what ']"
49,66,49_india_apple_iphones_iphone,"['india', 'apple', 'iphones', 'iphone', 'apples', 'production', 'shifts', 'move', 'made', 'moving']","['trump to apple make iphones in us or face  per cent tariff\n\n\n\ntrump tariffs apple trumptariff timcook india usa iphone', 'despite trumps  tariff made in india iphones will still be cheaper in the us gtri\n\niphone madeinindia trumptariff apple ', 'made in india iphones will still be cheaper in us even with trumps  tariff gtri report\n\niphone trumptariff apple ']"
50,66,50_tax_taxes_income_history,"['tax', 'taxes', 'income', 'history', 'revenue', 'americans', 'trump', 'yall', 'rich', 'new']","[' nope however we workingclass americans will be eating trump tax tariffs that would be close to this percentage of our income income tax  tariff tax if trump does not negotiate', ' the trump tariff tax', ' how do those relate to tariffs and income tax  trump didnt advocate for any of those  his point is that tariffbased revenue is better than income taxes']"
51,65,51_fentanyl_stop_drug_border,"['fentanyl', 'stop', 'drug', 'border', 'existing', 'china', 'baseline', 'they', 'sending', 'incentive']","[' if fentanyl is only uss problem why china is making stop cooperation with us on fentanyl as one of its  counter measures when us announced its tariff policy on april  ', ' in trump found out the fentanyl drug trafficking are coming from china so trump and xi had an agreement to curb the fentanyl trafficking but china failed to do  trump impose  tariff on china products coming into us', ' so the chinese government is making money off of illegal fentanyl coming to the us\ntariff the fentanyl']"
52,64,52_gold_dollar_asset_usd,"['gold', 'dollar', 'asset', 'usd', 'bitcoin', 'stable', 'reserve', 'investors', 'as', 'trumptariff']","['dtr dtref gold amp rareearths\nnews is coming \n \n\n \n ', 'historical gold cycles gold safehaven ustariff china india equity ', 'gold price today news federal court blocks trumps reciprocal tariffs gold down goldpricetodaynews trumptariff courttariff preciousmetals gold silver bullion goldsilvernews trump ustariff reciprocaltariffs  ']"
53,64,53_nifty_stockmarket_trumptariff_indian,"['nifty', 'stockmarket', 'trumptariff', 'indian', 'stockmarketcrash', 'india', 'ustariff', 'investing', 'tarrif', 'delayed']","['its nifty expiry day apr  brace for chaos us markets overnight nasdaq shines dow slips amid tariff jitters will nifty hold key levels or crack under pressure nifty stockmarket', 'nifty it hits a roadblock\n\nniftyit stockmarket trumptariff mphasis coforge indianstocks growthconcerns techsector marketupdate investing financenews indianeconomy tariffimpact businessnews ', 'nifty surged by  points today meanwhile\ncall options buyers\n\nmemes tradingmemes donaldtrump ustariff nifty banknifty zerodha streak nifty  stockmarketsindia stockmarket ']"
54,61,54_drug_pharma_prices_companies,"['drug', 'pharma', 'prices', 'companies', 'exceptions', 'warn', 'threat', 'skyrocket', 'experts', 'big']","['roche answering tariff threat pledges b to us drug production  via ', ' pretty soon trump will announce that the us will no longer allow drug companies to charge more often many times more for the same drug in the us than in other countries  that will more than make up for the tariff costs', 'southeast asias pharma market will hit usb by  through delex bncm has firstmovers access to hospitals epharmacies amp  mercury drug outletswhile hims amp oscr chase saturated us telehealthmacrogrowth zeus ']"
55,61,55_he_him_hes_his,"['he', 'him', 'hes', 'his', 'hate', 'rest', 'pain', 'shit', 'making', 'himself']","[' if thats the case hes making the argument that countries that dont like his tariff bullshit or the fact us has nukes can in fact make threats against him and the us to get what they want his patience isnt required when its an illegal act of war by israpel', '                                                 yes but hes the uss traitorous criminal idiot\n\nthe rest of us are laughing at him\n\nlike how he just claimed he got a good trade deal with china only its  worse than before his tariff tantrum and his supporters are saying its better because they fear calling him out', ' details of who would go and how and where they would live are murky\n\nhe did this in the us first amp we let him now hes just exporting that shit maybe someone should tariff him or grimly the people theyre trafficking']"
56,61,56_digital_canada_services_talks,"['digital', 'canada', 'services', 'talks', 'tax', 'tech', 'optimism', 'canadian', 'canadas', 'over']","[' due canadas impending digital services tax on us technology companies he announced that the us will communicate the new tariff rate that canada will face for doing business with the united states within the next seven days tariffs on canada may double ', ' president trump recentlyhalted all trade talks with canada citing canadas impending digital services tax on us technology companies he announced that the us will communicate the new tariff rate that canada will face for doing business w the us within the next seven days', 'trump ends us trade talks with canada over digital tax\ntrumptariff cdnecon cdnpoli canada carney \n ']"
57,61,57_iran_weeks_nuclear_two,"['iran', 'weeks', 'nuclear', 'two', 'july', 'deals', 'days', 'th', 'debacle', 'pause']","[' ror you charge us great tariff we no herp you in iran', 'an iran deal in two weeks hard to achieve even if trump really wants one  there will be no iran deal in  weeks just like there will be no  tariff deals in  days not with trump not with anybody ever', 'most of the iranisrael war will cool down in the next  to  days \nits all about the trump pressurising for the nuclear deal with the iran \nand maybe the iran public will do\n  in iran \nin upcoming days we can see trade tariff deals with usa and india \niranisraelwar']"
58,60,58_smartnews_republic_angry_fox,"['smartnews', 'republic', 'angry', 'fox', 'read', 'scam', 'fiasco', 'walmart', 'new', 'desperate']","['trumps angry walmart tirade backfires wrecking his own tariff scam  the new republic smartnews  ', 'read trumps angry walmart tirade backfires wrecking his own tariff scam on smartnews  smartnews', 'read trumps angry walmart tirade backfires wrecking his own tariff scam on smartnews  smartnews']"
59,60,59_congress_act_power_authority,"['congress', 'act', 'power', 'authority', 'constitution', 'section', 'powers', 'expansion', 'law', 'executive']","[' except youre ignoring the\n\ntariff act of  \nreciprocal trade agreement act of  \ntrade expansion act of  \ntrade act of  \nand ieepa of   \n\ncongress gave potus incredible tariff powers trumps just using them', ' reciprocal trade agreements act  congress delegated tariff authority to pres to negotiate trade agreements imposes tariffs\n\ncongress creates legislation like usmexicocanada agreement usmca \nnot negotiating tariffs with foreign nations\n\ncongress would be inept slow', ' why would that stop trump constitution already says congress has power to lay and collect taxes duties imposts and excises which includes tariffs hes already abused the basis of law ie the reciprocal tariff act  for when congress does delegate tariffmaking authority']"
60,60,60_democrats_republicans_party_democrat,"['democrats', 'republicans', 'party', 'democrat', 'democratic', 'dems', 'midterms', 'are', 'vote', 'they']","['democrats can thank trump for  tariff against china  via ', ' democrats  omg  trump levied a tariff on china  thats terrible\nalso democrats  omg trump reduced the tariff on china  thats terrible\n\ndemocrats only consistency is hypocrisy', 'bad news for democrats ']"
61,59,61_biden_bidens_under_economy,"['biden', 'bidens', 'under', 'economy', 'was', 'fault', 'started', 'when', 'had', 'did']","[' what is really funny when biden had a great stock market trump claimed it now that its floundering its bidens fault so biden put in tariffs that killed the economy amazon should list the tariff impact on prices', ' joe biden did not throw the tariff grenade into the economy  this is trumps doing', '  thats not what he asked he asked why trump takes credit when the stock market was up under biden and blames biden when the stock market is down under him \nthe stock market and the economy gdp were going strong when biden left the ripples are from the tariff war']"
62,58,62_rand_paul_senator_against,"['rand', 'paul', 'senator', 'against', 'bill', 'agenda', 'hes', 'power', 'he', 'authority']","[' we stand with tariff by president trump mr rand paul dont be a rhino', 'we see you rand paul amp get with trumps tariff plan or no support for you', ' rand paul fails at removing tariff power from trump\n\nwait squirrel \n\nrand paul starting the indict fauci drumbeat in ']"
63,56,63_pause_day_pauses_paused,"['pause', 'day', 'pauses', 'paused', 'days', 'donaldtrump', 'markets', 'globaleconomy', 'vehicle', 'rep']","['trumps day tariff countdown global trade hits pause  via  trump', ' day tariff pause on most countries\n\nby donald trump \n\nmarkets   ', 'president trump says another tariff pause is unlikely after the day pause ends\nwe are currently  days into the day pause ']"
64,55,64_july_delay_eu_until,"['july', 'delay', 'eu', 'until', 'european', 'percent', 'union', 'imposing', 'agrees', 'delayed']","['us president donald trump agrees to delay  tariffs on eu until july \n\neuropeanunion eu\ntrump trumptariff ustrade ', 'trump delays eu tariffs until july \n\npresident trump said on sunday that he would delay imposing a  percent tariff on all imports from the european union until july  to allow more time for trade negotiations\n\nsource  \n\ncommentary a delay in the start of tariffs', 'trump delays eu tariffs until july \npresident trump said on sunday that he would delay imposing a  percent tariff on all imports from the european union until july  to allow more time for trade negotiations ']"
65,54,65_ustariff_trumptariff_china_trumptariffs,"['ustariff', 'trumptariff', 'china', 'trumptariffs', 'tariffwar', 'xi', 'evil', 'tradewar', 'usa', 'released']","['us china trade war in  with tariff conflict concept usa ustariff\nchina trumptariffs blogger ', 'wowww china is spilling the beans chinatariffs ustariff ', 'america and china tariff war\nustariff\ntrumptariffs chinatariffs ']"
66,53,66_clown_his_he_show,"['clown', 'his', 'he', 'show', 'man', 'sir', 'basically', 'hes', 'presidency', 'playing']","['  i dont think thats it he sounds bitter i think hes being pushed out and trump isnt listening to him or not enough in his mind maybe he found the limits of his influence with the tariff clown show and is starting to realise the train wreck he helped create we can hope', '    oh hes definitely a complete clown what kind of personkid bases their life around the word tariff and trump thats whats important apparently some fat orange man and his tariffs that republicans say are terrible its horrifying', ' like orangeman clown respects america and all of us  he is nothing but an orange clown and doesnt even know what a tariff is  ffs he was going to walk into the wall at the capital if johnson hadnt stopped him']"
67,52,67_electronics_smartphones_exemption_exempt,"['electronics', 'smartphones', 'exemption', 'exempt', 'exemptions', 'tech', 'exempted', 'phones', 'temporary', 'relief']","['gak jelas blas trump adds tariff exemptions for smartphones computers and other electronics ', ' whats exempt under the new us electronics tariff policy the ipc institute for printed circuits recently published a list of hts codes that are exempt from the new  reciprocal tariff these exemptions offer targeted relief to strategic areas of the electronics supply', 'breaking news update\n\ntrumps electronics tariff exemption is temporary commerce secretary says\n\nhoward lutnick said smartphones and electronics will be in future semiconductor sectoral tariffs  days after the trump said such products were exempt from china import levies ']"
68,51,68_pause_chinese_st_goods,"['pause', 'chinese', 'st', 'goods', 'some', 'until', 'percent', 'day', 'taco', 'breaking']","['us extends tariff pause on some chinese goods to august \n\n ', 'us extends tariff pause on some chinese goods to august \n\n ', 'us extends tariff pause on some chinese goods to august st \nchina']"
69,50,69_ai_chips_chip_tech,"['ai', 'chips', 'chip', 'tech', 'act', 'investment', 'origin', 'compared', 'beyond', 'seems']","['huawei prepares to ship c ai chip as china looks beyond nvidia  report\n\nvia \n\nhuawei nvidia aichips ai ustariff tariffwar \n\n', 'metas antitrust trial may force zuckerberg to sell instagram openai develops ai to replace software engineers global tech shares rise with us tariff exemptions but uncertainty remains nvidia plans b in ai servers by \n\ntechnology  ustariff ai aiagents nvidia ', 'i think trumps tariff war will end up giving the us more drone capacity and china more chips for ai']"
70,50,70_mexico_mexican_water_should,"['mexico', 'mexican', 'water', 'should', 'her', 'flag', 'them', 'president', 'put', 'money']","[' the plan is to ship to mexico and mexico ships to us by passing the tariff mexico needs to be careful', ' come on president trump tariff the  out of mexico', 'trump should tariff mexico into oblivion']"
71,48,71_recession_chance_warns_economist,"['recession', 'chance', 'warns', 'economist', 'stagflation', 'regime', 'economy', 'fears', 'ceo', 'remains']","['nightly spy  spx scenarios for may   \n\n marketmoving news \n jamie dimon warns of possible recession\njpmorgan chase ceo jamie dimon cautioned that a us recession remains a real possibility amid ongoing uncertainty from the trump administrations tariff ', 'nightly spy  spx scenarios for may   \n\n marketmoving news \n jamie dimon warns of possible recession\njpmorgan chase ceo jamie dimon cautioned that a us recession remains a real possibility amid ongoing uncertainty from the trump administrations tariff ', 'jp morgan predicts us recession by year end amid tariffs \n jpmorgan tariff tariffwar tariffimpact ustariff donaldtrump trump trumptariffs trumprecession useconomy recession \n\n']"
72,47,72_deals_zero_deal_agreements,"['deals', 'zero', 'deal', 'agreements', 'countries', 'arent', 'really', 'where', 'there', 'today']","['the deals arent really deals at all where are trumps tariff deals  via ', 'the deals arent really deals at all where are trumps tariff deals  via ', 'there are no tariff deals\n\nthe deals arent really deals at all where are trumps tariff deals  via ']"
73,47,73_ukraine_putin_russia_nato,"['ukraine', 'putin', 'russia', 'nato', 'stop', 'sanction', 'weapons', 'no', 'benefit', 'nothing']","['  this isnt going to end anything trump is going to help russia take ukraine by making excuses why he cant help ukraine trumps words mean nothing he is owned by the oligarchs and putin that is it that is why russia isnt getting tariff demand', 'latest trump to impose  tariff on ukraine\n\ntrumptariffs ustariff economy ukraine', '   did the us make a tariff deal with ukraine']"
74,46,74_tax_taxes_cut_cuts,"['tax', 'taxes', 'cut', 'cuts', 'income', 'rich', 'wealthy', 'poor', 'revenue', 'class']","['     when you add in trumps tariff taxes any income tax cuts the bottom  of earners get from the bbb will be wiped out so we get trillions in debt and we pay more taxes its a scam only the very wealthy come out ahead ', 'that tax bill trump release today how tariff will help you make  a year no more taxes lol under  a year you will pay for the rich million taxes and billion the poor  congress dont pass this taxes cuts rep party dont do it you will be done for shore wakeup', '  usaid was cut now there are people in poor countries starving to death   rich can pay their fair share trump making billions with crypto tariff deals golfing he can pay taxes he needs to cut food and health for poor so has money for his own tax cuts trump is cruel jerk']"
75,46,75_approval_rating_voters_policies,"['approval', 'rating', 'voters', 'policies', 'number', 'numbers', 'trumps', 'his', 'stronger', 'net']","['trumps approval rating grows stronger after middle east trip\n\nnow that all the ridiculous tariff panic is done and people realize that the world isnt coming to an end president trumps approval rating is growing stronger and stronger the american people are seeing through the ', '  trumps approval rating went up  points after the tariff announcement barb', 'trump approval rating tracker numbers stabilize after tariff relief via  ']"
76,46,76_sales_eu_equal_applied,"['sales', 'eu', 'equal', 'applied', 'tax', 'goods', 'domestic', 'same', 'not', 'imports']","['     should europe do the same until us abolishes sales tax because vat and sales tax is just a different name for the same thing\nneither of them is a tariff', '  so clearly the us tariff should be equal to vat minus sales tax right', '   overall tax is definitely higher in the eu just saying that vat is not terribly different than some higher state sales taxes in the us and it applies to domestic as well as imported goods so it cant be compared to a tariff']"
77,46,77_california_state_ca_newsom,"['california', 'state', 'ca', 'newsom', 'should', 'democrats', 'rest', 'their', 'usa', 'largest']","['   shucks trump could put a tariff on california', 'california trump trumptariff tariffs rapeofjustuice by trump\nusa ', 'defund california sanction california like you would a rogue nation cut off travel from california to the rest of the us tariff california businesses']"
78,45,78_lutnick_howard_secretary_commerce,"['lutnick', 'howard', 'secretary', 'commerce', 'bessent', 'sec', 'scott', 'says', 'treasury', 'sending']","['the shocking story behind trumps tariff czar howard lutnick  if youre  via ', 'the shocking story behind trumps tariff czar howard lutnick  if youre  via \nsinner losangeles weareback ', 'trump said treasury secretary scott bessent and commerce secretary howard lutnick will be sending letters out essentially telling people what theyll be paying to do business in the united states\n\n']"
79,44,79_trumptariffs_trumptariff_ustariff_tariffwar,"['trumptariffs', 'trumptariff', 'ustariff', 'tariffwar', 'donaldtrump', 'tradewar', 'world', 'global', 'reciprocal', 'here']","['mixed reactions on trumptariff \n\nus president donald trump increases reciprocal tariff and here are the memes \n\ntradewar trumptariffs globaleconomy\ntrumptariffs\ntrumptariffs ', 'donaldtrumps tariff formula is demolished here trump trumptariff trumptariffs tariffwar tradewar cnews ', 'donaldtrumps tariff formula is demolished here trump trumptariff trumptariffs tariffwar tradewar newsnight peston ']"
80,44,80_negotiations_china_limit_talks,"['negotiations', 'china', 'limit', 'talks', 'use', 'plans', 'officials', 'through', 'nations', 'their']","['us plans to use tariff negotiations to isolate china  officials aim to engage over  nations in talks to block china from routing goods through their territories  wsj\n\nhistorically nations have gone to war for less than that', 'just in  united states plans to use tariff negotiations to pressure us trading partners to limit their dealings with china', 'us plans to use tariff negotiations to isolate china  officials aim to engage over  nations in talks to block china from routing goods through their territories  wsj']"
81,41,81_free_trade_freedom_barriers,"['free', 'trade', 'freedom', 'barriers', 'fair', 'we', 'non', 'countries', 'country', 'are']","['  calling it free trade then placing non tariff barriers in place that shuts the door on imports from a trade partner is not in fact free trade thats rigged trade whys it okay for countries to charge the us tariffs but when we place tariffs lower than reciprocal rates  all of', ' rand we dont have free trade what dont you get these countries already tariff the us unfairly this is what trump has said over and over and over jeesh free trade  free trade no  tariffs on the us etc stand with trump please your talking points are not helpful', 'these guys are so dumb that they really think free trade means others get to have tariffs on us and we are against free trade if we try to coerce them to drop their tariffs to these people free trade just means freedom to arbitrarily tariff america while we do nothing ']"
82,41,82_liberation_day_news_sweeping,"['liberation', 'day', 'news', 'sweeping', 'plan', 'iraq', 'april', 'declares', 'noted', 'global']","['the flawed methodology and false assumptions underpinning trumps liberation day tariff rates  ', 'dollar liberation day exposing the us treasurys tariff war decept  via ', 'dollar liberation day exposing the us treasurys tariff war decept  via ']"
83,41,83_florida_perfectly_farmers_cause,"['florida', 'perfectly', 'farmers', 'cause', 'policies', 'good', 'prices', 'over', 'smartnews', 'now']","['florida farmers now plowing over perfectly good tomatoes as trumps tariff policies cause prices to plummet  moneywise trumpeffect  ', 'florida farmers now plowing over perfectly good tomatoes as trumps tariff policies cause prices to plummet  moneywise trumpeffect  ', 'florida farmers now plowing over perfectly good tomatoes as trumps tariff policies cause prices to plummet\n']"
84,41,84_reciprocal_tariffs_countries_rates,"['reciprocal', 'tariffs', 'countries', 'rates', 'these', 'zero', 'based', 'fair', 'return', 'country']","[' adam why do they tariff us and restrict our products  these tariffs are reciprocal', ' because tariffs  why do you tariff us   you dont like reciprocal tariffs  ', ' why is it acceptable for other countries to tariff us \n\nthese are reciprocal']"
85,39,85_shelves_empty_retailers_warn,"['shelves', 'empty', 'retailers', 'warn', 'store', 'major', 'ceos', 'target', 'warned', 'shipments']","['major retailers warn trump about empty shelves from tariff policy     ', 'major retailers warn trump about empty shelves from tariff policy ', 'major retailers warn trump about empty shelves from tariff policy ']"
86,39,86_africa_ustariff_elections_per,"['africa', 'ustariff', 'elections', 'per', 'negative', 'headline', 'water', 'layoffs', 'sentiment', 'dr']","['top africa hashtags    trump south elections post president tariff layoffs business stock sweetashley fake cities nigerian ashley ogle\n headline sentiment  \n   negative \n   positive \n\nreads    ', 'top africa hashtags    trump south elections post president tariff layoffs business stock sweetashley fake cities nigerian ashley ogle\n headline sentiment  \n   negative \n   positive \n\nreads   ', 'top africa hashtags    trump south elections post president tariff layoffs business stock sweetashley fake cities nigerian ashley ogle\n headline sentiment  \n   negative \n   positive \n\nreads    ']"
87,38,87_phone_phones_made_built,"['phone', 'phones', 'made', 'built', 'analysts', 'own', 'subject', 'his', 'china', 'probably']","['trump phone made in china im sure trump wont tariff himself \n\nthe trump phone probably wont be built in america and may never be ', ' will there be a tariff on trump phone since its made in china', 'what is the tariff on the new china made trump phone']"
88,38,88_iphones_apple_iphone_cheaper,"['iphones', 'apple', 'iphone', 'cheaper', 'would', 'phone', 'cost', 'happen', 'be', 'make']","[' i believe even after paying a  tariff iphones would be much cheaper than what its cost would be manufacturing in us', '  sigh you just heard the lady iphone costs  to import under the  tariff rate apple is not making iphones in the us if the cost of import is this low', 'iphones retail price impact tariff edition\n tariff  apple pays  more on a  phone\napple passes it to you\nyour  iphone  \ntariffs are a tax  you just dont get a receipt\ntrumptariff apple iphone']"
89,37,89_trust_you_your_congress,"['trust', 'you', 'your', 'congress', 'youre', 'group', 'take', 'police', 'lost', 'blame']","[' i dont trust any politician were moving to a gold backed currency and chip roy says were writing checks we cant cash  and rand paul wants to take tariff authority away from trump why should we trust any of them', ' we appreciate this now stop with the tariff nonsense let president trunp negotiate on behalf of the american people congress and past presidents have gotten us into this mess  let him get us out of it we dont trust congress  we trust president trump', '  i trust trump on tariffs not you']"
90,37,90_set_weeks_rates_unilateral,"['set', 'weeks', 'rates', 'unilateral', 'two', 'within', 'says', 'guardian', 'hell', 'next']","['trump says hell set unilateral tariff rates within two weeks', 'helllooo s  trump says hell set unilateral tariff rates within two weeks', ' trump says hell set unilateral tariff rates within two weeks']"
91,37,91_grow_build_america_produce,"['grow', 'build', 'america', 'produce', 'raised', 'cant', 'commerce', 'lutnick', 'sec', 'there']","['us commerce sec tariff on bananas \nwalmart weve already raised banana prices by \n lutnick if you build in america no tariff\n\nreply we cant build bananas in america\n\neven trumps own folks cant defend this circus ', 'us commerce sec tariff on bananas \nwalmart weve already raised banana prices by \nlutnick if you build in america no tariff\n\nreply we cant build bananas in america ', 'us commerce sec tariff on bananas \nwalmart weve already raised banana prices by \nlutnick if you build in america no tariff\n\nreply we cant build bananas in america ']"
92,35,92_opportunities_followed_fell_provided,"['opportunities', 'followed', 'fell', 'provided', 'bought', 'implemented', 'love', 'month', 'buying', 'stocks']","[' the market fell after trumps tariff policy was implemented which provided me with many buying opportunities i followed  bought  stocks and made  in one month \ngreat i love you', ' the market fell after trumps tariff policy was implemented which provided me with many buying opportunities i followed  bought  stocks and made  in one month \ngreat i love you', ' the market fell after trumps tariff policy was implemented which provided me with many buying opportunities i followed  bought  stocks and made  in one month \ngreat i love you']"
93,34,93_scam_bullish_platform_funds,"['scam', 'bullish', 'platform', 'funds', 'youve', 'recovery', 'message', 'me', 'trumptariff', 'issues']","['scam warning\nbitgale is a scam platform blocking withdrawals and holding user funds hostage\ncryptoscam scamalert cryptorecovery bitgale\nbullrun bearish trumptariff bullish scam', 'icevlpro is scamming users by freezing funds if youve lost money message me for recovery assistance icevlpro\nscam cryptoscam icevlpro hashkey\n\nbullrun bearish trumptariff bullish scam cryptonomyfinance ', 'icevlpro is scamming users by freezing funds if youve lost money message me for recovery help icevlpro\nscam cryptoscam icevlpro hashkey\n\nbullrun bearish trumptariff bullish scam ']"
94,33,94_bessent_scott_secretary_treasury,"['bessent', 'scott', 'secretary', 'treasury', 'standoff', 'summit', 'class', 'soar', 'calls', 'expects']","['us treasury secretary scott bessent told a closeddoor investor summit tuesday that the tariff standoff with china is unsustainable and that he expects the situation to deescalate  via ', '  \nvery good\n\ntreasury secretary scott bessent breaks down trumps tariff plan and its impact on the middle class ', 'reeves holds positive and upbeat trade talks with bessent\n\nthe chancellor discussed a prosperity deal with treasury secretary scott bessent but the us calls for reduced tariffs on car imports to uk\nbessent credited with keeping trumps grounded \n\n']"
95,33,95_labor_slave_vietnam_retail,"['labor', 'slave', 'vietnam', 'retail', 'warns', 'production', 'expense', 'sell', 'loom', 'reliance']","['nike to raise us prices amid tariff uncertainty  adidas amp jd sports also warn of hikes\n\nnike shoes over  will rise by up to  starting june  tariffs on vietnam china and others loom despite trump pausing full hike\n\nnike tariffs trump adidas jdsports ', ' pure speculation markets arent reality what is reality is that nike dominates the market in the us because they have a lower expense bracket on labor slave labor nearly they can either pay the tariff and starve because it cuts into the slave labor expense against sales waaa', 'adidas warns us customers will soon pay more for its shoes as company runs up against trumps tariff wall  \n\noverpriced slave labor shoes ']"
96,32,96_safe_watching_strategy_retreat,"['safe', 'watching', 'strategy', 'retreat', 'trumps', 'see', 'luxury', 'tradetalks', 'curious', 'sudden']","['interesting update  looks like the tariff situation is still evolving curious to see how this plays out  tradetalks trump', ' interesting update  looks like the tariff situation is still evolving curious to see how this plays out  tradetalks trump', 'retreat capitulate is this trumps franois mitterrand moment that historic uturn comes to mind as we watch the us president execute a reversal by stages in his tariff agenda ']"
97,32,97_beef_uk_allow_tarifffree,"['beef', 'uk', 'allow', 'tarifffree', 'food', 'our', 'cars', 'sell', 'eu', 'issue']","[' so may text said uk will allow  tonnes of us beef in the country tarifffree amp the us will allow the same amount of uk beef tarifffreethis is a large increase  the uk which previously had a tonne quota subject  a  tariff however us beef must meet uk standards', 'trump tariff deal give uk more access to us meat\n\nwho would eat it though\n\nuk beef  vs us beef \nuk beef has no growth hormones stricter antibiotic use less gm feed us beef often uses all of the above uk standards  cleaner more regulated meat', ' just discovered uk is holding to its standards beef products not a good deal as  tariff but no tariff on us beef trump is brutal']"
98,32,98_shipping_ports_logistics_port,"['shipping', 'ports', 'logistics', 'port', 'surge', 'rush', 'demand', 'capacity', 'story', 'week']","['the chinaus tariff truce has seen a scramble at chinese ports as transpacific shipping rebounds with freight prices soaring logistic challenges remain with congestion at docks and container shortages\n', 'is the trade war over  port and tariff update as of may    whats going on with shipping\nis the trade war over between the us china and the world\nsupplychain containers ports tariffs tradewars\n via ', ' container bookings from chinaus spike  the shipping surge will translate into a rush of arrivals at us west coast ports in the coming weeks\nus importers chinese exporters shipping companies and port workers  are all cursing trumps capricious tariff policy ']"
99,32,99_taco_always_out_threats,"['taco', 'always', 'out', 'threats', 'wall', 'chicken', 'street', 'tacotrump', 'trades', 'when']","['the new york times asked about taco and tariffs trump lashes out at reporter\nthe term taco short for trump always chickens out has been used to describe how markets tumble on the presidents tariff threats then rebound when he gives way ', 'trump always chickens out us delays eu tariffs reinforcing taco trade theory buy when he announces the tariff and sell when he taco ', 'taco tariff trump always chickens out tariff']"
100,32,100_steel_uk_port_british,"['steel', 'uk', 'port', 'british', 'concerns', 'deal', 'aluminium', 'threatens', 'aluminum', 'agreed']","['starmer the ace negotiator \n\ntrump threatens to keep  tariff on uk steel imports over port talbot concerns ', 'uk wins steel tariff reprieve\n\ndonald trump has issued an order raising steel tariffs on all countries from  except the uk which will continue to see tariffs of  until a deal agreed between the uk and us to eliminate steel and aluminium tariffs comes into effect', 'trump threatens to keep  tariff on uk steel imports over port talbot concerns  steel industry  the guardian ']"
101,31,101_tax_americans_consumer_paid,"['tax', 'americans', 'consumer', 'paid', 'pay', 'money', 'import', 'goods', 'consumers', 'understand']","[' you clearly havent understood the idea of a tariff its a tax which punish consumer primarily over exporter consumer in the sense get higher prices as a result of pricing the cost of tariff what trump is going is just making you ordinary americans pay more for our goods', '   far more americans pay income tax than import goods\n bring in foreign goods get charged a tariff the idea is to buy domestically do this and have no income tax winwin\n magic money is the money you fail to mention the trillions from the dem leaders prior to trump', ' the import tariff revenue is a tax paid by us americans not by other countries  hassett is bragging about how much money trumps new tax on americans is going to raise']"
102,30,102_send_letter_partners_deadline,"['send', 'letter', 'partners', 'deadline', 'rates', 'setting', 'says', 'weeks', 'trading', 'unilateral']","['trump says us to send tariff letters to trade partners before july  deadline ', 'trump says us to send tariff letters to trade partners before july  deadline ', 'trump says us to send tariff letters to trade partners before july  deadline ']"
103,30,103_talks_officials_progress_substantial,"['talks', 'officials', 'progress', 'substantial', 'monday', 'begin', 'meet', 'details', 'trade', 'report']","['us officials report substantial progress after trade talks with china details due monday  via ', 'us officials report substantial progress after trade talks with china details due monday\n\n', 'us officials report substantial progress after trade talks with china details due monday\n\n']"
104,30,104_deficits_deficit_trade_fiscal,"['deficits', 'deficit', 'trade', 'fiscal', 'buy', 'thinks', 'foreign', 'moron', 'solve', 'doesnt']","['trump absolutely thinks \n\n trade deficits are fiscal deficits \n\n foreign countries pay tariff costs for us \n\na guy who fails to understand even basic concepts is who you think has a dimension plan and is smarter than elon musk', '    t over  years  also add the fact that the trade deficit has already halved  tariff revenue will decline as this continues  so againcontinue biden level deficits  sorry he promised to cut the deficit trump lied', 'he thinks a trade deficit is a fiscal deficit and that foreign countries pay tariff costs for us \n\nhes a moron im sorry he is']"
105,29,105_returns_aircraft_china_plane,"['returns', 'aircraft', 'china', 'plane', 'war', 'amid', 'commercial', 'parts', 'reprieve', 'travel']","['boeing jet returns to us from china during ongoing tariff war ', 'boeing jet returns to us from china a victim of trumps tariff war boeing china donaldtrump\n', 'boeing jet returns to us from china a victim of trumps tariff war\n\n']"
106,29,106_uk_pm_summit_deal,"['uk', 'pm', 'summit', 'deal', 'sign', 'signed', 'new', 'billion', 'lowered', 'exports']","['president trump and uk pm starmer just signed a major trade deal at the g in canada\n\nit includes\n\n  billion in new tariff revenue\n us tariffs on imports from uk raised to \n uk tariffs on imports from us lowered to \n  billion in new exports from the us', 'just in president trump and uk pm starmer just signed a major trade deal at the g in canada\n\nit includes\n\n  billion in new tariff revenue\n us tariffs on imports from uk raised to \n uk tariffs on imports from us lowered to \n  billion in new exports from ', 'just in president trump and uk pm starmer just signed a major trade deal at the g in canada it includes\n\n  billion in new tariff revenue\n us tariffs on imports from uk raised to \n uk tariffs on imports from us lowered to \n  billion in new exports from the ']"
107,29,107_de_exemption_shipping_prices,"['de', 'exemption', 'shipping', 'prices', 'stops', 'shopping', 'giant', 'still', 'small', 'ship']","['lessons learned\ntemu halts shipping direct from china as de minimis tariff loophole is cut off\n', '  tariff rates on goods into the us depend on a lot of factors the de minimis exemption is still gone so temustyle cheap crap is still heavily tariffed over  its unclear what the rate is on everything else from china but its lower than ', '  shein the global fashion giant faces new hurdles as tariffs and trade tensions threaten its us operations and ipo plans  with the end of the de minimis tax exemption looming the company is considering shifting production outside china to']"
108,28,108_afford_country_instead_suggesting,"['afford', 'country', 'instead', 'suggesting', 'alert', 'guess', 'heads', 'children', 'mistake', 'family']","[' really\n\ncontext\n\npresident trump appeared to acknowledge wednesday that toy shortages are possible as his tariff hikes ripple through the economy \n\nwe grew up poor  our mom was also single and worked multiple jobs  she kept a roof over our heads clothes on our backs food', 'he wont sell one toy in the united states says donald trump suggesting a  tariff on mattel which he seemed to mistake for a country ', 'the big cheeto fucktard ishard at worktaking toys away from children\n\nread he wont sell one toy in the united states says donald trump suggesting a  tariff on mattel which he seemed to mistake for a country on smartnews  smartnews']"
109,28,109_rare_earth_minerals_beijing,"['rare', 'earth', 'minerals', 'beijing', 'understanding', 'mention', 'materials', 'china', 'exports', 'supplies']","['  us will impose  tariff on chinese rare earths', 'breaking  war china has suspended exports of key rare earth minerals and magnetsvital to industries like automotive aerospace semiconductors and defensein retaliation for president trumps april  tariff hike as of april  exports of six heavy rare earth metals and ', ' the chinese knows we will put high tariff on them\nwhy will they will let us stack up the rare earth and ditch them\nits bessents fault not mention lifting rare earth ban in the  days pause\nwe also said using huawei ascend chips anywhere in the world violates us export controls']"
110,27,110_feed_energy_asian_minerals,"['feed', 'energy', 'asian', 'minerals', 'asia', 'fix', 'manufacturers', 'fixed', 'fit', 'around']","['   so under biden the tariff rate will go up to  on electric vehicles to  on solar cells and to  on electrical vehicle batteries critical minerals steel aluminum face masks and shiptoshore cranes  now   on us goods now  big whoop this', '  in aus our panels are still linked to power companies cant get around that \n\nso we have to pay them for the privilege of using solar panels we paid for and they pay a measly feed in tariff\n\ntheres even talk of us being charged to feed in to the grid bc power companies', ' geez you guys need to get rid of this net zero crap we tried that in australia look what it got us to negative feed in tariff during the day because of excessive solar energy massive increase in off peak wholesale price because of zero investment in baseload plants fixed']"
111,27,111_russia_list_putin_why,"['russia', 'list', 'putin', 'why', 'hates', 'sit', 'russian', 'being', 'sanctions', 'put']","[' great russia not on trumps tariff list\n\n', ' russia not on trumps tariff list\n\n', 'russia not on trumps tariff list   ']"
112,27,112_taiwan_xi_sanctions_united,"['taiwan', 'xi', 'sanctions', 'united', 'secure', 'states', 'central', 'offers', 'falling', 'monday']","['  taiwan as of  wk ago\n\nno deal yet', 'taiwan offers zero tariff regime to us\n\ntaiwan local leader lai chingte pledged to remove all trade barriers instead of creating new ones reffering to the existing nafta format\n\ntrumps tariff on products from taiwan is  with the exception of semiconductor exports ', 'breaking news \n\ntaiwan announces it will have zero tariffs on the united states in response to president trumps tariff announcement\n\ntaiwan currently has tariffs as high as  on the usa \n\nits working']"
113,26,113_vance_jd_preparing_failing,"['vance', 'jd', 'preparing', 'failing', 'problems', 'looking', 'actively', 'politics', 'miller', 'stephen']","[' trump is preparing to make jd vance the tariff czar to deal with the rising prices and other problems that are about to arise because of their tariffs on china\n   post by   ', ' translation  trump is preparing to make jd vance the tariff fall guy', 'is it too late to ask what a tariff is trump whispers to jd vance  via ']"
114,26,114_podcast_episode_listen_join,"['podcast', 'episode', 'listen', 'join', 'tonight', 'equipment', 'live', 'meltdown', 'youtube', 'tune']","['trump need to put a tariff on podcast equipment', 'unc trump pls put a  tariff on podcast equipment', 'the podcast is going live on rumble  baby face p amp walter keller shf my guest tonight join us live on playeur  at pm wmmf podcast hankstrange est for the podcast \n follow the link below \n\n ']"
115,26,115_stockmarketcrash_trumpmarketcrash_trumptariff_trumprecession,"['stockmarketcrash', 'trumpmarketcrash', 'trumptariff', 'trumprecession', 'trumptariffs', 'trumptradewar', 'wealth', 'thursday', 'elonmusk', 'investing']","['the golden age of corruption\n\ntrumptariff trumpmarketcrash stockmarketcrash ', ' are we having fun yet\n\nstockmarketcrash trump stocks investing trumprecession trumptariff trumptradewar losingeqity burningman burningmoney ', 'so true trump trumptariff trumpmarketcrash borsa stockmarketcrash altn cdtv elonmusk freetrade shoppingstar']"
116,26,116_price_ship_digital_due,"['price', 'ship', 'digital', 'due', 'added', 'rise', 'situation', 'nonsense', 'launch', 'fee']","['sony hikes playstation  price by  as trump tariffs bite\n\nps digital price in uk would rise to  and  in europe as japanese games developer cites challenging economic environment\n\nplaystation videogames ustariff gta ', '  digital is often if not required in some places to be equal with physical so thats why digital goes up with physical people need to stop repeating this dribble thinking they have some good point\n\nglobal is due to offset tariff costs so that prices dont rise even more in us', '   the fact that the tariff situation is fluid means nintendo doesnt know how much it will need to pay for us distribution they are waiting for new tariffs to stop arriving so that they can have a final price to compensate for the added costs of importing due to tariffs']"
117,26,117_gt_eggs_prices_bid,"['gt', 'eggs', 'prices', 'bid', 'food', 'morning', 'list', 'experts', 'price', 'poor']","['morning news\ngt trump tariffs handy list\ngt wales increase food prices for poor\ngt bowls england bid for world cup\nread all about it\n\nall free all the time\nhackneybooks trumptariff foodprice bowls ', 'morning news\ngt trump tariffs handy list\ngt wales increase food prices for poor\ngt bowls england bid for world cup\nread all about it\n\nall free all the time\nhackneybooks trumptariff foodprice bowls ', 'morning news\ngt trump tariffs handy list\ngt wales increase food prices for poor\ngt bowls england bid for world cup\nread all about it\n\nall free all the time\nhackneybooks trumptariff foodprice bowls ']"
118,26,118_students_chinese_allow_education,"['students', 'chinese', 'allow', 'education', 'part', 'stay', 'visas', 'harvard', 'scale', 'american']","['why not trump amp gang ban all foreign students amp foreignborn faculty staff nationwide so that white maga students have a higher chance of being admitted an academic equivalent of reciprocal tariff likely to be backfired  us politics harvard education', '  this is terrible  these students are mandated by their government to spy they are taking places from taxpaying american students trump gave this away in his tariff negotiation a big chip he should not have given what did we get in return', '   part of the tariff deal with china is that chinese students get to keep studying in us \n\ntrumprubio with egg on their face']"
119,26,119_qqq_expansion_vs_headlines,"['qqq', 'expansion', 'vs', 'headlines', 'results', 'strong', 'stocks', 'after', 'major', 'hoping']","['june th week is looking very strong like an expansion to ath week \n\nmon tues manipulation down weekly down wick\nwed thu fri expansion higher to ath\n\nunless mr trump decides to drop china tariff deal this is looking pretty solid\n\nlets hope for good price action ', 'qqq traders are hoping for deals between the us and its trading partners as trumps day reprieve on his steepest tariffs is set to expire next week\n\nstocks have made an impressive comeback after suffering steep declines in april after trumps sweeping tariff policy', 'ndx qqq food for thought the april lows put us back to the  peak essentially  years of consolidation i believe when the tariff deals start rolling in we will see a large expansion period into the next few years zoomout ']"
120,25,120_rep_jumped_stocks_joining,"['rep', 'jumped', 'stocks', 'joining', 'smartnews', 'insider', 'congress', 'net', 'she', 'million']","['rep marjorie taylor greenes net worth jumped  million since joining congress  top  stocks she was buying amid tariff chaos  benzinga smartnews  ', 'and we thought insider trading by congress was illegal silly us read rep marjorie taylor greenes net worth jumped  million since joining congress  top  stocks she was buying amid tariff chaos on smartnews  smartnews', 'insider trading\n\nread rep marjorie taylor greenes net worth jumped  million since joining congress  top  stocks she was buying amid tariff chaos on smartnews  smartnews']"
121,25,121_korea_south_aim_children,"['korea', 'south', 'aim', 'children', 'geopolitics', 'president', 'deal', 'chips', 'call', 'building']","['geopolitics daily\nsouth korea faces political turmoil as impeachment trial nears economic sentiment worsens amid us tariff concerns impacting global markets\ngeo impact south korea worldwide', 'bc for south korea its relation w the usa is a matter of life and death\nremember the beautiful letter to kim from trump\nsouth korea is more prone for trumpblackmail in tariff negotiations now stopped until election than the eu china or japan\n\n', 'tariff dodging exposed south korea seizes  million in fraudulent made in korea goods ']"
122,25,122_oil_production_barrel_demand,"['oil', 'production', 'barrel', 'demand', 'prices', 'crude', 'fuel', 'price', 'below', 'economic']","[' gas is down but only due to growing economic worry in the wake of a global tariffdriven trade war\nand at under  a barrel for oil us domestic oil production is unprofitable so much for drill baby drill', ' world oil production is already above demand the price of oil is currently the same or less than production cost and with tariff fears causing investment slowdown the move is of a pr stunt but the trump base will be happen', 'day  quant    \noil thought chain\n opec decided to ramp up production to punish iraq amp kazakhstan\n oil price drop could help counter inflation and favor tariff\n oil price drop could break the cost line of us oil drilling company']"
123,25,123_math_formula_chart_used,"['math', 'formula', 'chart', 'used', 'suck', 'rates', 'basic', 'werent', 'country', 'heres']","['    i failed math im doing that new tariff math trump been talking about  it dont need to make sense ', ' trumps tariff math', 'the math on the time frame reads like his tariff formula \n\ndafuq is he saying trump']"
124,25,124_god_directed_rule_golden,"['god', 'directed', 'rule', 'golden', 'holy', 'understands', 'water', 'jd', 'believes', 'block']","['breaking news\npresident trump has placed a  tariff on all prayers directed to god and jesus\nthe tariffs will not apply to any prayers directed to president trump', ' its all about the golden rule\npresident trump a very devout religious scholar firmly believes in practicing the biblical golden rule as he understands it\n\n\n ', 'its all about the golden rule\npresident trump a very devout religious scholar firmly believes in practicing the biblical golden rule as he understands it\n\n\n ']"
125,24,125_reach_record_revenues_treasury,"['reach', 'record', 'revenues', 'treasury', 'april', 'billion', 'via', 'surplus', 'budget', 'times']","['us tariff revenues reach record  billion in april treasury  via ', 'us tariff revenues reach record  billion in april treasury  via ', 'us tariff revenues reach record  billion in april treasury  via ']"
126,24,126_jinping_xi_bullying_call,"['jinping', 'xi', 'bullying', 'call', 'phone', 'signing', 'against', 'bully', 'unilateral', 'despite']","[' come on xi jinping play with us \n\ntrumptariff tariffwar', 'xi jinping goes on asia trade blitz as tariff war rages ', ' why is he the best president ever when trump was desperate for xi jinping called when he realized that xi jinping wasnt gonna call him trump the little weak bitch decided to call xi jinping and beg him to stop the tariff war ']"
127,24,127_protest_amp_ice_gaza,"['protest', 'amp', 'ice', 'gaza', 'ban', 'msnbc', 'cbs', 'epstein', 'terrible', 'musk']","['trump musk josh shapiro hudson vance tech nyse trading iran tariff china jinping auto mlb nba israel gaza hamas palestinian tax measles tesla deport swift liberal cnn msnbc fox cbs abc nbc vaccine luigi jew zion stock market putin russia leavitt republican democrat rfk recession ', 'trump elon musk diddy combs vance loomer luigi garcia epstein taco ban tariff nba indiana finals ban tesla cbs nbc cnn msnbc fox rogan ai swift merz gaza israel hamas china russia ukraine ev auto rodgers steelers proud dodgers tik tok instagram google ice jesus congress ', 'trump la protest migrant national guard elon musk diddy combs loomer garcia epstein taco ban tariff nba indiana finals muslim ban tesla cbs nbc cnn msnbc fox rogan ai swift gaza israel hamas china russia angeles ev terry moran proud tik tok instagram google ice jesus congress ']"
128,24,128_plane_million_corruption_luxury,"['plane', 'million', 'corruption', 'luxury', 'gift', 'accepting', 'his', 'corrupt', 'golf', 'rating']","['  pay attention we will get nothing from this deal but a luxury plane probably full of bugs that will belong to trump qatars major trading partner is china and with trumps tariff nonsense that isnt likely to change btw accepting vs excepting kinda screws up your point', ' tell us how you can get a  million dollar jet from the country that supports hamas people are suffering because of your demented tariff policies while you profitexplain pleasethat plane has bugs you will never find that will give qatar real time intel on you', '  he hasnt done one thing you just said \nhe has grifted a plane and am sure he has a lot to give to qatar for his golden plane  made a fool of himself around the world for fighting  with zelensky \nhas tariff us to death we are paying for his beautiful tariffs not china etc']"
129,23,129_cars_germany_eu_europe,"['cars', 'germany', 'eu', 'europe', 'european', 'subsidizing', 'value', 'wonder', 'usa', 'american']","[' it makes european cars cheaper for american consumer but american cars more expensive in europe so less desirable  an equal tariff on cars is not the same as trumps initial  tariff  btw the average eu tariff is   you know you could read up on this before asking', '  dude have you ever been to europe their roads are narrow most cars in italy amp uk are liter  to liters engine cars us cars start from liters why wouldnt the eu tariff us monstrous cars\nbesides us dominates swift amp milks it while the creator europe takes crumbs', '   if us cars be that good we in europe would pay this \njust buy more us cars yourselves less ue cars or japan cars and everything is fine\nand ue would not die with a  tariff on ue cars']"
130,23,130_russian_russia_sanctions_oil,"['russian', 'russia', 'sanctions', 'oil', 'congress', 'placing', 'gas', 'fan', 'stop', 'exported']","['  try again magoo sanctions dont stop all trade  billion imported to us from russia in  and only  million exported according to the formula used for everyone else there should be a  tariff on russian goods but once again trump is showing his ass to putin', 'the bill includes a  tariff on imports from countries that buy russian oil petroleum products natural gas or uranium according to a draft of the bill seen by bloomberg news other sanctions would also prohibit us citizens from buying russian sovereign debt according to', ' isnt there already a moratorium embargo globally on russian oil imposed by the us\n\nwhat percentage of us imports are russian\n\nalso russia banned many us imports in response to our involvement in ukraine \n\nit is pointless to tariff  on zero ']"
131,23,131_growth_quarter_bank_result,"['growth', 'quarter', 'bank', 'result', 'world', 'year', 'policies', 'economic', 'might', 'gdp']","['trumpdestroysworldeconomy trumptariffsaretrumptaxes the world bank says economic growth in the us might halve this year as a result of president trumps tariff policies  via ', 'the world bank says economic growth in the us might halve this year as a result of president trumps tariff policies  via ', 'the world bank says economic growth in the us might halve this year as a result of president trumps tariff policies ']"
132,23,132_aluminum_steel_canadian_canada,"['aluminum', 'steel', 'canadian', 'canada', 'canadas', 'canadians', 'trading', 'tons', 'resources', 'producers']","['the us does not produce enough steel and aluminum domestically to meet its total demand relying significantly on imports to fill the gap\n\nroughly  of us aluminum is imported with canada supplying nearly \n\nso this means that us companies are paying a  tariff maga', '   canadianbuilt with canadian steel and aluminum is tarifffree chinabuilt will be built in china and sailed here either way no us involvement', '   eliminate the tariffs this coming from a country that just imposed  percent on steel and aluminum  meanwhile us steel and aluminum is still entering canada tariff free']"
133,23,133_bloomberg_regime_economics_lose,"['bloomberg', 'regime', 'economics', 'lose', 'trillion', 'jobs', 'economy', 'world', 'will', 'cost']","['if trumps tariff regime endures the world economy will lose  trillion by  and will cost the us  jobs bloomberg economics predicts ', 'if trumps tariff regime endures the world economy will lose  trillion by  and will cost the us  jobs bloomberg economics predicts ', 'if trumps tariff regime endures the world economy will lose  trillion by  and will cost the us  jobs bloomberg economics predicts ']"
134,23,134_fed_uncertainty_feds_initially,"['fed', 'uncertainty', 'feds', 'initially', 'volume', 'says', 'level', 'still', 'range', 'forecast']","['us fed   considerable uncertainty on tariff policies and effects', 'feds bostic\n\nbusinesses say demand is still strong enough to justify their current workforce though they are developing contingency plans\n\ncurrent us tariff level is better than it was as initially proposed but still high enough that it is difficult to assess what will happen', 'feds bostic the current us tariff level is better than initially proposed but still high enough that it is difficult to assess what will happen  ']"
135,22,135_collected_billion_monthly_record,"['collected', 'billion', 'monthly', 'record', 'revenue', 'five', 'may', 'treasury', 'months', 'june']","[' just in the us collected a record  billion in tariff taxes from americans in may', 'breaking tariff revenue collected in the us in may hit a record  billion following  billion in april\ncustoms and certain excise taxes have more than doubled over the last  months\nyeartodate the government has collected  billion in tariff revenue', 'trumps tariff revenue is on pace for another monthly record in june  via      this billion was collected from our american businesses after products arrived in usaplain english its taxes on citizens']"
136,22,136_small_businesses_business_owners,"['small', 'businesses', 'business', 'owners', 'consider', 'owner', 'hed', 'joined', 'taxes', 'baby']","['trumps tariff taxes are devastating our small businesses\n\nsen smith and i joined beth benike owner of busy baby and minnesota small business person of the year along with business owners from across the country to call on president trump to end the trade chaos ', 'tldr trumps tariff policies are detrimental to small businesses in northern colorado from the article and a local small business owner its a horrible deal grossman said in response on june  its a horrible deal for small businesses businesses like mine ', 'president trumps tariff taxes are increasing costs and creating chaos for small businesses including for busy baby a small business in minnesota\n\ni joined  to stand up for small business owners who are bearing the brunt of trumps tariffs hear their stories']"
137,22,137_japan_japanese_debt_yields,"['japan', 'japanese', 'debt', 'yields', 'liquidity', 'interest', 'bond', 'result', 'bonds', 'gaining']","[' whatever tariff levied on japan that has not been agreed by japan then japan should sell the equivalent percentage of us bonds', 'japan no easy concession on tariffs  will japanese yields trend upward if tariff negotiations result in removal of tariffs on us product by japan also spelling liquidity risk in the japanese markets amp beyond fomc vix spy orcl mstr gme stripe c', 'japan no easy concession on tariffs  will japanese yields trend upward if tariff negotiations result in removal of tariffs on us product by japan also spelling liquidity risk in the japanese markets amp beyond economics industry markets finance wsj']"
138,22,138_usmca_canada_mexico_free,"['usmca', 'canada', 'mexico', 'free', 'agreement', 'between', 'negotiated', 'called', 'trade', 'canadas']","[' yet both canada and mexico who had a zerotariff free trade deal usmca that trump said was the best trade deal ever are stuck with  tariffs which violate said agreement so much for closest trading partners and allies', '    so please tell me with  of all trade between us being tariff free free trade deal called usmca how does canada fuck you on trade', ' trump signed the usmca in  replacing the north american free trade agreement he announced in march that the usmca would be exempted from a  percent tariff he imposed on all goods from mexico and canada\n\n']"
139,22,139_car_canada_cars_auto,"['car', 'canada', 'cars', 'auto', 'parts', 'vehicle', 'manufactured', 'canadian', 'vehicles', 'usmca']","[' wrong the tariff is only on the non canadianus parts of the car not on the whole car byd uses ai for most of the manufacturing  why would it pay us to build their cars at a higher cost thats a king topple', ' is this more fear mongering by the liberals just like the  they said was on the auto industry but its only on the non us parts if the vehicle is assembled in canada but with  us parts theres only a  tariff on  non us parts', 'so canadian buyers of vehicles manufactured in canada will pay part of the extra tariff that us customers will pay for a canadian manufactured vehicle in effect the car companies are forcing canadian consumers to subsidize american consumers of vehicles manufactured in canada']"
140,22,140_reciprocal_tariffs_act_country,"['reciprocal', 'tariffs', 'act', 'country', 'levied', 'options', 'security', 'thus', 'dead', 'levies']","[' reciprocal tariffs are dead but trump has  other options to discuss trump wants to maneuver around the courts tariff crackdown  ', ' what about the reciprocal tariff act of  since president trump is utilizing reciprocal tariffs', 'trump argued for reciprocal tariffs but if a country lowers tariffs on us goods to  he wont honor reciprocity\n\nhell keep the minimum  tariff  making things more expensive for the american consumer\n\nbtw his reciprocal tariffs were not such thing trumplies']"
141,21,141_forever_peace_failing_fun,"['forever', 'peace', 'failing', 'fun', 'he', 'war', 'distraction', 'putin', 'brilliant', 'epstein']","['brilliant answer by  trump and nazi  deployed the national guard into a peaceful situation as a distraction from the disastrous tariff policies trump featured prominently in the epstein files and his verbally fellating putin daily nuremberg', ' all of trumps supposed peace talks are failing\n\ntrumps vanity parade was an abysmal failure\n\ntrumps tariff war is failing\n\nso trump sends out his clown advisors and cabinet members to the sunday shows to change the subject with conspiracy theories lies and baffoonery', 'donald trump forever negotiating a ceasefire forever awaiting tariff deals forever lusting after putin xi jong un and elon musk forever trying to break  on the golf course man trump is the greatest loser of all time  or so many people say lots  ']"
142,21,142_lies_republic_talks_xi,"['lies', 'republic', 'talks', 'xi', 'lying', 'china', 'about', 'tv', 'claim', 'usa']","['china exposes trumps lies about floundering tariff talks  via ', 'china exposes trumps lies about floundering tariff talks  the new republic ', 'china exposes trumps lies about floundering tariff talks \n the new republic ']"
143,21,143_iran_russia_nuclear_would,"['iran', 'russia', 'nuclear', 'would', 'military', 'oil', 'told', 'china', 'ukraine', 'wed']","['iran is not along the close supporters of  iran are  china pakistan russia turkey india and pakistan had conflict  china and us had tariff war russia has military actions in ukraine israel is using this time to attack  iran', ' dont downplay the sheer brilliance of conducting the tariff negotiations while planning to take down iran   not one country said a wordtrump even got china and russia to isolate iran', 'dont downplay the sheer brilliance of conducting the tariff negotiations while planning to take down iran\n  not one country said a wordtrump even got china and russia to isolate iran\nd chess']"
144,20,144_day_pause_except_china,"['day', 'pause', 'except', 'china', 'paused', 'announces', 'small', 'sides', 'beijing', 'boost']","['donald trump announces day pause on tariffs except for china which hes raising to \nmarkets open positive as a reaction to this usa tariff  \nustariff tariffs tariffwar ', 'chinas response comes after a day trumpled us administration announced a day pause on higher tariffs on trade partners except china where duties were raised to  per cent\n\nread here \n\ndnaupdates  donaldtrump  chinaus  tradewar  trumptariff ', 'trumptariff news day pause except for china ']"
145,20,145_coin_asset_ignore_debacle,"['coin', 'asset', 'ignore', 'debacle', 'adding', 'man', 'exposure', 'real', 'tied', 'launch']","[' fartcoin isnt just a meme coin its a hedge against geopolitical problems\n\npeople forget fartcoin was the best performing asset during trumps initial tariff fiasco\n\nlong farts', 'fartcoin really is the chosen asset\n\nit outperformed every asset during the initital trump tariff drama \n\nthis isnt just a meme coin', 'pepe coin breaking news\n\n pepe the chosen meme coin\n tariff deals happening now\n fed bringing us into risk on asset favorable environment\n\nbullish on pepe coin ']"
146,20,146_sentiment_consumer_expectations_uncertainty,"['sentiment', 'consumer', 'expectations', 'uncertainty', 'confidence', 'optimism', 'sees', 'index', 'amid', 'inflation']","['us consumer sentiment sees largest drop since  after trump tariff chaos ', 'us consumer sentiment and expectations fall again in april as tariff uncertainty continues  via ', 'us consumer sentiment and expectations fall again in april as tariff uncertainty continues  via ']"
147,20,147_panic_disaster_zone_broke,"['panic', 'disaster', 'zone', 'broke', 'crazy', 'via', 'total', 'retreat', 'pattern', 'reference']","[' trump admirer velina found a tiny bit of good news in a ocean of disaster inspite of worldwide consensus as evidenced in market selloff that tariff policy implemented by trump is a disaster for both us economy and the world economy', 'trump has total freakout as tariff panic erupts  via ', 'trump has total freakout as tariff panic erupts  via ']"
148,20,148_navarro_peter_butt_ruining,"['navarro', 'peter', 'butt', 'ruining', 'garbage', 'busy', 'him', 'building', 'created', 'mess']","[' peter navarro or ron vara is a disgrace in the administration trump needs to kick him out and replace him with someone else like kevin o navarro turns out to be a lier about tesla and a stupid hack glad trump turned to scott b for tariff negotiation navarro is done', 'how peter navarro went from democrat to inmate to trumps tariff guru\n ', 'how peter navarro went from democrat to inmate to trumps tariff guru   ']"
149,20,149_hurting_short_reckless_economy,"['hurting', 'short', 'reckless', 'economy', 'disaster', 'mess', 'killed', 'shake', 'slowing', 'tantrums']","[' trumps tariff tantrums arent just hurting the american economy  theyre slowing global economic growth\n\ndonald is an unmitigated disaster', ' trumps tariff tantrums arent just hurting the american economy  theyre slowing global economic growth\n\ndonald is an unmitigated disaster', ' really  hes hurting the nation for political reasons trump has made a mess of the economy in four short months with his tariffno tariff cyclic maneuvers and inability to deliver on any campaign promises even his immigration policies are a mess further disrupting the economy']"
150,20,150_senate_senators_resolution_vote,"['senate', 'senators', 'resolution', 'vote', 'measure', 'republicans', 'voted', 'washington', 'powers', 'stalled']","['kentucky your  senators are voting with democrats to halt trumps reciprocal tariff their betrayal was successful dems passed resolution  \nkentucky you overwhelmingly voted for trump your senators are failing you and us please let them know your disappointment', 'the resolution to rein in trumps tariff authority stalled on a  tie with two senators missing the vote\n', 'breaking    \n\na bipartisan measure to undo trumps global tariffs fails in the senate\n\nthe resolution to rein in trumps tariff authority stalled on a  tie with two senators missing the vote\n\n']"
151,19,151_urges_slightly_admits_hitting,"['urges', 'slightly', 'admits', 'hitting', 'minister', 'pm', 'prime', 'received', 'growth', 'united']","['kuala lumpur may   prime minister datuk seri anwar ibrahim today confirmed that malaysia has initiated early discussions with the united states on the  per cent reciprocal tariffs imposed under the us liberation day trade policy\n\n ', 'pm anwar admits us tariff war hitting malaysias growth slightly trump urges americans to hang tough\n\nlatest vanakkammalaysia pm anwar admits ustariff war hitting malaysia growth slightly trump urges americans hangtough trendingnewsmalaysia malaysiatamilnews ', 'pm anwar admits us tariff war hitting malaysias growth slightly trump urges americans to hang tough\n\nlatest vanakkammalaysia pm anwar admits ustariff war hitting malaysia growth slightly trump urges americans hangtough trendingnewsmalaysia malaysiatamilnews ']"
152,19,152_chaos_corruption_reckless_hedge,"['chaos', 'corruption', 'reckless', 'hedge', 'sec', 'closed', 'funds', 'ignores', 'street', 'behind']","[' trump launches a reckless tariff war wrecks the us and global economy then surrenders to china behind closed doors sec bessent leaks it to hedge funds firstlike a wall street watchdog this isnt economic policy its clownlevel chaos wrapped in oligarchic corruption', ' trump launches a reckless tariff war wrecks the us and global economy then surrenders to china behind closed doors sec bessent leaks it to hedge funds firstlike a wall street watchdog this isnt economic policy its clownlevel chaos wrapped in oligarchic corruption', ' trump launches a reckless tariff war wrecks the us and global economy then surrenders to china behind closed doors sec bessent leaks it to hedge funds firstlike a wall street watchdog this isnt economic policy its clownlevel chaos wrapped in oligarchic corruption']"
153,18,153_plane_gift_brings_owe,"['plane', 'gift', 'brings', 'owe', 'aircraft', 'value', 'air', 'though', 'commercial', 'space']","[' when he brings that plane to the us doesnt he owe the tariff on the value even though its a gift', ' if he brings that plane to the us doesnt he owe the tariff on the value even though its a gift', ' when he brings that plane to the us doesnt he owe the tariff on the value even though its a gift']"
154,18,154_talks_underway_says_negotiations,"['talks', 'underway', 'says', 'negotiations', 'no', 'china', 'donaldtrump', 'there', 'rejects', 'cnbc']","['china says there are no tariff talks with the trump administration china donaldtrump\n', 'china says there are no tariff talks with the trump administration china donaldtrump\n', 'china says there are no tariff talks with the trump administration china donaldtrump\n']"
155,18,155_doge_saving_bringing_billion,"['doge', 'saving', 'bringing', 'billion', 'republicans', 'collapse', 'saved', 'america', 'day', 'financial']","['trump says us taking in  billion a day from tariffs  \n\namerica is earning  billion a day from tariff s trumptariffs doge saving us  bringing in  is saving america from financial collapse\nrepublicans', 'trump says us taking in  billion a day from tariffs  \n\namerica is earning  billion a day from tariff s trumptariffs doge saving us  bringing in  is saving america from financial collapse\nrepublicans ', 'trump says us taking in  billion a day from tariffs  \n\namerica is earning  billion a day from tariff s trumptariffs doge saving us  bringing in  is saving america from financial collapse\nrepublicans ']"
156,18,156_summit_finance_leaders_canada,"['summit', 'finance', 'leaders', 'canada', 'tensions', 'east', 'newsom', 'russia', 'disputes', 'reportedly']","['g summit june in canada may decide tariff future\nth anniversary summit will spotlight us trade policy including trumps liberation day tariffs scheduled july investors should watch closely for policy signals\nhashtags\ngsummit tariffs tradepolicy ', 'g summit shifts focus to israeliran conflict as global tensions rise\n\ng summit in alberta canada starting june   pivots to israels attacks on iran\n\noriginally set to tackle russiaukraine war and trumps tariff plans\n\nisraels strikes without clear us', 'ahead g summit finance ministers seek nontariff consensus in canada may face us pushback  via  news express']"
157,18,157_news_reporting_dome_breaking,"['news', 'reporting', 'dome', 'breaking', 'golden', 'moment', 'politics', 'ago', 'live', 'latest']","['    people not interested media wasting time on gotcha moments to catch a new cabinet team that still needs time to meet news on economy or security fronts interest us  nato summit g tariff talks golden dome ', '  why i love the reporting i love their opeds and they have been spot on in reporting on trumps tariff scheme and the resulting nuclear winter in the bond market\n\nread something else if you dont like it go read  instead of ruining respected papers', 'the epoch times  breaking news latest news world news and videos trump tariff negotiating tactics working again  ']"
158,18,158_geopolitics_minister_ustariff_senior,"['geopolitics', 'minister', 'ustariff', 'senior', 'minerals', 'uschina', 'defense', 'strategic', 'washington', 'read']","['m laksomono also emphasised how indonesia need to use a more adaptive and proactive approach to build a defence industry technology consortium\n\nsemarsentinel tariff ustariff uschina geopolitics economy defense indonesiadefence tni kemhan indhan', 'm maulana also emphasised that indonesia needs to push for strategic diplomacy focusing on partnerships and avoid overreliance\n\nsemarsentinel tariff ustariff uschina geopolitics economy politicaleconomy tkdn localcontent indonesiadefence tni kemhan indhan', 'indonesia offers us critical minerals joint investment as part of tariff talks\n\nto jointly invest in a critical minerals project as part of its tariff negotiations with washington its senior economic minister said on monday\n']"
159,18,159_rating_downgrade_credit_yr,"['rating', 'downgrade', 'credit', 'yr', 'bond', 'impacting', 'doge', 'triggered', 'debt', 'yield']","['headlines\n\nmoodys downgrade of the us credit rating triggered an early retreat but the spx still managed to close higher\n\ntreasury yields surge as the downgrade triggered a riskoff move in bonds investors are uncertain about trumps tariff and fiscal policies', 'moodys unitedstates credit rating tariffs downgraded\nrecently under the tremendous weight of trumps tariff war against the world moodys downgraded the us credit rating to aa\n ', ' moodys downgrade of the us credit rating is a sobering reminder of the countrys growing fiscal challenges  rising deficits debt sustainability concerns and the added pressure of trumps tariff policies while markets rallied last week on trade optimism this downgrade']"
160,17,160_bitcoin_giants_chinese_crypto,"['bitcoin', 'giants', 'chinese', 'crypto', 'establish', 'btc', 'production', 'top', 'digital', 'create']","[' chinese bitcoin hardware titans control  of market now coming to america to dodge trump tariff war\n\nchinese bitcoin hardware giants controlling  of the global market are rushing to establish us production facilities as trumps tariff policies create a digital ', ' chinese bitcoin hardware giants controlling  of the global market are rushing to establish us production facilities as trumps tariff policies create a digital dependency trap for american crypto infrastructure\n\nchina us bitcoin', ' chinese bitcoin hardware giants controlling  of the global market are rushing to establish us production facilities as trumps tariff policies create a digital dependency trap for american crypto infrastructure\n\nchina us bitcoin\n']"
161,17,161_depression_act_great_learn,"['depression', 'act', 'great', 'learn', 'sparking', 'past', 'passed', 'protect', 'signed', 'sharply']","[' who is screwing american people\n\nthose who dont learn from the past\nin  the us passed the smoothawley tariff act sharply raising tariffs on many imports meant to aid american farmers and industry it instead deepened the great depression by sparking a global trade', ' those who dont learn from the past\nin  the us passed the smoothawley tariff act sharply raising tariffs on many imports meant to aid american farmers and industry it instead deepened the great depression by sparking a global trade war', '   great that still had nothing to do with why the hawleysmoot tariff act failed and why it drove us into the great depression']"
162,17,162_friends_allies_our_ally,"['friends', 'allies', 'our', 'ally', 'nato', 'were', 'we', 'ok', 'attacks', 'seriously']","[' people who are so afraid andor cant grasp that we live in a geopolitical sphere think allies trust in our nation is not important compared  to the blistering verbal attacks tariff threats and strongarm image that is alienating us from our friends', '   every other country including our friends or allies were ripping this country off and all had higher tariff rates than us biden was ok was that because we were buying allies friendship and you seem to be ok with it too', ' seriously they and our other so called friends bitch and moan about a  tariff saying were supposed to be their ally but its ok for all our allies to rake us over the coals and steal all our industries']"
163,17,163_eu_spending_decides_defence,"['eu', 'spending', 'decides', 'defence', 'brain', 'link', 'understanding', 'rules', 'nato', 'story']","['spain is urging the eu to launch a coordinated emergency support plan for industries impacted by the us new tariff on eu imports\n\ntap the link in bio to learn more about this story\n\nwant to know more about this story click the link in bio\n\nspain eu tariffs tradewar ', '  errr the eu has no authority over the us customs border  if the us decides the tariff for any goods originating in spain and there is nothing the eu or spain  can do about it the eu has two options dont export to the us or enter a trade dispute they cannot compel the us', '   us pop pays tariff  not spain \n\n  up to eu  nothing binds us to eu self defined rules of biz  eu is not a country although they make rules like they think they are\n\naside weakness of eu is cannot force member to pay defence at a set level because fiscal not aligned']"
164,17,164_monthly_revenues_billion_june,"['monthly', 'revenues', 'billion', 'june', 'money', 'lot', 'increase', 'gone', 'numbers', 'coming']","['tariff revenues are skyrocketing \n\nthis is the monthly numbers and they have gone up a lot june is set for another big increase of  billion that is money coming into us coffers from tariffs', 'tariff revenues are skyrocketing \n\nthis is the monthly numbers and they have gone up a lot june is set for another big increase of  billion that is money coming into us coffers from tariffs ', 'tariff revenues are skyrocketing \n\nthis is the monthly numbers and they have gone up a lot june is set for another big increase of  billion that is money coming into us coffers from tariffs ']"
165,17,165_understand_estate_clear_he,"['understand', 'estate', 'clear', 'he', 'tantrums', 'morning', 'obviously', 'opinion', 'speech', 'business']","['  trump gave a minute speech at west point this morning honoring cadets talking about their role in keeping america safe while juggling massive national issues like chinas tariff retaliation hitting our farmers and a media thats been ripping him apart  hes also', 'opinion trump doesnt understand business  his tariff tantrums make that clear ', 'opinion trump doesnt understand business  his tariff tantrums make that clear \n']"
166,16,166_amazing_provided_opportunities_followed,"['amazing', 'provided', 'opportunities', 'followed', 'bought', 'love', 'drop', 'month', 'buying', 'stocks']","[' the market drop after trumps tariff policy provided many buying opportunities i followed  bought  stocks and made  in one month\nthis is amazing i love you jesse', ' the market drop after trumps tariff policy provided many buying opportunities i followed  bought  stocks and made  in one month\nthis is amazing i love you jesse', '  the market drop after trumps tariff policy provided many buying opportunities i followed  bought  stocks and made  in one month\nthis is amazing i love you jesse']"
167,16,167_ban_achieve_imposing_sitting,"['ban', 'achieve', 'imposing', 'sitting', 'barely', 'missing', 'store', 'shelves', 'or', 'selling']","['   maybe just maybe she knows that doing virtue singling pointless things are just that im not sure if you have any background training or experience it in policy analysis or trade policy but here is my question \n\nwhat would imposing a tariff or ban on us liquor achieve', '    what would imposing a tariff or ban on us liquor achieve', '   what would imposing a tariff or ban on us liquor achieve']"
168,16,168_minutes_trumptariff_firms_consumers,"['minutes', 'trumptariff', 'firms', 'consumers', 'pass', 'cost', 'fed', 'costs', 'thousands', 'plan']","['us firms plan to pass trump tariff costs to consumers fed minutes ', 'firms plan to pass trumptariff cost to consumers  fed minutes\n\nwell who knew \n ', 'usa firms plan to pass trumptariff costs to consumers fed minutes ']"
169,16,169_imagine_americans_sends_month,"['imagine', 'americans', 'sends', 'month', 'party', 'raising', 'national', 'hard', 'washington', 'tax']","['  the trump national tariff tax takes  billion from hard working americans in just one month and sends it to washington \n\nnow imagine how much the trump tax will cost americans in a year \n\nmaga the party of raising taxes', ' the trump national tariff tax takes  billion from hard working americans in just one month and sends it to washington \n\nnow imagine how much the trump tax will cost americans in a year \n\nmaga the party of raising taxes', ' the trump national tariff tax takes  billion from hard working americans in just one month and sends it to washington \n\nnow imagine how much the trump tax will cost americans in a year \n\nmaga the party of raising taxes']"
170,16,170_reset_total_negotiated_talks,"['reset', 'total', 'negotiated', 'talks', 'progress', 'says', 'underway', 'great', 'uschina', 'being']","['trump says a total reset is being negotiated in the uschina tariff talks with great progress underway ', 'trump says us and china negotiated total reset in tariff talks\n ', 'trump says us and china negotiated total reset in tariff talks donaldtrump china\n']"
171,16,171_admits_economist_genius_top,"['admits', 'economist', 'genius', 'top', 'may', 'president', 'john', 'reversal', 'all', 'economy']","['is trump a genius top economist and tariff skeptic admits president may have outsmarted us all on the economy \nthe art of the deal\n', 'is trump a genius top economist and tariff skeptic admits president may have outsmarted us all on the economy i say yes', 'is trump a genius top economist and tariff skeptic admits president may have outsmarted us all on the economy\n\n']"
172,16,172_congressional_deficits_budget_trillion,"['congressional', 'deficits', 'budget', 'trillion', 'sweeping', 'office', 'purchasing', 'households', 'reducing', 'according']","['washington ap  trumps sweeping tariff plan would cut deficits by  trillion over  years while shrinking the economy raising the inflation rate and reducing the purchasing power of households overall according to an analysis released wednesday by the congressional ', 'trump tariffs would cut deficits by  trillion shrink the economy cbo says\n\npresident trumps sweeping tariff plan would cut deficits by  trillion over  years while shrinking the economy the nonpartisan congressional budget office said\n\n', ' trumps sweeping tariff plan would cut deficits by  trillion over a year period while shrinking the economy raising the inflation rate and reducing the purchasing power of households overall according to an analysis released wednesday by the congressional budget office']"
173,16,173_swamp_crypto_protest_solid,"['swamp', 'crypto', 'protest', 'solid', 'trend', 'heavily', 'bullish', 'payment', 'moving', 'past']","['xrp is up  in just past days good job we got out of the mucky swamp tariff and protest war cant stop us cause trumps economy is rock solid hard and moving heavily upward trend with the rsi and we have a bullish divergence \n\nwe should see new price discovery soon maybe', ' xrp is up  in just past days good job we got out of the mucky swamp tariff and protest war cant stop us cause trumps economy is rock solid hard and moving heavily upward trend with the rsi and we have a bullish divergence \n\nwe should see new price discovery soon maybe', ' xrp is up  in just past days good job we got out of the mucky swamp tariff and protest war cant stop us cause trumps economy is rock solid hard and moving heavily upward trend with the rsi and we have a bullish divergence \n\nwe should see new price discovery soon maybe']"
174,15,174_navarro_lutnick_peter_bessent,"['navarro', 'lutnick', 'peter', 'bessent', 'wsj', 'pause', 'oval', 'advantage', 'took', 'convince']","['treasury sec scott bessent and commerce sec howard lutnick rushed to intercept trump when they knew peter navarro was preoccupied so they could talk him into tariff pause wo navarro pushback they stayed until trump posted on truth social ', 'someone pried the everpresent peter navarro out of the oval office and markets were finally calmed \n\ntreasury secretary scott bessent and commerce secretary howard lutnick were able to convince trump to hit pause on the tariffs while tariff hawk peter navarro was at a meeting', 'peter navarro trumps tariffloving trade adviser was constantly hovering around the oval office \n\nsowhen navarro was scheduled to meet with economic adviser kevin hassett in a different part of the white house bessent and lutnick made their move\nthey rushed to the']"
175,15,175_hes_understand_subsidies_he,"['hes', 'understand', 'subsidies', 'he', 'would', 'him', 'imposing', 'countries', 'government', 'thought']","['  i think you might have that backwards my dude\n\nping is an autocrat who is so busy trying to solve his countrys devastating population problem brought on by  years of a  child policy that he has zero political capital to go toe to toe with us in a long term tariff war', ' he just doesnt understand tariffs\nnow hes saying countries will pay a tariff to shop in the us so hes now putting tariffs on exports', ' shitrael only imports from the us which is provided foc why would anyone tariff a country that controls their government trump doesnt understand tariffs he thinks trade deficits are tariffs against the us how does he not have advisors telling him the truth']"
176,15,176_housing_home_worry_administrations,"['housing', 'home', 'worry', 'administrations', 'immigration', 'republican', 'debt', 'even', 'increases', 'houses']","['how trumps tariff policy could shake up the us housing market\n\n', '  republican policies like the  tax cuts t deficit  gdp debt and  tariffs have raised costs and debt deregulation may worsen housing and inequality not to mention so many businesses going under due to trumps  ridiculous tariff increases economy policyfacts', 'us tariff hike could impact housing prices  nalumisa\n\ngovernment\n']"
177,15,177_cars_canada_says_made,"['cars', 'canada', 'says', 'made', 'drug', 'reuters', 'canadian', 'could', 'go', 'increase']","['trump says  tariff on cars made in canada could go up  reuters smartnews  ', 'trump says  tariff on cars made in canada could go up ', 'trump says  tariff on cars made in canada could go up  cdnpoli']"
178,15,178_states_administration_brief_policy,"['states', 'administration', 'brief', 'policy', 'governor', 'stop', 'international', 'york', 'gov', 'general']","['us states file lawsuit against trump administration over tariff policy\n\n', 'a dozen states sue the trump administration to stop tariff policy\n\n', 'a dozen states sue the trump administration to stop tariff policy\n']"
179,15,179_smoke_canadian_constant_border,"['smoke', 'canadian', 'constant', 'border', 'whitehouse', 'mr', 'canada', 'sick', 'st', 'shot']","['has trump announced the tariff on the canadian wild fire smoke crossing the border', 'mr president trump can we impose a tariff on smoke from canadian wildfires', '\n\nin western pa we are getting a lot of smoke from the canadian wildfires\n\nplease see if you dad can tariff this smoke\n\nthis is the second year of canada smoking on us\n\nthanks']"
180,15,180_conservatives_canadian_linked_lost,"['conservatives', 'canadian', 'linked', 'lost', 'election', 'bigger', 'considering', 'elected', 'majority', 'thinking']","['   i think pierre poilievre did a great job considering the conservatives dropped  after the tariff stuff and his party recovered  of that by election day and the conservatives got their best  share of vote since \ntrump created a nightmare scenario for them and they came', ' i wonder if the loss of his seat as well as that of canadian opposition leader pierre poilievre who also lost his seat is linked to trumps tariff policies just putting it out there as a bigger question', ' i wonder if the loss of his seat as well as that of canadian opposition leader pierre poilievre who also lost his seat is linked to trumps tariff policies just putting it out there as a bigger question']"
181,14,181_tarrifs_tarrif_halt_just,"['tarrifs', 'tarrif', 'halt', 'just', 'orders', 'were', 'happened', 'using', 'doomed', 'already']","['just in trumps adds  tarrifs to ethereum\n\nis it the end of eth ', 'holy cow  if you want to fuel comments on your post just mention the word trump \ni should also remind everyone that trump and tarrifs are not new  again im just reporting the facts trump used tarrifs during his first term on march   trump announced his intention', '\ntrump trumptariff tarrifs tarriffwar vinylrecords records \ntarrifs may affect vinyl manufacturing in usa']"
182,14,182_africa_african_south_importing,"['africa', 'african', 'south', 'importing', 'article', 'nations', 'white', 'suspension', 'intended', 'export']","['in a new article nonres scholar  and junior fellow tani washington unpack the disparate tariff rates african countries are facing from the us the varied african responses and implications for the african growth and opportunity act agoa\n\n', 'tariffhit african nations have little to offer trump\n\n apr \n\n\n\n africa economics trade us ', ' south africa does more business with the us than with neighboring african nations trump said he is matching tariff energy country by country\na lot of german cars are manufactured in south africa\ntalk of bmv and some volkswagen car parts']"
183,14,183_minister_bn_prime_agriculture,"['minister', 'bn', 'prime', 'agriculture', 'critics', 'new', 'onto', 'short', 'importer', 'military']","[' america is our friend and ally  how about you retire as nz prime minister to carry on your  tds globalist agenda\n\nat this rate trump will put a  tariff on nz for working with the enemies of usa', 'deputy prime minister and foreign minister winston peters has sought to silence critics who insist that new zealand should be responding hard and publicly to us president donald trumps tariff policy\n', 'deputy prime minister and foreign minister winston peters has sought to silence critics who insist that new zealand should be responding hard and publicly to us president donald trumps tariff policy  \n']"
184,14,184_savings_individual_tax_possibly,"['savings', 'individual', 'tax', 'possibly', 'income', 'making', 'average', 'benefit', 'billions', 'eat']","[' the average tax savings for an individual earning k is possibly  the trump tariff tax will eat up all this benefit  an individual making k the tax liability is   at k the tax is   a  reduction is  and  not  mtg is wrong', ' the gop lies the average tax savings for an individual earning k is possibly  the trump tariff tax will eat up all this benefit  an individual making over million will have a savings of   who really benefits by the republican tax bill  vote them out', ' generation wealth only for the top  \nthe average tax savings for an individual earning k is possibly  the trump tariff tax will eat up all this benefit  an individual making over million will have a savings of ']"
185,14,185_ccp_chinese_barrel_oppose,"['ccp', 'chinese', 'barrel', 'oppose', 'keeping', 'tarifffree', 'communist', 'nd', 'scheme', 'goal']","['needs to be part of trump  ccp tariff negotiations \n \nsuspected ccp cuba partnership one of the most brazen intelligence operations near us gimenez  \n\n', 'china tariff  ccp wars against america plus covid   add fee for covid damages plus protecting hormuz for ccp oil from iran\nccp stop leveraging us tariffs in africa show some honor \n\n', ' tariff war with china will not work ccp is not elected they can ask people to eat grass for years while paint the us as an evil people at gun point will shout long life ccp while eating shit it happen in s already find an expert of chinese affair or check ccp assets']"
186,14,186_granted_domestically_produces_live,"['granted', 'domestically', 'produces', 'live', 'consumption', 'met', 'worlds', 'exemption', 'bullshit', 'food']","['  do you see how this tariff nonsense doesnt help us at all\n\ndo you see how it cannot remedy the nonproblem that it pretends to address \n\nwe live in a global supply chain taxing ourselves for doing business with the rest of the world wont make coffee beans grow in alaska', 'the national coffee assn lobbied for an exemption from the  tariff and even though it was met favorably by the trump administration it has not been granted us is worlds biggest importerconsumer of coffee and only domestically produces  of its coffee consumption', '  the national coffee assn lobbied for an exemption from the  tariff and even though it was met favorably by the trump administration it has not been granted us is worlds biggest importerconsumer of coffee and only domestically produces  of its coffee consumption']"
187,14,187_chicken_always_out_backfire,"['chicken', 'always', 'out', 'backfire', 'game', 'many', 'via', 'suggested', 'boycott', 'refuse']","['trump loses when he doesnt chicken out\n\ntariffs backfire cocacola respond to trumps tariff by leaving america  via ', ' so do you want tariffs  or not\n\nwhy is trump a chicken if he chooses not to charge a country a tariff\n\ni dont get it', ' the inequality is the restriction on us trade trump is not trying to balance the flow into and out of america as previously suggested he just wants restrictions lifted\n\nus chicken tariff is actually eu law which stop us chicken market from competing with eu chicken market']"
188,14,188_steel_japan_japanese_promised,"['steel', 'japan', 'japanese', 'promised', 'company', 'workers', 'terrorism', 'deal', 'develop', 'taco']","['  must tariff japanese steel  however let a japanese company buy us steel  yeah art of the deal if the deal is a personal favor for trump granted later', ' need to know did trump allow japan to buy us steel  if so why dont give a shit about tariff at what  is us steel owner  why do you think this is good  you promised you promised no foreign comp would ever own a us company   its located in us', '  us steel is in the process of being purchased by japans nippon steel if steel is shipped in from japan how will a  tariff be helpful to the american portion of the merged corporation']"
189,14,189_ports_shipping_empty_port,"['ports', 'shipping', 'empty', 'port', 'impact', 'global', 'does', 'moment', 'east', 'coming']","['are us ports empty and what impact does the tariff have on global shipping whats going on with shipping', 'are us ports empty and what impact does the tariff have on global shipping  via ', 'are us ports empty and what impact does the tariff have on global shipping \n\n via  ']"
190,14,190_network_data_service_trash,"['network', 'data', 'service', 'trash', 'increasing', 'your', 'useless', 'die', 'faster', 'increased']","[' just say your services arent for the average person anymore i dont even blame you  its the government that has failed to regulate the telecom sector you guys keep increasing your data tariff without conscience\n\nsome of us are trying to do tech but data is choking us ', '   una dey mad you increased tariff for what to serve us g in  to steal our data faster your network is trash your customer service is useless and your greed knows no bounds every damn day its pay more get less useless thieves in suits', '  your network is a total failure in this technology age we in at  nigerians are still struggling to gain access to it we subscribe for data and then you disrupt the network allowing us to suffer a loss and our money wasted you increased the data tariff prices']"
191,14,191_factors_take_bn_her,"['factors', 'take', 'bn', 'her', 'should', 'institute', 'long', 'goods', 'sale', 'an']","[' ireland  is putting a  tariff on the usa unless we take rosie odonnel back immediately \n\noprah should go to guadalcanal and learn us history  but then on her side of the island an accidental fire  may happen \nthese spoiled brats need to love  their country', '  all other factors equaledif a us good costs  more than an irish good but a tariff increases the irishs cost by  then the irish must absorb at least  in sale price in reality though several applestooranges factors do get in the way of simple price competition', ' ask ireland if theyre ruled from brussels\n\nthe irish government made a tax deal with apple to bolster their economy and eu closed it down\n\nwe give bn to eu but they didnt take it all but told us what to spend the bit they didnt take on \n\nuk also paid bn in tariffs']"
192,14,192_jobs_layoffs_workers_hundreds,"['jobs', 'layoffs', 'workers', 'hundreds', 'off', 'ford', 'laying', 'five', 'group', 'plants']","['  so ford laying off  workers after the tariff launch will bring back us jobs and manufacturing you dont understand how any of this works and are part of the problem', 'volvo group announces layoffs of hundreds of workers in us facilities amid tariff crisis ', ' tariff layoff tracker mack trucks volvo cut hundreds of jobs as trumps levies pose market uncertainty  \nvolvo group amp mack trucks confirm east coast layoffs steelmaker clevelandcliffs laid off  in michigan and minnesota gm and stellantis ditto ']"
193,13,193_millions_tax_republicans_taxes,"['millions', 'tax', 'republicans', 'taxes', 'healthcare', 'necessary', 'bill', 'cuts', 'eat', 'funds']","[' hey mr murphy can you tell us why if trumps claim that we have raked in millions amp millions of dollars in tariff revenue it is necessary for gop congress to enact a bill that will take millions out of medicaidmedicare funds\nwhy is this bill necessary', ' medicare too gop amp trump betrayed their rural voters bec they will cause their hospitals to close they will go hungry amp lose their healthcare trump attacks the billionaires who backed him by making them eat his tariff expensive goods a good portion of their tax cuts will eat', ' where is president trump getting the funds to vet social media posts from all over the world trump republicans passed tax bill making permanent millionaires tax cut hence from medicaid cuts tariff tax to poor americans']"
194,13,194_scam_assets_bullish_funds,"['scam', 'assets', 'bullish', 'funds', 'stay', 'alert', 'scheme', 'stealing', 'protect', 'investment']","['gsinvestment is a scam taking funds and disappearing without a trace stay alert and safeguard your assets\n\nbullrun bearish trumptariff bullish scam ', 'gsinvestment is a fraudulent scheme stealing funds and disappearing without a trace stay alert and protect your assets\n\nbullrun bearish trumptariff bullish scam ', 'gsinvestment is a scam taking funds and disappearing without a trace stay alert and protect your assets\n\nbullrun bearish trumptariff bullish scam ']"
195,13,195_pm_slap_silly_korea,"['pm', 'slap', 'silly', 'korea', 'south', 'history', 'brief', 'lesson', 'forgot', 'pissed']","[' so why still tariff isreal  south korea singapore  \n\nthe big complaint is we get charged to much well its  with isreal and  with south korea and singapore has a  billion trade deficit with us they need to apply the things they wanted upon those that did it', 'full speech singapore pm wong challenges america amid trump tariff war  via \nwow leaders around the world are not having it discussing history\ni think usa forgot whitewashing history is not going to work \n \nits time to be diplomatic', ' so why us still slap its silly tariff to country like singapore australia netherland and hongkong while us is the one on surplus\nor how you still slap your silly tariff to a country who didnt even give tariff to you such as chille under fta to us since  \nclown']"
196,13,196_gas_savings_figure_pain,"['gas', 'savings', 'figure', 'pain', 'groceries', 'heres', 'claims', 'real', 'fill', 'cheaper']","['trump claims americans gas savings will make up for tariff pain heres the real figure  the daily beast smartnews the truth will prevail ', 'trump claims americans gas savings will make up for tariff pain heres the real figure  the daily beast smartnews  ', 'trump claims americans gas savings will make up for tariff pain heres the real figure  via ']"
197,13,197_export_sweeping_bring_california,"['export', 'sweeping', 'bring', 'california', 'small', 'barriers', 'uncertainty', 'cheaper', 'etc', 'bias']","[' megsy is so fake it should be illegal to sell wine if you didnt grow the grapes etc from your own vineyards good thing here in canada we have a boycott of us wines and alcohol because of the trumps tariff war so this will only be sold in the usa i bet you small  to sell', ' lets bring the california wine back ill pay the extra tariff and you will even more money dont need you to decide for us  if you really want to bring the cost down cut the taxes on the liquors  \n\nbring back california wine ', ' remember no crayfish  wine etc export  the lnp cost us  short memory speers  but jump on steel tariff what a low grade bias  employee  you referred to the  the lnp  as your party election nite  how can viewers expect fair reporting  ']"
198,12,198_bill_russia_mr_russian,"['bill', 'russia', 'mr', 'russian', 'backs', 'backing', 'sanctions', 'enough', 'claimed', 'golf']","['us senators blumenthal and graham say enough is enough and want congress to pass a bipartisan bill with stronger sanctions on russia the bill includes a  tariff on imports from countries buying russian energy they believe this economic pressure is needed after russias', 'trump backs  tariff bill against russia  graham\n\n i was playing golf with him he says its time to move your bill claimed sen lindsey graham the everunhinged warmonger eager to blow up global trade in the name of punishing putin\n\ni have lindsey graham fatigue ', 'trump backs  tariff bill against russia  graham\n\n i was playing golf with him he says its time to move your bill claimed neocon sen lindsey graham ']"
199,12,199_african_africa_chinas_year,"['african', 'africa', 'chinas', 'year', 'whitehouse', 'china', 'results', 'rose', 'exports', 'nations']","['last year us total trade with africa was around  billion while chinas total trade with africa was around  billion\n\nall african nations except eswatini who recognizes taiwan will have tarifffree exports to china\n\n ', 'chinas zerotariff announcement for  african countries reflects strategic openness and winwin cooperation in contrast trumps tariff policies alienate africa and later the us may continue complaining about unsubstantiated predatory lending practice when it looses african ', 'china and  african nations urge the us to resolve trade tensions through equal respectful talks and pledge to expand zerotariff access for all african diplomatic partners  globalsouth africa china ']"
200,12,200_faces_economists_incompetent_billionaire,"['faces', 'economists', 'incompetent', 'billionaire', 'warning', 'scam', 'sparking', 'economy', 'ceos', 'pushes']","['trump faces a trilliondollar tariff disappointment ', 'trump faces a trilliondollar tariff disappointment ', 'trump faces a trilliondollar tariff disappointment ']"
201,12,201_mexico_steel_mexican_finance,"['mexico', 'steel', 'mexican', 'finance', 'close', 'fail', 'link', 'ease', 'warns', 'quota']","['according to bloomberg the us and mexico are close to reaching a deal to cancel president donald trumps proposed  tariff on mexican steel imports and replace it with a new import cap based on historical trade volumes the negotiations are being led by commerce secretary', 'mexico may retaliate over trumps steel tariff says sheinbaum\n\nmexican president sheinbaum threatened to take action against president trumps  steel tariff as soon as next week if negotiations with the us about an exemption fail ', 'the united states and mexico are closing in on a deal to ease steep tariffs on mexican steel through a tariffrate quota trq system\n\nmexico us steel manufacturing industry tariffs tradewar \n\n']"
202,12,202_bills_adding_ill_posting,"['bills', 'adding', 'ill', 'posting', 'criminal', 'any', 'theyd', 'effort', 'receipts', 'anywhere']","['companies are already adding a trump surcharge to bills to deal with tariff price increasesmaking america not great again  ', ' i voted for trump and id vote for him again i give zero fks whether the tariff surcharges are listed anywhere ill do my part and make a concerted effort to support american businessesbusiness owners', ' ill tell you the same thing i told him\n\ni wouldnt care if it wasnt completely politically motivated they never displayed tariff surcharges for any other tariffs implemented by any other president so the only reason theyd do so now is to get people mad at trump']"
203,12,203_gdp_cuts_dei_ignores,"['gdp', 'cuts', 'dei', 'ignores', 'dem', 'revenue', 'energy', 'fire', 'ai', 'inflation']","[' fire the dem corrupted cbo\n\nit assumes  gdp  inflation and \n ignores trumps  gdp  inflation \n\n tax cuts\n doge cuts\n ai productivity \n  bbl energy\n tariff revenue \n regulatory reform \n t foreign inv\n no dei mandates\n usts   interest rates', 'fire the dem corrupted cbo\n\nit assumes  gdp  inflation and \n ignores trumps  gdp  inflation \n\n tax cuts\n doge cuts\n ai productivity \n  bbl energy\n tariff revenue \n regulatory reform \n t foreign inv\n no dei mandates\n usts   interest rates ', ' fire the dem corrupted cbo\n\nit assumes  gdp  inflation and \n ignores trumps  gdp  inflation \n\n tax cuts\n doge cuts\n ai productivity \n  bbl energy\n tariff revenue \n regulatory reform \n t foreign inv\n no dei mandates\n usts  interest rates']"
204,12,204_msnbc_death_approach_donald,"['msnbc', 'death', 'approach', 'donald', 'impact', 'cuts', 'biggest', 'latest', 'surrounding', 'fascist']","['watch death by a thousand cuts approach nicolle wallace on the impact of donald trumps tariff whiplash  ', 'death by a thousand cuts approach nicolle wallace on the impact of donald trumps tariff whiplash  msnbc ', 'death by a thousand cuts approach nicolle wallace on the impact of donald trumps tariff whiplash  msnbc\n via ']"
205,12,205_tourism_ruining_city_falls,"['tourism', 'ruining', 'city', 'falls', 'trip', 'dc', 'york', 'mass', 'industry', 'washington']","[' tourism down  this is why   trump will make americans suffer for his tariff bs  uspoli', 'new york city falls in line with los angeles san francisco washington dc and las vegas as tourism collapses under trump tariff trade war and mass trip cancellations ', 'new york city falls in line with los angeles san francisco washington dc and las vegas as tourism collapses under trump tariff trade war and mass trip cancellations ']"
206,12,206_money_where_promises_question,"['money', 'where', 'promises', 'question', 'taxpayer', 'much', 'did', 'discussing', 'caving', 'questions']","['trumps tariff promises  where did all the money go  via ', '   where is the money trump should have proof to show us  theres no tariff money trump is a grifter thats it', ' question  trump said he would be transparent during his term so where is all the collected tariff money going  technically all the american people are contributing to the tariff collection pot because we are paying higher prices we should know where our money is going']"
207,12,207_apple_phones_iphone_iphones,"['apple', 'phones', 'iphone', 'iphones', 'factory', 'financially', 'payments', 'impossible', 'made', 'manufacturing']","[' even if apple is subject to the  china tariff their phones would still be way cheaper than if made in the us', ' dumbest idea ever apple will eat the tariff reducing their income and tax payments to the federal government why no tariff on the google or motorola phones which are made in china it is financially impossible to bring the manufacturing to the us in the meantime our pension ', ' dumbest idea ever apple will eat the tariff reducing their income and tax payments to the federal government why no tariff on the google or motorola phones which are made in china it is financially impossible to bring the manufacturing to the us in the meantime our pension ']"
208,11,208_retail_sales_fell_purchases,"['retail', 'sales', 'fell', 'purchases', 'beat', 'vehicle', 'april', 'drop', 'pulling', 'rush']","['retail sales mom\ntuesday june     pm utc  \n\n us retail sales  mom may consumer spending slowed amid tariff fears yet beat expectations core sales fell  raising concerns for q gdp momentum  \n\nevent   \n continue  ', 'us retail sales fell by  in may the steepest drop since the start of the year in april they fell by  in march consumers made purchases ahead trumps tariff dictum mays data reflect the effects car amp autopart sales decreased by econ', 'us retail sales dropped more than expected in may weighed down by a decline in motor vehicle purchases as a rush to beat potential tariffrelated price hikes ebbed but consumer spending remains supported by solid wage growth for now   retail landlord']"
209,11,209_video_strategy_donaldtrump_present,"['video', 'strategy', 'donaldtrump', 'present', 'youtube', 'trumps', 'solid', 'challenge', 'upon', 'theory']","['best video ive seen on president trumps tariff strategy and global trade history to date solid  on bretton woods the neoliberal order and our present predicament\n\n', 'why president trumps tariff strategy is so important rumble video\n', 'video lawrence odonnell destroys trumps tariff flipflop donaldtrump\n']"
210,11,210_iran_closing_strength_oil,"['iran', 'closing', 'strength', 'oil', 'china', 'fucked', 'nuclear', 'serious', 'forced', 'started']","[' yes part  trump strength with reality to show that noone wins but we cannot let iran have nuclear iran cannot win show strength to get them to the table peace through strength china and russia joining complicates things add tariff debate put pressure on chinarussia', 'trump calling on china to stop iran from closing strait of hormuzto me he is basically giving china back the power they lose during the tariff war and that even if iran will accept the best thing he would have done is not by siding on one side during this war', 'china got trump from his balls \n\ntrump calls on china to prevent iran from closing the strait of hormuz and disrupting global oil flows trump started a tariff war with china and is now begging them to stop iran']"
211,11,211_covid_pandemic_course_supported,"['covid', 'pandemic', 'course', 'supported', 'reckless', 'related', 'plus', 'times', 'cause', 'far']","['   except bidens administration didnt cause the covid pandemic\n\nhowever trumps administration did cause the tariff war', '  covid was a global pandemic and no one knew what to do at the time\n\nfaucci certainly did not know what to do \n\nthis tariff problem is selfinflicted and he can stop it at any time \n\npresident trump needs permission from maga to change course', 'tariff shock is covid plus plus no wonder bosses are tempted to view it as akin to the pandemic if only the consequences for american big business of mr trumps tradewarmongering are likely to be far more profoundand enduring\n']"
212,11,212_tds_suffering_suffer_chair,"['tds', 'suffering', 'suffer', 'chair', 'scott', 'presidents', 'weak', 'fed', 'bessent', 'many']","[' actually tariff derangement syndrome is what the entire trump administration is suffering from because you all bought into his madness see definition of tds below ', ' tds tariff deranged syndrome ll is the chair   is not an economist so relies on staff team  and other fed presidents how many are woke and tds trump deranged time for those who favor lower rates to be more precise and not give free pass to other fed presidents it is', ' is this trump derangement syndrom tariff derangement syndrom or both \n\nis tds the precursor to wmv like hiv is to aids']"
213,11,213_de_small_exemption_shipments,"['de', 'small', 'exemption', 'shipments', 'exporters', 'spike', 'customs', 'value', 'came', 'last']","['us slashes de minimis tariff on small china parcels to as low as  \n \n', 'us slashes de minimis tariff on small china parcels to as low as  ', 'us slashes de minimis tariff on small china parcels to   fashionnetwork ']"
214,10,214_grok_trillion_estimated_largely,"['grok', 'trillion', 'estimated', 'largely', 'surprised', 'fully', 'loss', 'revenues', 'doesnt', 'elon']","[' according to grok tariff revenues under trumps  policies estimated at  trillion over  could largely or fully mitigate the  trillion revenue loss from the obbbas tax cuts im surprised elon doesnt understand trumps well publicized plan to cut', ' according to grok tariff revenues under trumps  policies estimated at  trillion over  could largely or fully mitigate the  trillion revenue loss from the obbbas tax cuts im surprised elon doesnt understand trumps well publicized plan to cut', '   wow lets see what grok says according to grok tariff revenues under trumps  policies estimated at  trillion over  could largely or fully mitigate the  trillion revenue loss from the obbbas tax cuts im surprised elon doesnt understand']"
215,10,215_deficit_record_fiscal_gap,"['deficit', 'record', 'fiscal', 'gap', 'budget', 'gdp', 'youtube', 'hits', 'pressure', 'posts']","['us budget deficit hit b in may the third largest ever over the past  months the deficit soared to  trillion despite record tariff revenues fiscal pressure is mounting fast \n\nbudgetdeficit usdebt fiscalpressure economy finance moneymatters ', 'just in us posts b may deficit thirdlargest ever as month budget gap hits t despite record tariff revenue\n\nfiscal pressure is rapidly mounting\n\nread more \n\nnews  markets  youtube ', 'just in us posts b may deficit thirdlargest ever as month budget gap hits t despite record tariff revenue\n\nfiscal pressure is rapidly mounting\n\nread more \n\nnews  markets  youtube ']"
216,10,216_car_giant_japanese_moves,"['car', 'giant', 'japanese', 'moves', 'blow', 'massive', 'manufacturing', 'out', 'japan', 'build']","['so much winning \n\nmassive blow to trump as japanese car giant moves manufacturing out of us in tariff twist ', 'massive blow to trump as japanese car giant subaru moves production out of us ', 'massive blow to trump as japanese car giant moves manufacturing out of us in tariff twist\n\n\n']"
217,10,217_deadline_july_european_june,"['deadline', 'july', 'european', 'june', 'union', 'extension', 'request', 'following', 'extending', 'agreed']","['trump extends  tariff deadline on eu to july ', 'erratic indecisive incompetent \n\npresident trump said he was extending the deadline to impose a  percent tariff on the european union to july  from june  following a request from the president of the european commission\n \n', ' via \n\npresident trump said he was extending the deadline to impose a  percent tariff on the european union to july  from june  following a request from ursula von der leyen']"
218,10,218_till_headlines_earnings_trading,"['till', 'headlines', 'earnings', 'trading', 'news', 'half', 'worst', 'see', 'behind', 'comes']","[' days in a row green on sp  euphoria articles in the wsj no good trade deals tariff uncertainty as high as ever severe decrease in ships coming from china to us ports ceos crying on earnings calls nothing to see here folks  nq es trading fvg ifvg ', 'i think the worst of the tariff news is behind us trump caved now we can focus on the economy which is not in a good shape q amp q are affected by tariff related inventory stockpiling we may have to wait till lateq to really see where economy is headed', 'the worst of the tariff headlines are behind us and have been for several weeks the market will react extremely well on positive headlines while any negative tariff headline will recover a down move quickly \n\nthe tariff trade on the short side is over they were great trades']"
219,10,219_mexico_canada_troops_tactic,"['mexico', 'canada', 'troops', 'tactic', 'usa', 'nice', 'guys', 'immediately', 'side', 'border']","['is coming from canada see mexico took trump seriously amp put k troops on their side of borderamp have shut down a bunch of labs amp with k us troops on our side of border have border locked down u guys r doing squatampbet mexico will get tariff relief bu guys canada is becoming', ' trumps unhinged tariff policies that are arguably unconstitutional did show us that mexico is a better ally than canada because canada immediately retaliated against the usa while mexico waited out the storm ', 'congressman jake auchincloss usa canada europe trump mexico tariff  via ']"
220,10,220_she_garbage_predicted_relations,"['she', 'garbage', 'predicted', 'relations', 'was', 'her', 'following', 'would', 'office', 'stuff']","['  i bet you also predicted kamala amp hilary would win too huh hmm\n\ni can predict the future too the first tariff agreement will be announced in a week with many others quickly following china following by dec us will save billions amp dems will rant amp rave  about something new', ' meanwhile\n\nthis is the current vp sitting for an interview blaming biden for the trump tariff effect\n\nyes his answer is garbage but if kamala had been visible like this while in office it may have gotten her the extra  she needed to win in \n', ' so kamala was gonna tariff the entire planet crash the stock market make asbestos legal again sell federal public land for chump change make doge that was a waste of time cut medicare cut school funding send marines to la and get us involved in iran\n\nwow so similar']"
